2025-08-18 21:04:31,260 INFO  Logger.cs: 70 - 
--------------------------------------------------------------------------------
2025-08-18 21:04:31,328 INFO  Logger.cs: 71 - Logging commencing for SW2URDF exporter
2025-08-18 21:04:31,328 INFO  Logger.cs: 73 - Commit version 1.6.0-4-g7f85cfe
2025-08-18 21:04:31,329 INFO  Logger.cs: 74 - Build version 1.6.7995.38578
2025-08-18 21:04:31,339 INFO  SwAddin.cs: 192 - Attempting to connect to SW
2025-08-18 21:04:31,340 INFO  SwAddin.cs: 197 - Setting up callbacks
2025-08-18 21:04:31,341 INFO  SwAddin.cs: 201 - Setting up command manager
2025-08-18 21:04:31,341 INFO  SwAddin.cs: 204 - Adding command manager
2025-08-18 21:04:31,345 INFO  SwAddin.cs: 263 - Adding Assembly export to file menu
2025-08-18 21:04:31,346 INFO  SwAddin.cs: 272 - Adding Part export to file menu
2025-08-18 21:04:31,346 INFO  SwAddin.cs: 210 - Adding event handlers
2025-08-18 21:04:31,395 INFO  SwAddin.cs: 217 - Connecting plugin to SolidWorks
2025-08-18 21:08:23,258 INFO  SwAddin.cs: 294 - Assembly export called for file assembly V1.SLDASM
2025-08-18 21:08:31,207 INFO  SwAddin.cs: 313 - Saving assembly
2025-08-18 21:08:32,097 INFO  SwAddin.cs: 316 - Opening property manager
2025-08-18 21:08:32,108 INFO  ExportHelperExtension.cs: 1125 - Retrieving features of type [CoordSys] from assembly V1.SLDASM
2025-08-18 21:08:32,112 INFO  ExportHelperExtension.cs: 1136 - Found 126 in assembly V1.SLDASM
2025-08-18 21:08:32,113 INFO  ExportHelperExtension.cs: 1145 - Found 8 features of type [CoordSys] in assembly V1.SLDASM
2025-08-18 21:08:32,113 INFO  ExportHelperExtension.cs: 1148 - Proceeding through assembly components
2025-08-18 21:08:32,114 INFO  ExportHelperExtension.cs: 1160 - 23 components to check
2025-08-18 21:08:32,115 INFO  ExportHelperExtension.cs: 1125 - Retrieving features of type [CoordSys] from kick system assembly-1
2025-08-18 21:08:32,115 INFO  ExportHelperExtension.cs: 1136 - Found 45 in kick system assembly-1
2025-08-18 21:08:32,116 INFO  ExportHelperExtension.cs: 1145 - Found 0 features of type [CoordSys] in kick system assembly-1
2025-08-18 21:08:32,116 INFO  ExportHelperExtension.cs: 1125 - Retrieving features of type [CoordSys] from baseplate-1
2025-08-18 21:08:32,116 INFO  ExportHelperExtension.cs: 1136 - Found 90 in baseplate-1
2025-08-18 21:08:32,117 INFO  ExportHelperExtension.cs: 1145 - Found 0 features of type [CoordSys] in baseplate-1
2025-08-18 21:08:32,117 INFO  ExportHelperExtension.cs: 1125 - Retrieving features of type [CoordSys] from mouth assembly-1
2025-08-18 21:08:32,117 INFO  ExportHelperExtension.cs: 1136 - Found 101 in mouth assembly-1
2025-08-18 21:08:32,118 INFO  ExportHelperExtension.cs: 1145 - Found 0 features of type [CoordSys] in mouth assembly-1
2025-08-18 21:08:32,118 INFO  ExportHelperExtension.cs: 1125 - Retrieving features of type [CoordSys] from upperplate - copyed-1
2025-08-18 21:08:32,118 INFO  ExportHelperExtension.cs: 1136 - Found 101 in upperplate - copyed-1
2025-08-18 21:08:32,119 INFO  ExportHelperExtension.cs: 1145 - Found 0 features of type [CoordSys] in upperplate - copyed-1
2025-08-18 21:08:32,119 INFO  ExportHelperExtension.cs: 1125 - Retrieving features of type [CoordSys] from capalicity support-1
2025-08-18 21:08:32,119 INFO  ExportHelperExtension.cs: 1136 - Found 42 in capalicity support-1
2025-08-18 21:08:32,120 INFO  ExportHelperExtension.cs: 1145 - Found 0 features of type [CoordSys] in capalicity support-1
2025-08-18 21:08:32,120 INFO  ExportHelperExtension.cs: 1125 - Retrieving features of type [CoordSys] from downstrut-3
2025-08-18 21:08:32,120 INFO  ExportHelperExtension.cs: 1136 - Found 36 in downstrut-3
2025-08-18 21:08:32,120 INFO  ExportHelperExtension.cs: 1145 - Found 0 features of type [CoordSys] in downstrut-3
2025-08-18 21:08:32,121 INFO  ExportHelperExtension.cs: 1125 - Retrieving features of type [CoordSys] from downstrut-2
2025-08-18 21:08:32,121 INFO  ExportHelperExtension.cs: 1136 - Found 36 in downstrut-2
2025-08-18 21:08:32,121 INFO  ExportHelperExtension.cs: 1145 - Found 0 features of type [CoordSys] in downstrut-2
2025-08-18 21:08:32,121 INFO  ExportHelperExtension.cs: 1125 - Retrieving features of type [CoordSys] from battery cover-1
2025-08-18 21:08:32,122 INFO  ExportHelperExtension.cs: 1136 - Found 65 in battery cover-1
2025-08-18 21:08:32,122 INFO  ExportHelperExtension.cs: 1145 - Found 0 features of type [CoordSys] in battery cover-1
2025-08-18 21:08:32,122 INFO  ExportHelperExtension.cs: 1125 - Retrieving features of type [CoordSys] from motor assembly-4
2025-08-18 21:08:32,123 INFO  ExportHelperExtension.cs: 1136 - Found 41 in motor assembly-4
2025-08-18 21:08:32,123 INFO  ExportHelperExtension.cs: 1145 - Found 0 features of type [CoordSys] in motor assembly-4
2025-08-18 21:08:32,123 INFO  ExportHelperExtension.cs: 1125 - Retrieving features of type [CoordSys] from downstrut-1
2025-08-18 21:08:32,123 INFO  ExportHelperExtension.cs: 1136 - Found 36 in downstrut-1
2025-08-18 21:08:32,124 INFO  ExportHelperExtension.cs: 1145 - Found 0 features of type [CoordSys] in downstrut-1
2025-08-18 21:08:32,124 INFO  ExportHelperExtension.cs: 1125 - Retrieving features of type [CoordSys] from downstrut-5
2025-08-18 21:08:32,124 INFO  ExportHelperExtension.cs: 1136 - Found 36 in downstrut-5
2025-08-18 21:08:32,124 INFO  ExportHelperExtension.cs: 1145 - Found 0 features of type [CoordSys] in downstrut-5
2025-08-18 21:08:32,125 INFO  ExportHelperExtension.cs: 1125 - Retrieving features of type [CoordSys] from motor assembly-3
2025-08-18 21:08:32,125 INFO  ExportHelperExtension.cs: 1136 - Found 41 in motor assembly-3
2025-08-18 21:08:32,125 INFO  ExportHelperExtension.cs: 1145 - Found 0 features of type [CoordSys] in motor assembly-3
2025-08-18 21:08:32,125 INFO  ExportHelperExtension.cs: 1125 - Retrieving features of type [CoordSys] from motor assembly mirror-2
2025-08-18 21:08:32,126 INFO  ExportHelperExtension.cs: 1136 - Found 41 in motor assembly mirror-2
2025-08-18 21:08:32,126 INFO  ExportHelperExtension.cs: 1145 - Found 0 features of type [CoordSys] in motor assembly mirror-2
2025-08-18 21:08:32,126 INFO  ExportHelperExtension.cs: 1125 - Retrieving features of type [CoordSys] from motor assembly mirror-3
2025-08-18 21:08:32,141 INFO  ExportHelperExtension.cs: 1136 - Found 41 in motor assembly mirror-3
2025-08-18 21:08:32,142 INFO  ExportHelperExtension.cs: 1145 - Found 0 features of type [CoordSys] in motor assembly mirror-3
2025-08-18 21:08:32,142 INFO  ExportHelperExtension.cs: 1125 - Retrieving features of type [CoordSys] from downstrut-4
2025-08-18 21:08:32,142 INFO  ExportHelperExtension.cs: 1136 - Found 36 in downstrut-4
2025-08-18 21:08:32,143 INFO  ExportHelperExtension.cs: 1145 - Found 0 features of type [CoordSys] in downstrut-4
2025-08-18 21:08:32,143 INFO  ExportHelperExtension.cs: 1125 - Retrieving features of type [CoordSys] from downstrut-6
2025-08-18 21:08:32,143 INFO  ExportHelperExtension.cs: 1136 - Found 36 in downstrut-6
2025-08-18 21:08:32,143 INFO  ExportHelperExtension.cs: 1145 - Found 0 features of type [CoordSys] in downstrut-6
2025-08-18 21:08:32,144 INFO  ExportHelperExtension.cs: 1125 - Retrieving features of type [CoordSys] from wheel assembly-2
2025-08-18 21:08:32,144 INFO  ExportHelperExtension.cs: 1136 - Found 96 in wheel assembly-2
2025-08-18 21:08:32,145 INFO  ExportHelperExtension.cs: 1145 - Found 0 features of type [CoordSys] in wheel assembly-2
2025-08-18 21:08:32,145 INFO  ExportHelperExtension.cs: 1125 - Retrieving features of type [CoordSys] from wheel assembly-4
2025-08-18 21:08:32,146 INFO  ExportHelperExtension.cs: 1136 - Found 96 in wheel assembly-4
2025-08-18 21:08:32,146 INFO  ExportHelperExtension.cs: 1145 - Found 0 features of type [CoordSys] in wheel assembly-4
2025-08-18 21:08:32,146 INFO  ExportHelperExtension.cs: 1125 - Retrieving features of type [CoordSys] from capalicity support-2
2025-08-18 21:08:32,146 INFO  ExportHelperExtension.cs: 1136 - Found 42 in capalicity support-2
2025-08-18 21:08:32,147 INFO  ExportHelperExtension.cs: 1145 - Found 0 features of type [CoordSys] in capalicity support-2
2025-08-18 21:08:32,147 INFO  ExportHelperExtension.cs: 1125 - Retrieving features of type [CoordSys] from wheel assembly-1
2025-08-18 21:08:32,147 INFO  ExportHelperExtension.cs: 1136 - Found 96 in wheel assembly-1
2025-08-18 21:08:32,147 INFO  ExportHelperExtension.cs: 1145 - Found 0 features of type [CoordSys] in wheel assembly-1
2025-08-18 21:08:32,147 INFO  ExportHelperExtension.cs: 1125 - Retrieving features of type [CoordSys] from upperstrut-2
2025-08-18 21:08:32,148 INFO  ExportHelperExtension.cs: 1136 - Found 32 in upperstrut-2
2025-08-18 21:08:32,148 INFO  ExportHelperExtension.cs: 1145 - Found 0 features of type [CoordSys] in upperstrut-2
2025-08-18 21:08:32,148 INFO  ExportHelperExtension.cs: 1125 - Retrieving features of type [CoordSys] from upperstrut-1
2025-08-18 21:08:32,148 INFO  ExportHelperExtension.cs: 1136 - Found 32 in upperstrut-1
2025-08-18 21:08:32,149 INFO  ExportHelperExtension.cs: 1145 - Found 0 features of type [CoordSys] in upperstrut-1
2025-08-18 21:08:32,149 INFO  ExportHelperExtension.cs: 1125 - Retrieving features of type [CoordSys] from wheel assembly-3
2025-08-18 21:08:32,150 INFO  ExportHelperExtension.cs: 1136 - Found 96 in wheel assembly-3
2025-08-18 21:08:32,150 INFO  ExportHelperExtension.cs: 1145 - Found 0 features of type [CoordSys] in wheel assembly-3
2025-08-18 21:08:32,150 INFO  ExportHelperExtension.cs: 1125 - Retrieving features of type [RefAxis] from assembly V1.SLDASM
2025-08-18 21:08:32,150 INFO  ExportHelperExtension.cs: 1136 - Found 126 in assembly V1.SLDASM
2025-08-18 21:08:32,151 INFO  ExportHelperExtension.cs: 1145 - Found 6 features of type [RefAxis] in assembly V1.SLDASM
2025-08-18 21:08:32,151 INFO  ExportHelperExtension.cs: 1148 - Proceeding through assembly components
2025-08-18 21:08:32,151 INFO  ExportHelperExtension.cs: 1160 - 23 components to check
2025-08-18 21:08:32,152 INFO  ExportHelperExtension.cs: 1125 - Retrieving features of type [RefAxis] from kick system assembly-1
2025-08-18 21:08:32,152 INFO  ExportHelperExtension.cs: 1136 - Found 45 in kick system assembly-1
2025-08-18 21:08:32,152 INFO  ExportHelperExtension.cs: 1145 - Found 0 features of type [RefAxis] in kick system assembly-1
2025-08-18 21:08:32,152 INFO  ExportHelperExtension.cs: 1125 - Retrieving features of type [RefAxis] from baseplate-1
2025-08-18 21:08:32,153 INFO  ExportHelperExtension.cs: 1136 - Found 90 in baseplate-1
2025-08-18 21:08:32,153 INFO  ExportHelperExtension.cs: 1145 - Found 0 features of type [RefAxis] in baseplate-1
2025-08-18 21:08:32,153 INFO  ExportHelperExtension.cs: 1125 - Retrieving features of type [RefAxis] from mouth assembly-1
2025-08-18 21:08:32,154 INFO  ExportHelperExtension.cs: 1136 - Found 101 in mouth assembly-1
2025-08-18 21:08:32,154 INFO  ExportHelperExtension.cs: 1145 - Found 0 features of type [RefAxis] in mouth assembly-1
2025-08-18 21:08:32,154 INFO  ExportHelperExtension.cs: 1125 - Retrieving features of type [RefAxis] from upperplate - copyed-1
2025-08-18 21:08:32,154 INFO  ExportHelperExtension.cs: 1136 - Found 101 in upperplate - copyed-1
2025-08-18 21:08:32,155 INFO  ExportHelperExtension.cs: 1145 - Found 0 features of type [RefAxis] in upperplate - copyed-1
2025-08-18 21:08:32,155 INFO  ExportHelperExtension.cs: 1125 - Retrieving features of type [RefAxis] from capalicity support-1
2025-08-18 21:08:32,156 INFO  ExportHelperExtension.cs: 1136 - Found 42 in capalicity support-1
2025-08-18 21:08:32,156 INFO  ExportHelperExtension.cs: 1145 - Found 0 features of type [RefAxis] in capalicity support-1
2025-08-18 21:08:32,156 INFO  ExportHelperExtension.cs: 1125 - Retrieving features of type [RefAxis] from downstrut-3
2025-08-18 21:08:32,156 INFO  ExportHelperExtension.cs: 1136 - Found 36 in downstrut-3
2025-08-18 21:08:32,157 INFO  ExportHelperExtension.cs: 1145 - Found 0 features of type [RefAxis] in downstrut-3
2025-08-18 21:08:32,157 INFO  ExportHelperExtension.cs: 1125 - Retrieving features of type [RefAxis] from downstrut-2
2025-08-18 21:08:32,157 INFO  ExportHelperExtension.cs: 1136 - Found 36 in downstrut-2
2025-08-18 21:08:32,157 INFO  ExportHelperExtension.cs: 1145 - Found 0 features of type [RefAxis] in downstrut-2
2025-08-18 21:08:32,158 INFO  ExportHelperExtension.cs: 1125 - Retrieving features of type [RefAxis] from battery cover-1
2025-08-18 21:08:32,158 INFO  ExportHelperExtension.cs: 1136 - Found 65 in battery cover-1
2025-08-18 21:08:32,158 INFO  ExportHelperExtension.cs: 1145 - Found 0 features of type [RefAxis] in battery cover-1
2025-08-18 21:08:32,158 INFO  ExportHelperExtension.cs: 1125 - Retrieving features of type [RefAxis] from motor assembly-4
2025-08-18 21:08:32,158 INFO  ExportHelperExtension.cs: 1136 - Found 41 in motor assembly-4
2025-08-18 21:08:32,159 INFO  ExportHelperExtension.cs: 1145 - Found 0 features of type [RefAxis] in motor assembly-4
2025-08-18 21:08:32,159 INFO  ExportHelperExtension.cs: 1125 - Retrieving features of type [RefAxis] from downstrut-1
2025-08-18 21:08:32,159 INFO  ExportHelperExtension.cs: 1136 - Found 36 in downstrut-1
2025-08-18 21:08:32,159 INFO  ExportHelperExtension.cs: 1145 - Found 0 features of type [RefAxis] in downstrut-1
2025-08-18 21:08:32,159 INFO  ExportHelperExtension.cs: 1125 - Retrieving features of type [RefAxis] from downstrut-5
2025-08-18 21:08:32,160 INFO  ExportHelperExtension.cs: 1136 - Found 36 in downstrut-5
2025-08-18 21:08:32,160 INFO  ExportHelperExtension.cs: 1145 - Found 0 features of type [RefAxis] in downstrut-5
2025-08-18 21:08:32,160 INFO  ExportHelperExtension.cs: 1125 - Retrieving features of type [RefAxis] from motor assembly-3
2025-08-18 21:08:32,160 INFO  ExportHelperExtension.cs: 1136 - Found 41 in motor assembly-3
2025-08-18 21:08:32,161 INFO  ExportHelperExtension.cs: 1145 - Found 0 features of type [RefAxis] in motor assembly-3
2025-08-18 21:08:32,161 INFO  ExportHelperExtension.cs: 1125 - Retrieving features of type [RefAxis] from motor assembly mirror-2
2025-08-18 21:08:32,161 INFO  ExportHelperExtension.cs: 1136 - Found 41 in motor assembly mirror-2
2025-08-18 21:08:32,161 INFO  ExportHelperExtension.cs: 1145 - Found 0 features of type [RefAxis] in motor assembly mirror-2
2025-08-18 21:08:32,162 INFO  ExportHelperExtension.cs: 1125 - Retrieving features of type [RefAxis] from motor assembly mirror-3
2025-08-18 21:08:32,162 INFO  ExportHelperExtension.cs: 1136 - Found 41 in motor assembly mirror-3
2025-08-18 21:08:32,162 INFO  ExportHelperExtension.cs: 1145 - Found 0 features of type [RefAxis] in motor assembly mirror-3
2025-08-18 21:08:32,162 INFO  ExportHelperExtension.cs: 1125 - Retrieving features of type [RefAxis] from downstrut-4
2025-08-18 21:08:32,162 INFO  ExportHelperExtension.cs: 1136 - Found 36 in downstrut-4
2025-08-18 21:08:32,163 INFO  ExportHelperExtension.cs: 1145 - Found 0 features of type [RefAxis] in downstrut-4
2025-08-18 21:08:32,163 INFO  ExportHelperExtension.cs: 1125 - Retrieving features of type [RefAxis] from downstrut-6
2025-08-18 21:08:32,163 INFO  ExportHelperExtension.cs: 1136 - Found 36 in downstrut-6
2025-08-18 21:08:32,163 INFO  ExportHelperExtension.cs: 1145 - Found 0 features of type [RefAxis] in downstrut-6
2025-08-18 21:08:32,163 INFO  ExportHelperExtension.cs: 1125 - Retrieving features of type [RefAxis] from wheel assembly-2
2025-08-18 21:08:32,164 INFO  ExportHelperExtension.cs: 1136 - Found 96 in wheel assembly-2
2025-08-18 21:08:32,164 INFO  ExportHelperExtension.cs: 1145 - Found 0 features of type [RefAxis] in wheel assembly-2
2025-08-18 21:08:32,164 INFO  ExportHelperExtension.cs: 1125 - Retrieving features of type [RefAxis] from wheel assembly-4
2025-08-18 21:08:32,164 INFO  ExportHelperExtension.cs: 1136 - Found 96 in wheel assembly-4
2025-08-18 21:08:32,165 INFO  ExportHelperExtension.cs: 1145 - Found 0 features of type [RefAxis] in wheel assembly-4
2025-08-18 21:08:32,165 INFO  ExportHelperExtension.cs: 1125 - Retrieving features of type [RefAxis] from capalicity support-2
2025-08-18 21:08:32,165 INFO  ExportHelperExtension.cs: 1136 - Found 42 in capalicity support-2
2025-08-18 21:08:32,166 INFO  ExportHelperExtension.cs: 1145 - Found 0 features of type [RefAxis] in capalicity support-2
2025-08-18 21:08:32,166 INFO  ExportHelperExtension.cs: 1125 - Retrieving features of type [RefAxis] from wheel assembly-1
2025-08-18 21:08:32,167 INFO  ExportHelperExtension.cs: 1136 - Found 96 in wheel assembly-1
2025-08-18 21:08:32,167 INFO  ExportHelperExtension.cs: 1145 - Found 0 features of type [RefAxis] in wheel assembly-1
2025-08-18 21:08:32,167 INFO  ExportHelperExtension.cs: 1125 - Retrieving features of type [RefAxis] from upperstrut-2
2025-08-18 21:08:32,167 INFO  ExportHelperExtension.cs: 1136 - Found 32 in upperstrut-2
2025-08-18 21:08:32,168 INFO  ExportHelperExtension.cs: 1145 - Found 0 features of type [RefAxis] in upperstrut-2
2025-08-18 21:08:32,168 INFO  ExportHelperExtension.cs: 1125 - Retrieving features of type [RefAxis] from upperstrut-1
2025-08-18 21:08:32,168 INFO  ExportHelperExtension.cs: 1136 - Found 32 in upperstrut-1
2025-08-18 21:08:32,168 INFO  ExportHelperExtension.cs: 1145 - Found 0 features of type [RefAxis] in upperstrut-1
2025-08-18 21:08:32,168 INFO  ExportHelperExtension.cs: 1125 - Retrieving features of type [RefAxis] from wheel assembly-3
2025-08-18 21:08:32,169 INFO  ExportHelperExtension.cs: 1136 - Found 96 in wheel assembly-3
2025-08-18 21:08:32,169 INFO  ExportHelperExtension.cs: 1145 - Found 0 features of type [RefAxis] in wheel assembly-3
2025-08-18 21:08:32,436 INFO  SwAddin.cs: 339 - Loading config tree
2025-08-18 21:08:32,444 INFO  ConfigurationSerialization.cs: 276 - URDF Configuration found
<Link z:Id="i1" xmlns="http://schemas.datacontract.org/2004/07/SW2URDF" xmlns:i="http://www.w3.org/2001/XMLSchema-instance" xmlns:z="http://schemas.microsoft.com/2003/10/Serialization/"><Attributes><Attribute z:Id="i2"><AttributeType>name</AttributeType><IsRequired>true</IsRequired><Value i:type="a:string" xmlns:a="http://www.w3.org/2001/XMLSchema">base_Link</Value></Attribute></Attributes><ChildElements><URDFElement z:Id="i3" i:type="Inertial"><Attributes/><ChildElements><URDFElement z:Id="i4" i:type="Origin"><Attributes><Attribute z:Id="i5"><AttributeType>xyz</AttributeType><IsRequired>true</IsRequired><Value i:type="a:ArrayOfdouble" xmlns:a="http://schemas.microsoft.com/2003/10/Serialization/Arrays"><a:double>0.0018334</a:double><a:double>-0.0042155</a:double><a:double>0.20822</a:double></Value></Attribute><Attribute z:Id="i6"><AttributeType>rpy</AttributeType><IsRequired>true</IsRequired><Value i:type="a:ArrayOfdouble" xmlns:a="http://schemas.microsoft.com/2003/10/Serialization/Arrays"><a:double>0</a:double><a:double>0</a:double><a:double>0</a:double></Value></Attribute></Attributes><ChildElements/><ElementName>origin</ElementName><required>false</required><RPYAttribute z:Ref="i6"/><XYZAttribute z:Ref="i5"/><isCustomized>false</isCustomized></URDFElement><URDFElement z:Id="i7" i:type="Mass"><Attributes><Attribute z:Id="i8"><AttributeType>value</AttributeType><IsRequired>true</IsRequired><Value i:type="a:double" xmlns:a="http://www.w3.org/2001/XMLSchema">0.57022</Value></Attribute></Attributes><ChildElements/><ElementName>mass</ElementName><required>false</required><ValueAttribute z:Ref="i8"/></URDFElement><URDFElement z:Id="i9" i:type="Inertia"><Attributes><Attribute z:Id="i10"><AttributeType>ixx</AttributeType><IsRequired>true</IsRequired><Value i:type="a:double" xmlns:a="http://www.w3.org/2001/XMLSchema">0.00030247</Value></Attribute><Attribute z:Id="i11"><AttributeType>ixy</AttributeType><IsRequired>true</IsRequired><Value i:type="a:double" xmlns:a="http://www.w3.org/2001/XMLSchema">-1.4512E-08</Value></Attribute><Attribute z:Id="i12"><AttributeType>ixz</AttributeType><IsRequired>true</IsRequired><Value i:type="a:double" xmlns:a="http://www.w3.org/2001/XMLSchema">-1.4229E-11</Value></Attribute><Attribute z:Id="i13"><AttributeType>iyy</AttributeType><IsRequired>true</IsRequired><Value i:type="a:double" xmlns:a="http://www.w3.org/2001/XMLSchema">0.00032529</Value></Attribute><Attribute z:Id="i14"><AttributeType>iyz</AttributeType><IsRequired>true</IsRequired><Value i:type="a:double" xmlns:a="http://www.w3.org/2001/XMLSchema">5.6387E-07</Value></Attribute><Attribute z:Id="i15"><AttributeType>izz</AttributeType><IsRequired>true</IsRequired><Value i:type="a:double" xmlns:a="http://www.w3.org/2001/XMLSchema">0.00055201</Value></Attribute></Attributes><ChildElements/><ElementName>inertia</ElementName><required>false</required><IxxAttribute z:Ref="i10"/><IxyAttribute z:Ref="i11"/><IxzAttribute z:Ref="i12"/><IyyAttribute z:Ref="i13"/><IyzAttribute z:Ref="i14"/><IzzAttribute z:Ref="i15"/></URDFElement></ChildElements><ElementName>inertial</ElementName><required>false</required><Inertia z:Ref="i9"/><Mass z:Ref="i7"/><Origin z:Ref="i4"/></URDFElement><URDFElement z:Id="i16" i:type="Visual"><Attributes/><ChildElements><URDFElement z:Id="i17" i:type="Origin"><Attributes><Attribute z:Id="i18"><AttributeType>xyz</AttributeType><IsRequired>true</IsRequired><Value i:type="a:ArrayOfdouble" xmlns:a="http://schemas.microsoft.com/2003/10/Serialization/Arrays"><a:double>0</a:double><a:double>0</a:double><a:double>0</a:double></Value></Attribute><Attribute z:Id="i19"><AttributeType>rpy</AttributeType><IsRequired>true</IsRequired><Value i:type="a:ArrayOfdouble" xmlns:a="http://schemas.microsoft.com/2003/10/Serialization/Arrays"><a:double>0</a:double><a:double>0</a:double><a:double>0</a:double></Value></Attribute></Attributes><ChildElements/><ElementName>origin</ElementName><required>false</required><RPYAttribute z:Ref="i19"/><XYZAttribute z:Ref="i18"/><isCustomized>false</isCustomized></URDFElement><URDFElement z:Id="i20" i:type="Geometry"><Attributes/><ChildElements><URDFElement z:Id="i21" i:type="Mesh"><Attributes><Attribute z:Id="i22"><AttributeType>filename</AttributeType><IsRequired>true</IsRequired><Value i:nil="true"/></Attribute></Attributes><ChildElements/><ElementName>mesh</ElementName><required>false</required><FilenameAttribute z:Ref="i22"/></URDFElement></ChildElements><ElementName>geometry</ElementName><required>true</required><Mesh z:Ref="i21"/></URDFElement><URDFElement z:Id="i23" i:type="Material"><Attributes><Attribute z:Id="i24"><AttributeType>name</AttributeType><IsRequired>true</IsRequired><Value i:type="a:string" xmlns:a="http://www.w3.org/2001/XMLSchema"/></Attribute></Attributes><ChildElements><URDFElement z:Id="i25" i:type="Color"><Attributes><Attribute z:Id="i26"><AttributeType>rgba</AttributeType><IsRequired>true</IsRequired><Value i:type="a:ArrayOfdouble" xmlns:a="http://schemas.microsoft.com/2003/10/Serialization/Arrays"><a:double>1</a:double><a:double>1</a:double><a:double>1</a:double><a:double>1</a:double></Value></Attribute></Attributes><ChildElements/><ElementName>color</ElementName><required>false</required><RGBAAttribute z:Ref="i26"/></URDFElement><URDFElement z:Id="i27" i:type="Texture"><Attributes><Attribute z:Id="i28"><AttributeType>filename</AttributeType><IsRequired>true</IsRequired><Value i:nil="true"/></Attribute></Attributes><ChildElements/><ElementName>texture</ElementName><required>false</required><FilenameAttribute z:Ref="i28"/><wFilename/></URDFElement></ChildElements><ElementName>material</ElementName><required>false</required><Color z:Ref="i25"/><NameAttribute z:Ref="i24"/><Texture z:Ref="i27"/></URDFElement></ChildElements><ElementName>visual</ElementName><required>false</required><Geometry z:Ref="i20"/><Material z:Ref="i23"/><Origin z:Ref="i17"/></URDFElement><URDFElement z:Id="i29" i:type="Collision"><Attributes/><ChildElements><URDFElement z:Id="i30" i:type="Origin"><Attributes><Attribute z:Id="i31"><AttributeType>xyz</AttributeType><IsRequired>true</IsRequired><Value i:type="a:ArrayOfdouble" xmlns:a="http://schemas.microsoft.com/2003/10/Serialization/Arrays"><a:double>0</a:double><a:double>0</a:double><a:double>0</a:double></Value></Attribute><Attribute z:Id="i32"><AttributeType>rpy</AttributeType><IsRequired>true</IsRequired><Value i:type="a:ArrayOfdouble" xmlns:a="http://schemas.microsoft.com/2003/10/Serialization/Arrays"><a:double>0</a:double><a:double>0</a:double><a:double>0</a:double></Value></Attribute></Attributes><ChildElements/><ElementName>origin</ElementName><required>false</required><RPYAttribute z:Ref="i32"/><XYZAttribute z:Ref="i31"/><isCustomized>false</isCustomized></URDFElement><URDFElement z:Id="i33" i:type="Geometry"><Attributes/><ChildElements><URDFElement z:Id="i34" i:type="Mesh"><Attributes><Attribute z:Id="i35"><AttributeType>filename</AttributeType><IsRequired>true</IsRequired><Value i:nil="true"/></Attribute></Attributes><ChildElements/><ElementName>mesh</ElementName><required>false</required><FilenameAttribute z:Ref="i35"/></URDFElement></ChildElements><ElementName>geometry</ElementName><required>true</required><Mesh z:Ref="i34"/></URDFElement></ChildElements><ElementName>collision</ElementName><required>false</required><Geometry z:Ref="i33"/><Origin z:Ref="i30"/></URDFElement><URDFElement z:Id="i36" i:type="Joint"><Attributes><Attribute z:Id="i37"><AttributeType>name</AttributeType><IsRequired>true</IsRequired><Value i:type="a:string" xmlns:a="http://www.w3.org/2001/XMLSchema"/></Attribute><Attribute z:Id="i38"><AttributeType>type</AttributeType><IsRequired>true</IsRequired><Value i:type="a:string" xmlns:a="http://www.w3.org/2001/XMLSchema"/></Attribute></Attributes><ChildElements><URDFElement z:Id="i39" i:type="Origin"><Attributes><Attribute z:Id="i40"><AttributeType>xyz</AttributeType><IsRequired>true</IsRequired><Value i:type="a:ArrayOfdouble" xmlns:a="http://schemas.microsoft.com/2003/10/Serialization/Arrays"><a:double>0</a:double><a:double>0</a:double><a:double>0</a:double></Value></Attribute><Attribute z:Id="i41"><AttributeType>rpy</AttributeType><IsRequired>true</IsRequired><Value i:type="a:ArrayOfdouble" xmlns:a="http://schemas.microsoft.com/2003/10/Serialization/Arrays"><a:double>0</a:double><a:double>0</a:double><a:double>0</a:double></Value></Attribute></Attributes><ChildElements/><ElementName>origin</ElementName><required>false</required><RPYAttribute z:Ref="i41"/><XYZAttribute z:Ref="i40"/><isCustomized>false</isCustomized></URDFElement><URDFElement z:Id="i42" i:type="ParentLink"><Attributes><Attribute z:Id="i43"><AttributeType>link</AttributeType><IsRequired>true</IsRequired><Value i:type="a:string" xmlns:a="http://www.w3.org/2001/XMLSchema"/></Attribute></Attributes><ChildElements/><ElementName>parent</ElementName><required>true</required><NameAttribute z:Ref="i43"/></URDFElement><URDFElement z:Id="i44" i:type="ChildLink"><Attributes><Attribute z:Id="i45"><AttributeType>link</AttributeType><IsRequired>true</IsRequired><Value i:type="a:string" xmlns:a="http://www.w3.org/2001/XMLSchema"/></Attribute></Attributes><ChildElements/><ElementName>child</ElementName><required>true</required><NameAttribute z:Ref="i45"/></URDFElement><URDFElement z:Id="i46" i:type="Axis"><Attributes><Attribute z:Id="i47"><AttributeType>xyz</AttributeType><IsRequired>true</IsRequired><Value i:type="a:ArrayOfdouble" xmlns:a="http://schemas.microsoft.com/2003/10/Serialization/Arrays"><a:double>0</a:double><a:double>0</a:double><a:double>0</a:double></Value></Attribute></Attributes><ChildElements/><ElementName>axis</ElementName><required>false</required><XYZAttribute z:Ref="i47"/></URDFElement><URDFElement z:Id="i48" i:type="Limit"><Attributes><Attribute z:Id="i49"><AttributeType>lower</AttributeType><IsRequired>false</IsRequired><Value i:nil="true"/></Attribute><Attribute z:Id="i50"><AttributeType>upper</AttributeType><IsRequired>false</IsRequired><Value i:nil="true"/></Attribute><Attribute z:Id="i51"><AttributeType>effort</AttributeType><IsRequired>true</IsRequired><Value i:nil="true"/></Attribute><Attribute z:Id="i52"><AttributeType>velocity</AttributeType><IsRequired>true</IsRequired><Value i:nil="true"/></Attribute></Attributes><ChildElements/><ElementName>limit</ElementName><required>false</required><EffortAttribute z:Ref="i51"/><LowerAttribute z:Ref="i49"/><UpperAttribute z:Ref="i50"/><VelocityAttribute z:Ref="i52"/></URDFElement><URDFElement z:Id="i53" i:type="Calibration"><Attributes><Attribute z:Id="i54"><AttributeType>rising</AttributeType><IsRequired>false</IsRequired><Value i:nil="true"/></Attribute><Attribute z:Id="i55"><AttributeType>falling</AttributeType><IsRequired>false</IsRequired><Value i:nil="true"/></Attribute></Attributes><ChildElements/><ElementName>calibration</ElementName><required>false</required><FallingAttribute z:Ref="i55"/><RisingAttribute z:Ref="i54"/></URDFElement><URDFElement z:Id="i56" i:type="Dynamics"><Attributes><Attribute z:Id="i57"><AttributeType>damping</AttributeType><IsRequired>false</IsRequired><Value i:nil="true"/></Attribute><Attribute z:Id="i58"><AttributeType>friction</AttributeType><IsRequired>false</IsRequired><Value i:nil="true"/></Attribute></Attributes><ChildElements/><ElementName>dynamics</ElementName><required>false</required><DampingAttribute z:Ref="i57"/><FrictionAttribute z:Ref="i58"/></URDFElement><URDFElement z:Id="i59" i:type="SafetyController"><Attributes><Attribute z:Id="i60"><AttributeType>soft_upper_limit</AttributeType><IsRequired>false</IsRequired><Value i:nil="true"/></Attribute><Attribute z:Id="i61"><AttributeType>soft_lower_limit</AttributeType><IsRequired>false</IsRequired><Value i:nil="true"/></Attribute><Attribute z:Id="i62"><AttributeType>k_position</AttributeType><IsRequired>false</IsRequired><Value i:nil="true"/></Attribute><Attribute z:Id="i63"><AttributeType>k_velocity</AttributeType><IsRequired>true</IsRequired><Value i:nil="true"/></Attribute></Attributes><ChildElements/><ElementName>safety_controller</ElementName><required>false</required><KPositionAttribute z:Ref="i62"/><KVelocityAttribute z:Ref="i63"/><SoftLowerAttribute z:Ref="i61"/><SoftUpperAttribute z:Ref="i60"/></URDFElement><URDFElement z:Id="i64" i:type="Mimic"><Attributes><Attribute z:Id="i65"><AttributeType>joint</AttributeType><IsRequired>true</IsRequired><Value i:nil="true"/></Attribute><Attribute z:Id="i66"><AttributeType>multiplier</AttributeType><IsRequired>false</IsRequired><Value i:nil="true"/></Attribute><Attribute z:Id="i67"><AttributeType>offset</AttributeType><IsRequired>false</IsRequired><Value i:nil="true"/></Attribute></Attributes><ChildElements/><ElementName>mimic</ElementName><required>false</required><JointNameAttribute z:Ref="i65"/><MultiplierAttribute z:Ref="i66"/><OffsetAttribute z:Ref="i67"/></URDFElement></ChildElements><ElementName>joint</ElementName><required>false</required><Axis z:Ref="i46"/><AxisName/><Calibration z:Ref="i53"/><Child z:Ref="i44"/><CoordinateSystemName>Origin_global</CoordinateSystemName><Dynamics z:Ref="i56"/><Limit z:Ref="i48"/><Mimic z:Ref="i64"/><NameAttribute z:Ref="i37"/><Origin z:Ref="i39"/><Parent z:Ref="i42"/><Safety z:Ref="i59"/><TypeAttribute z:Ref="i38"/></URDFElement></ChildElements><ElementName>link</ElementName><required>true</required><Children><Link z:Id="i68"><Attributes><Attribute z:Id="i69"><AttributeType>name</AttributeType><IsRequired>true</IsRequired><Value i:type="a:string" xmlns:a="http://www.w3.org/2001/XMLSchema">wheel_0_Link</Value></Attribute></Attributes><ChildElements><URDFElement z:Id="i70" i:type="Inertial"><Attributes/><ChildElements><URDFElement z:Id="i71" i:type="Origin"><Attributes><Attribute z:Id="i72"><AttributeType>xyz</AttributeType><IsRequired>true</IsRequired><Value i:type="a:ArrayOfdouble" xmlns:a="http://schemas.microsoft.com/2003/10/Serialization/Arrays"><a:double>-2.6664E-06</a:double><a:double>-0.00078965</a:double><a:double>3.6623E-06</a:double></Value></Attribute><Attribute z:Id="i73"><AttributeType>rpy</AttributeType><IsRequired>true</IsRequired><Value i:type="a:ArrayOfdouble" xmlns:a="http://schemas.microsoft.com/2003/10/Serialization/Arrays"><a:double>0</a:double><a:double>0</a:double><a:double>0</a:double></Value></Attribute></Attributes><ChildElements/><ElementName>origin</ElementName><required>false</required><RPYAttribute z:Ref="i73"/><XYZAttribute z:Ref="i72"/><isCustomized>false</isCustomized></URDFElement><URDFElement z:Id="i74" i:type="Mass"><Attributes><Attribute z:Id="i75"><AttributeType>value</AttributeType><IsRequired>true</IsRequired><Value i:type="a:double" xmlns:a="http://www.w3.org/2001/XMLSchema">0.02299</Value></Attribute></Attributes><ChildElements/><ElementName>mass</ElementName><required>false</required><ValueAttribute z:Ref="i75"/></URDFElement><URDFElement z:Id="i76" i:type="Inertia"><Attributes><Attribute z:Id="i77"><AttributeType>ixx</AttributeType><IsRequired>true</IsRequired><Value i:type="a:double" xmlns:a="http://www.w3.org/2001/XMLSchema">2.5133E-06</Value></Attribute><Attribute z:Id="i78"><AttributeType>ixy</AttributeType><IsRequired>true</IsRequired><Value i:type="a:double" xmlns:a="http://www.w3.org/2001/XMLSchema">1.7743E-16</Value></Attribute><Attribute z:Id="i79"><AttributeType>ixz</AttributeType><IsRequired>true</IsRequired><Value i:type="a:double" xmlns:a="http://www.w3.org/2001/XMLSchema">-1.1098E-17</Value></Attribute><Attribute z:Id="i80"><AttributeType>iyy</AttributeType><IsRequired>true</IsRequired><Value i:type="a:double" xmlns:a="http://www.w3.org/2001/XMLSchema">4.7981E-06</Value></Attribute><Attribute z:Id="i81"><AttributeType>iyz</AttributeType><IsRequired>true</IsRequired><Value i:type="a:double" xmlns:a="http://www.w3.org/2001/XMLSchema">2.7395E-17</Value></Attribute><Attribute z:Id="i82"><AttributeType>izz</AttributeType><IsRequired>true</IsRequired><Value i:type="a:double" xmlns:a="http://www.w3.org/2001/XMLSchema">2.5133E-06</Value></Attribute></Attributes><ChildElements/><ElementName>inertia</ElementName><required>false</required><IxxAttribute z:Ref="i77"/><IxyAttribute z:Ref="i78"/><IxzAttribute z:Ref="i79"/><IyyAttribute z:Ref="i80"/><IyzAttribute z:Ref="i81"/><IzzAttribute z:Ref="i82"/></URDFElement></ChildElements><ElementName>inertial</ElementName><required>false</required><Inertia z:Ref="i76"/><Mass z:Ref="i74"/><Origin z:Ref="i71"/></URDFElement><URDFElement z:Id="i83" i:type="Visual"><Attributes/><ChildElements><URDFElement z:Id="i84" i:type="Origin"><Attributes><Attribute z:Id="i85"><AttributeType>xyz</AttributeType><IsRequired>true</IsRequired><Value i:type="a:ArrayOfdouble" xmlns:a="http://schemas.microsoft.com/2003/10/Serialization/Arrays"><a:double>0</a:double><a:double>0</a:double><a:double>0</a:double></Value></Attribute><Attribute z:Id="i86"><AttributeType>rpy</AttributeType><IsRequired>true</IsRequired><Value i:type="a:ArrayOfdouble" xmlns:a="http://schemas.microsoft.com/2003/10/Serialization/Arrays"><a:double>0</a:double><a:double>0</a:double><a:double>0</a:double></Value></Attribute></Attributes><ChildElements/><ElementName>origin</ElementName><required>false</required><RPYAttribute z:Ref="i86"/><XYZAttribute z:Ref="i85"/><isCustomized>false</isCustomized></URDFElement><URDFElement z:Id="i87" i:type="Geometry"><Attributes/><ChildElements><URDFElement z:Id="i88" i:type="Mesh"><Attributes><Attribute z:Id="i89"><AttributeType>filename</AttributeType><IsRequired>true</IsRequired><Value i:nil="true"/></Attribute></Attributes><ChildElements/><ElementName>mesh</ElementName><required>false</required><FilenameAttribute z:Ref="i89"/></URDFElement></ChildElements><ElementName>geometry</ElementName><required>true</required><Mesh z:Ref="i88"/></URDFElement><URDFElement z:Id="i90" i:type="Material"><Attributes><Attribute z:Id="i91"><AttributeType>name</AttributeType><IsRequired>true</IsRequired><Value i:type="a:string" xmlns:a="http://www.w3.org/2001/XMLSchema"/></Attribute></Attributes><ChildElements><URDFElement z:Id="i92" i:type="Color"><Attributes><Attribute z:Id="i93"><AttributeType>rgba</AttributeType><IsRequired>true</IsRequired><Value i:type="a:ArrayOfdouble" xmlns:a="http://schemas.microsoft.com/2003/10/Serialization/Arrays"><a:double>1</a:double><a:double>1</a:double><a:double>1</a:double><a:double>1</a:double></Value></Attribute></Attributes><ChildElements/><ElementName>color</ElementName><required>false</required><RGBAAttribute z:Ref="i93"/></URDFElement><URDFElement z:Id="i94" i:type="Texture"><Attributes><Attribute z:Id="i95"><AttributeType>filename</AttributeType><IsRequired>true</IsRequired><Value i:nil="true"/></Attribute></Attributes><ChildElements/><ElementName>texture</ElementName><required>false</required><FilenameAttribute z:Ref="i95"/><wFilename/></URDFElement></ChildElements><ElementName>material</ElementName><required>false</required><Color z:Ref="i92"/><NameAttribute z:Ref="i91"/><Texture z:Ref="i94"/></URDFElement></ChildElements><ElementName>visual</ElementName><required>false</required><Geometry z:Ref="i87"/><Material z:Ref="i90"/><Origin z:Ref="i84"/></URDFElement><URDFElement z:Id="i96" i:type="Collision"><Attributes/><ChildElements><URDFElement z:Id="i97" i:type="Origin"><Attributes><Attribute z:Id="i98"><AttributeType>xyz</AttributeType><IsRequired>true</IsRequired><Value i:type="a:ArrayOfdouble" xmlns:a="http://schemas.microsoft.com/2003/10/Serialization/Arrays"><a:double>0</a:double><a:double>0</a:double><a:double>0</a:double></Value></Attribute><Attribute z:Id="i99"><AttributeType>rpy</AttributeType><IsRequired>true</IsRequired><Value i:type="a:ArrayOfdouble" xmlns:a="http://schemas.microsoft.com/2003/10/Serialization/Arrays"><a:double>0</a:double><a:double>0</a:double><a:double>0</a:double></Value></Attribute></Attributes><ChildElements/><ElementName>origin</ElementName><required>false</required><RPYAttribute z:Ref="i99"/><XYZAttribute z:Ref="i98"/><isCustomized>false</isCustomized></URDFElement><URDFElement z:Id="i100" i:type="Geometry"><Attributes/><ChildElements><URDFElement z:Id="i101" i:type="Mesh"><Attributes><Attribute z:Id="i102"><AttributeType>filename</AttributeType><IsRequired>true</IsRequired><Value i:nil="true"/></Attribute></Attributes><ChildElements/><ElementName>mesh</ElementName><required>false</required><FilenameAttribute z:Ref="i102"/></URDFElement></ChildElements><ElementName>geometry</ElementName><required>true</required><Mesh z:Ref="i101"/></URDFElement></ChildElements><ElementName>collision</ElementName><required>false</required><Geometry z:Ref="i100"/><Origin z:Ref="i97"/></URDFElement><URDFElement z:Id="i103" i:type="Joint"><Attributes><Attribute z:Id="i104"><AttributeType>name</AttributeType><IsRequired>true</IsRequired><Value i:type="a:string" xmlns:a="http://www.w3.org/2001/XMLSchema">wheel_0_Joint</Value></Attribute><Attribute z:Id="i105"><AttributeType>type</AttributeType><IsRequired>true</IsRequired><Value i:type="a:string" xmlns:a="http://www.w3.org/2001/XMLSchema">continuous</Value></Attribute></Attributes><ChildElements><URDFElement z:Id="i106" i:type="Origin"><Attributes><Attribute z:Id="i107"><AttributeType>xyz</AttributeType><IsRequired>true</IsRequired><Value i:type="a:ArrayOfdouble" xmlns:a="http://schemas.microsoft.com/2003/10/Serialization/Arrays"><a:double>-0.065162</a:double><a:double>-0.2005</a:double><a:double>0.047496</a:double></Value></Attribute><Attribute z:Id="i108"><AttributeType>rpy</AttributeType><IsRequired>true</IsRequired><Value i:type="a:ArrayOfdouble" xmlns:a="http://schemas.microsoft.com/2003/10/Serialization/Arrays"><a:double>1.5708</a:double><a:double>-1.0123</a:double><a:double>0</a:double></Value></Attribute></Attributes><ChildElements/><ElementName>origin</ElementName><required>false</required><RPYAttribute z:Ref="i108"/><XYZAttribute z:Ref="i107"/><isCustomized>false</isCustomized></URDFElement><URDFElement z:Id="i109" i:type="ParentLink"><Attributes><Attribute z:Id="i110"><AttributeType>link</AttributeType><IsRequired>true</IsRequired><Value i:type="a:string" xmlns:a="http://www.w3.org/2001/XMLSchema">base_Link</Value></Attribute></Attributes><ChildElements/><ElementName>parent</ElementName><required>true</required><NameAttribute z:Ref="i110"/></URDFElement><URDFElement z:Id="i111" i:type="ChildLink"><Attributes><Attribute z:Id="i112"><AttributeType>link</AttributeType><IsRequired>true</IsRequired><Value i:type="a:string" xmlns:a="http://www.w3.org/2001/XMLSchema">wheel_0_Link</Value></Attribute></Attributes><ChildElements/><ElementName>child</ElementName><required>true</required><NameAttribute z:Ref="i112"/></URDFElement><URDFElement z:Id="i113" i:type="Axis"><Attributes><Attribute z:Id="i114"><AttributeType>xyz</AttributeType><IsRequired>true</IsRequired><Value i:type="a:ArrayOfdouble" xmlns:a="http://schemas.microsoft.com/2003/10/Serialization/Arrays"><a:double>0</a:double><a:double>1</a:double><a:double>0</a:double></Value></Attribute></Attributes><ChildElements/><ElementName>axis</ElementName><required>false</required><XYZAttribute z:Ref="i114"/></URDFElement><URDFElement z:Id="i115" i:type="Limit"><Attributes><Attribute z:Id="i116"><AttributeType>lower</AttributeType><IsRequired>false</IsRequired><Value i:nil="true"/></Attribute><Attribute z:Id="i117"><AttributeType>upper</AttributeType><IsRequired>false</IsRequired><Value i:nil="true"/></Attribute><Attribute z:Id="i118"><AttributeType>effort</AttributeType><IsRequired>true</IsRequired><Value i:nil="true"/></Attribute><Attribute z:Id="i119"><AttributeType>velocity</AttributeType><IsRequired>true</IsRequired><Value i:nil="true"/></Attribute></Attributes><ChildElements/><ElementName>limit</ElementName><required>false</required><EffortAttribute z:Ref="i118"/><LowerAttribute z:Ref="i116"/><UpperAttribute z:Ref="i117"/><VelocityAttribute z:Ref="i119"/></URDFElement><URDFElement z:Id="i120" i:type="Calibration"><Attributes><Attribute z:Id="i121"><AttributeType>rising</AttributeType><IsRequired>false</IsRequired><Value i:nil="true"/></Attribute><Attribute z:Id="i122"><AttributeType>falling</AttributeType><IsRequired>false</IsRequired><Value i:nil="true"/></Attribute></Attributes><ChildElements/><ElementName>calibration</ElementName><required>false</required><FallingAttribute z:Ref="i122"/><RisingAttribute z:Ref="i121"/></URDFElement><URDFElement z:Id="i123" i:type="Dynamics"><Attributes><Attribute z:Id="i124"><AttributeType>damping</AttributeType><IsRequired>false</IsRequired><Value i:nil="true"/></Attribute><Attribute z:Id="i125"><AttributeType>friction</AttributeType><IsRequired>false</IsRequired><Value i:nil="true"/></Attribute></Attributes><ChildElements/><ElementName>dynamics</ElementName><required>false</required><DampingAttribute z:Ref="i124"/><FrictionAttribute z:Ref="i125"/></URDFElement><URDFElement z:Id="i126" i:type="SafetyController"><Attributes><Attribute z:Id="i127"><AttributeType>soft_upper_limit</AttributeType><IsRequired>false</IsRequired><Value i:nil="true"/></Attribute><Attribute z:Id="i128"><AttributeType>soft_lower_limit</AttributeType><IsRequired>false</IsRequired><Value i:nil="true"/></Attribute><Attribute z:Id="i129"><AttributeType>k_position</AttributeType><IsRequired>false</IsRequired><Value i:nil="true"/></Attribute><Attribute z:Id="i130"><AttributeType>k_velocity</AttributeType><IsRequired>true</IsRequired><Value i:nil="true"/></Attribute></Attributes><ChildElements/><ElementName>safety_controller</ElementName><required>false</required><KPositionAttribute z:Ref="i129"/><KVelocityAttribute z:Ref="i130"/><SoftLowerAttribute z:Ref="i128"/><SoftUpperAttribute z:Ref="i127"/></URDFElement><URDFElement z:Id="i131" i:type="Mimic"><Attributes><Attribute z:Id="i132"><AttributeType>joint</AttributeType><IsRequired>true</IsRequired><Value i:nil="true"/></Attribute><Attribute z:Id="i133"><AttributeType>multiplier</AttributeType><IsRequired>false</IsRequired><Value i:nil="true"/></Attribute><Attribute z:Id="i134"><AttributeType>offset</AttributeType><IsRequired>false</IsRequired><Value i:nil="true"/></Attribute></Attributes><ChildElements/><ElementName>mimic</ElementName><required>false</required><JointNameAttribute z:Ref="i132"/><MultiplierAttribute z:Ref="i133"/><OffsetAttribute z:Ref="i134"/></URDFElement></ChildElements><ElementName>joint</ElementName><required>false</required><Axis z:Ref="i113"/><AxisName>?????????8</AxisName><Calibration z:Ref="i120"/><Child z:Ref="i111"/><CoordinateSystemName>?????????8</CoordinateSystemName><Dynamics z:Ref="i123"/><Limit z:Ref="i115"/><Mimic z:Ref="i131"/><NameAttribute z:Ref="i104"/><Origin z:Ref="i106"/><Parent z:Ref="i109"/><Safety z:Ref="i126"/><TypeAttribute z:Ref="i105"/></URDFElement></ChildElements><ElementName>link</ElementName><required>true</required><Children/><Collision z:Ref="i96"/><Inertial z:Ref="i70"/><Joint z:Ref="i103"/><NameAttribute z:Ref="i69"/><Parent z:Ref="i1"/><STLQualityFine>false</STLQualityFine><SWComponentPIDs xmlns:a="http://schemas.microsoft.com/2003/10/Serialization/Arrays"><a:base64Binary>mDoAAAUAAAD//v8cdwBoAGUAZQBsACAAYQBzAHMAZQBtAGIAbAB5AC0AMQBAAGEAcwBzAGUAbQBiAGwAeQAgAFYAMQAEAAAAEAAAAAEAAAABAAAAqgIAAA==</a:base64Binary></SWComponentPIDs><SWMainComponentPID i:nil="true"/><Visual z:Ref="i83"/><isFixedFrame>false</isFixedFrame><isIncomplete>false</isIncomplete></Link><Link z:Id="i135"><Attributes><Attribute z:Id="i136"><AttributeType>name</AttributeType><IsRequired>true</IsRequired><Value i:type="a:string" xmlns:a="http://www.w3.org/2001/XMLSchema">wheel_1_Link</Value></Attribute></Attributes><ChildElements><URDFElement z:Id="i137" i:type="Inertial"><Attributes/><ChildElements><URDFElement z:Id="i138" i:type="Origin"><Attributes><Attribute z:Id="i139"><AttributeType>xyz</AttributeType><IsRequired>true</IsRequired><Value i:type="a:ArrayOfdouble" xmlns:a="http://schemas.microsoft.com/2003/10/Serialization/Arrays"><a:double>2.6144E-06</a:double><a:double>-0.00078965</a:double><a:double>3.6996E-06</a:double></Value></Attribute><Attribute z:Id="i140"><AttributeType>rpy</AttributeType><IsRequired>true</IsRequired><Value i:type="a:ArrayOfdouble" xmlns:a="http://schemas.microsoft.com/2003/10/Serialization/Arrays"><a:double>0</a:double><a:double>0</a:double><a:double>0</a:double></Value></Attribute></Attributes><ChildElements/><ElementName>origin</ElementName><required>false</required><RPYAttribute z:Ref="i140"/><XYZAttribute z:Ref="i139"/><isCustomized>false</isCustomized></URDFElement><URDFElement z:Id="i141" i:type="Mass"><Attributes><Attribute z:Id="i142"><AttributeType>value</AttributeType><IsRequired>true</IsRequired><Value i:type="a:double" xmlns:a="http://www.w3.org/2001/XMLSchema">0.02299</Value></Attribute></Attributes><ChildElements/><ElementName>mass</ElementName><required>false</required><ValueAttribute z:Ref="i142"/></URDFElement><URDFElement z:Id="i143" i:type="Inertia"><Attributes><Attribute z:Id="i144"><AttributeType>ixx</AttributeType><IsRequired>true</IsRequired><Value i:type="a:double" xmlns:a="http://www.w3.org/2001/XMLSchema">2.5133E-06</Value></Attribute><Attribute z:Id="i145"><AttributeType>ixy</AttributeType><IsRequired>true</IsRequired><Value i:type="a:double" xmlns:a="http://www.w3.org/2001/XMLSchema">-2.0145E-16</Value></Attribute><Attribute z:Id="i146"><AttributeType>ixz</AttributeType><IsRequired>true</IsRequired><Value i:type="a:double" xmlns:a="http://www.w3.org/2001/XMLSchema">-4.8584E-17</Value></Attribute><Attribute z:Id="i147"><AttributeType>iyy</AttributeType><IsRequired>true</IsRequired><Value i:type="a:double" xmlns:a="http://www.w3.org/2001/XMLSchema">4.7981E-06</Value></Attribute><Attribute z:Id="i148"><AttributeType>iyz</AttributeType><IsRequired>true</IsRequired><Value i:type="a:double" xmlns:a="http://www.w3.org/2001/XMLSchema">-1.4492E-16</Value></Attribute><Attribute z:Id="i149"><AttributeType>izz</AttributeType><IsRequired>true</IsRequired><Value i:type="a:double" xmlns:a="http://www.w3.org/2001/XMLSchema">2.5133E-06</Value></Attribute></Attributes><ChildElements/><ElementName>inertia</ElementName><required>false</required><IxxAttribute z:Ref="i144"/><IxyAttribute z:Ref="i145"/><IxzAttribute z:Ref="i146"/><IyyAttribute z:Ref="i147"/><IyzAttribute z:Ref="i148"/><IzzAttribute z:Ref="i149"/></URDFElement></ChildElements><ElementName>inertial</ElementName><required>false</required><Inertia z:Ref="i143"/><Mass z:Ref="i141"/><Origin z:Ref="i138"/></URDFElement><URDFElement z:Id="i150" i:type="Visual"><Attributes/><ChildElements><URDFElement z:Id="i151" i:type="Origin"><Attributes><Attribute z:Id="i152"><AttributeType>xyz</AttributeType><IsRequired>true</IsRequired><Value i:type="a:ArrayOfdouble" xmlns:a="http://schemas.microsoft.com/2003/10/Serialization/Arrays"><a:double>0</a:double><a:double>0</a:double><a:double>0</a:double></Value></Attribute><Attribute z:Id="i153"><AttributeType>rpy</AttributeType><IsRequired>true</IsRequired><Value i:type="a:ArrayOfdouble" xmlns:a="http://schemas.microsoft.com/2003/10/Serialization/Arrays"><a:double>0</a:double><a:double>0</a:double><a:double>0</a:double></Value></Attribute></Attributes><ChildElements/><ElementName>origin</ElementName><required>false</required><RPYAttribute z:Ref="i153"/><XYZAttribute z:Ref="i152"/><isCustomized>false</isCustomized></URDFElement><URDFElement z:Id="i154" i:type="Geometry"><Attributes/><ChildElements><URDFElement z:Id="i155" i:type="Mesh"><Attributes><Attribute z:Id="i156"><AttributeType>filename</AttributeType><IsRequired>true</IsRequired><Value i:nil="true"/></Attribute></Attributes><ChildElements/><ElementName>mesh</ElementName><required>false</required><FilenameAttribute z:Ref="i156"/></URDFElement></ChildElements><ElementName>geometry</ElementName><required>true</required><Mesh z:Ref="i155"/></URDFElement><URDFElement z:Id="i157" i:type="Material"><Attributes><Attribute z:Id="i158"><AttributeType>name</AttributeType><IsRequired>true</IsRequired><Value i:type="a:string" xmlns:a="http://www.w3.org/2001/XMLSchema"/></Attribute></Attributes><ChildElements><URDFElement z:Id="i159" i:type="Color"><Attributes><Attribute z:Id="i160"><AttributeType>rgba</AttributeType><IsRequired>true</IsRequired><Value i:type="a:ArrayOfdouble" xmlns:a="http://schemas.microsoft.com/2003/10/Serialization/Arrays"><a:double>1</a:double><a:double>1</a:double><a:double>1</a:double><a:double>1</a:double></Value></Attribute></Attributes><ChildElements/><ElementName>color</ElementName><required>false</required><RGBAAttribute z:Ref="i160"/></URDFElement><URDFElement z:Id="i161" i:type="Texture"><Attributes><Attribute z:Id="i162"><AttributeType>filename</AttributeType><IsRequired>true</IsRequired><Value i:nil="true"/></Attribute></Attributes><ChildElements/><ElementName>texture</ElementName><required>false</required><FilenameAttribute z:Ref="i162"/><wFilename/></URDFElement></ChildElements><ElementName>material</ElementName><required>false</required><Color z:Ref="i159"/><NameAttribute z:Ref="i158"/><Texture z:Ref="i161"/></URDFElement></ChildElements><ElementName>visual</ElementName><required>false</required><Geometry z:Ref="i154"/><Material z:Ref="i157"/><Origin z:Ref="i151"/></URDFElement><URDFElement z:Id="i163" i:type="Collision"><Attributes/><ChildElements><URDFElement z:Id="i164" i:type="Origin"><Attributes><Attribute z:Id="i165"><AttributeType>xyz</AttributeType><IsRequired>true</IsRequired><Value i:type="a:ArrayOfdouble" xmlns:a="http://schemas.microsoft.com/2003/10/Serialization/Arrays"><a:double>0</a:double><a:double>0</a:double><a:double>0</a:double></Value></Attribute><Attribute z:Id="i166"><AttributeType>rpy</AttributeType><IsRequired>true</IsRequired><Value i:type="a:ArrayOfdouble" xmlns:a="http://schemas.microsoft.com/2003/10/Serialization/Arrays"><a:double>0</a:double><a:double>0</a:double><a:double>0</a:double></Value></Attribute></Attributes><ChildElements/><ElementName>origin</ElementName><required>false</required><RPYAttribute z:Ref="i166"/><XYZAttribute z:Ref="i165"/><isCustomized>false</isCustomized></URDFElement><URDFElement z:Id="i167" i:type="Geometry"><Attributes/><ChildElements><URDFElement z:Id="i168" i:type="Mesh"><Attributes><Attribute z:Id="i169"><AttributeType>filename</AttributeType><IsRequired>true</IsRequired><Value i:nil="true"/></Attribute></Attributes><ChildElements/><ElementName>mesh</ElementName><required>false</required><FilenameAttribute z:Ref="i169"/></URDFElement></ChildElements><ElementName>geometry</ElementName><required>true</required><Mesh z:Ref="i168"/></URDFElement></ChildElements><ElementName>collision</ElementName><required>false</required><Geometry z:Ref="i167"/><Origin z:Ref="i164"/></URDFElement><URDFElement z:Id="i170" i:type="Joint"><Attributes><Attribute z:Id="i171"><AttributeType>name</AttributeType><IsRequired>true</IsRequired><Value i:type="a:string" xmlns:a="http://www.w3.org/2001/XMLSchema">wheel_1_Joint</Value></Attribute><Attribute z:Id="i172"><AttributeType>type</AttributeType><IsRequired>true</IsRequired><Value i:type="a:string" xmlns:a="http://www.w3.org/2001/XMLSchema">continuous</Value></Attribute></Attributes><ChildElements><URDFElement z:Id="i173" i:type="Origin"><Attributes><Attribute z:Id="i174"><AttributeType>xyz</AttributeType><IsRequired>true</IsRequired><Value i:type="a:ArrayOfdouble" xmlns:a="http://schemas.microsoft.com/2003/10/Serialization/Arrays"><a:double>0.06883</a:double><a:double>-0.2005</a:double><a:double>0.047496</a:double></Value></Attribute><Attribute z:Id="i175"><AttributeType>rpy</AttributeType><IsRequired>true</IsRequired><Value i:type="a:ArrayOfdouble" xmlns:a="http://schemas.microsoft.com/2003/10/Serialization/Arrays"><a:double>1.5708</a:double><a:double>1.0123</a:double><a:double>0</a:double></Value></Attribute></Attributes><ChildElements/><ElementName>origin</ElementName><required>false</required><RPYAttribute z:Ref="i175"/><XYZAttribute z:Ref="i174"/><isCustomized>false</isCustomized></URDFElement><URDFElement z:Id="i176" i:type="ParentLink"><Attributes><Attribute z:Id="i177"><AttributeType>link</AttributeType><IsRequired>true</IsRequired><Value i:type="a:string" xmlns:a="http://www.w3.org/2001/XMLSchema">base_Link</Value></Attribute></Attributes><ChildElements/><ElementName>parent</ElementName><required>true</required><NameAttribute z:Ref="i177"/></URDFElement><URDFElement z:Id="i178" i:type="ChildLink"><Attributes><Attribute z:Id="i179"><AttributeType>link</AttributeType><IsRequired>true</IsRequired><Value i:type="a:string" xmlns:a="http://www.w3.org/2001/XMLSchema">wheel_1_Link</Value></Attribute></Attributes><ChildElements/><ElementName>child</ElementName><required>true</required><NameAttribute z:Ref="i179"/></URDFElement><URDFElement z:Id="i180" i:type="Axis"><Attributes><Attribute z:Id="i181"><AttributeType>xyz</AttributeType><IsRequired>true</IsRequired><Value i:type="a:ArrayOfdouble" xmlns:a="http://schemas.microsoft.com/2003/10/Serialization/Arrays"><a:double>0</a:double><a:double>1</a:double><a:double>0</a:double></Value></Attribute></Attributes><ChildElements/><ElementName>axis</ElementName><required>false</required><XYZAttribute z:Ref="i181"/></URDFElement><URDFElement z:Id="i182" i:type="Limit"><Attributes><Attribute z:Id="i183"><AttributeType>lower</AttributeType><IsRequired>false</IsRequired><Value i:nil="true"/></Attribute><Attribute z:Id="i184"><AttributeType>upper</AttributeType><IsRequired>false</IsRequired><Value i:nil="true"/></Attribute><Attribute z:Id="i185"><AttributeType>effort</AttributeType><IsRequired>true</IsRequired><Value i:nil="true"/></Attribute><Attribute z:Id="i186"><AttributeType>velocity</AttributeType><IsRequired>true</IsRequired><Value i:nil="true"/></Attribute></Attributes><ChildElements/><ElementName>limit</ElementName><required>false</required><EffortAttribute z:Ref="i185"/><LowerAttribute z:Ref="i183"/><UpperAttribute z:Ref="i184"/><VelocityAttribute z:Ref="i186"/></URDFElement><URDFElement z:Id="i187" i:type="Calibration"><Attributes><Attribute z:Id="i188"><AttributeType>rising</AttributeType><IsRequired>false</IsRequired><Value i:nil="true"/></Attribute><Attribute z:Id="i189"><AttributeType>falling</AttributeType><IsRequired>false</IsRequired><Value i:nil="true"/></Attribute></Attributes><ChildElements/><ElementName>calibration</ElementName><required>false</required><FallingAttribute z:Ref="i189"/><RisingAttribute z:Ref="i188"/></URDFElement><URDFElement z:Id="i190" i:type="Dynamics"><Attributes><Attribute z:Id="i191"><AttributeType>damping</AttributeType><IsRequired>false</IsRequired><Value i:nil="true"/></Attribute><Attribute z:Id="i192"><AttributeType>friction</AttributeType><IsRequired>false</IsRequired><Value i:nil="true"/></Attribute></Attributes><ChildElements/><ElementName>dynamics</ElementName><required>false</required><DampingAttribute z:Ref="i191"/><FrictionAttribute z:Ref="i192"/></URDFElement><URDFElement z:Id="i193" i:type="SafetyController"><Attributes><Attribute z:Id="i194"><AttributeType>soft_upper_limit</AttributeType><IsRequired>false</IsRequired><Value i:nil="true"/></Attribute><Attribute z:Id="i195"><AttributeType>soft_lower_limit</AttributeType><IsRequired>false</IsRequired><Value i:nil="true"/></Attribute><Attribute z:Id="i196"><AttributeType>k_position</AttributeType><IsRequired>false</IsRequired><Value i:nil="true"/></Attribute><Attribute z:Id="i197"><AttributeType>k_velocity</AttributeType><IsRequired>true</IsRequired><Value i:nil="true"/></Attribute></Attributes><ChildElements/><ElementName>safety_controller</ElementName><required>false</required><KPositionAttribute z:Ref="i196"/><KVelocityAttribute z:Ref="i197"/><SoftLowerAttribute z:Ref="i195"/><SoftUpperAttribute z:Ref="i194"/></URDFElement><URDFElement z:Id="i198" i:type="Mimic"><Attributes><Attribute z:Id="i199"><AttributeType>joint</AttributeType><IsRequired>true</IsRequired><Value i:nil="true"/></Attribute><Attribute z:Id="i200"><AttributeType>multiplier</AttributeType><IsRequired>false</IsRequired><Value i:nil="true"/></Attribute><Attribute z:Id="i201"><AttributeType>offset</AttributeType><IsRequired>false</IsRequired><Value i:nil="true"/></Attribute></Attributes><ChildElements/><ElementName>mimic</ElementName><required>false</required><JointNameAttribute z:Ref="i199"/><MultiplierAttribute z:Ref="i200"/><OffsetAttribute z:Ref="i201"/></URDFElement></ChildElements><ElementName>joint</ElementName><required>false</required><Axis z:Ref="i180"/><AxisName>?????????3</AxisName><Calibration z:Ref="i187"/><Child z:Ref="i178"/><CoordinateSystemName>?????????5</CoordinateSystemName><Dynamics z:Ref="i190"/><Limit z:Ref="i182"/><Mimic z:Ref="i198"/><NameAttribute z:Ref="i171"/><Origin z:Ref="i173"/><Parent z:Ref="i176"/><Safety z:Ref="i193"/><TypeAttribute z:Ref="i172"/></URDFElement></ChildElements><ElementName>link</ElementName><required>true</required><Children/><Collision z:Ref="i163"/><Inertial z:Ref="i137"/><Joint z:Ref="i170"/><NameAttribute z:Ref="i136"/><Parent z:Ref="i1"/><STLQualityFine>false</STLQualityFine><SWComponentPIDs xmlns:a="http://schemas.microsoft.com/2003/10/Serialization/Arrays"><a:base64Binary>mDoAAAUAAAD//v8cdwBoAGUAZQBsACAAYQBzAHMAZQBtAGIAbAB5AC0AMgBAAGEAcwBzAGUAbQBiAGwAeQAgAFYAMQAEAAAAEAAAAAEAAAABAAAArwIAAA==</a:base64Binary></SWComponentPIDs><SWMainComponentPID i:nil="true"/><Visual z:Ref="i150"/><isFixedFrame>false</isFixedFrame><isIncomplete>false</isIncomplete></Link><Link z:Id="i202"><Attributes><Attribute z:Id="i203"><AttributeType>name</AttributeType><IsRequired>true</IsRequired><Value i:type="a:string" xmlns:a="http://www.w3.org/2001/XMLSchema">wheel_2_Link</Value></Attribute></Attributes><ChildElements><URDFElement z:Id="i204" i:type="Inertial"><Attributes/><ChildElements><URDFElement z:Id="i205" i:type="Origin"><Attributes><Attribute z:Id="i206"><AttributeType>xyz</AttributeType><IsRequired>true</IsRequired><Value i:type="a:ArrayOfdouble" xmlns:a="http://schemas.microsoft.com/2003/10/Serialization/Arrays"><a:double>-1.1542E-06</a:double><a:double>-0.00078965</a:double><a:double>-4.3806E-06</a:double></Value></Attribute><Attribute z:Id="i207"><AttributeType>rpy</AttributeType><IsRequired>true</IsRequired><Value i:type="a:ArrayOfdouble" xmlns:a="http://schemas.microsoft.com/2003/10/Serialization/Arrays"><a:double>0</a:double><a:double>0</a:double><a:double>0</a:double></Value></Attribute></Attributes><ChildElements/><ElementName>origin</ElementName><required>false</required><RPYAttribute z:Ref="i207"/><XYZAttribute z:Ref="i206"/><isCustomized>false</isCustomized></URDFElement><URDFElement z:Id="i208" i:type="Mass"><Attributes><Attribute z:Id="i209"><AttributeType>value</AttributeType><IsRequired>true</IsRequired><Value i:type="a:double" xmlns:a="http://www.w3.org/2001/XMLSchema">0.02299</Value></Attribute></Attributes><ChildElements/><ElementName>mass</ElementName><required>false</required><ValueAttribute z:Ref="i209"/></URDFElement><URDFElement z:Id="i210" i:type="Inertia"><Attributes><Attribute z:Id="i211"><AttributeType>ixx</AttributeType><IsRequired>true</IsRequired><Value i:type="a:double" xmlns:a="http://www.w3.org/2001/XMLSchema">2.5133E-06</Value></Attribute><Attribute z:Id="i212"><AttributeType>ixy</AttributeType><IsRequired>true</IsRequired><Value i:type="a:double" xmlns:a="http://www.w3.org/2001/XMLSchema">3.2706E-17</Value></Attribute><Attribute z:Id="i213"><AttributeType>ixz</AttributeType><IsRequired>true</IsRequired><Value i:type="a:double" xmlns:a="http://www.w3.org/2001/XMLSchema">-1.1877E-18</Value></Attribute><Attribute z:Id="i214"><AttributeType>iyy</AttributeType><IsRequired>true</IsRequired><Value i:type="a:double" xmlns:a="http://www.w3.org/2001/XMLSchema">4.7981E-06</Value></Attribute><Attribute z:Id="i215"><AttributeType>iyz</AttributeType><IsRequired>true</IsRequired><Value i:type="a:double" xmlns:a="http://www.w3.org/2001/XMLSchema">6.5586E-17</Value></Attribute><Attribute z:Id="i216"><AttributeType>izz</AttributeType><IsRequired>true</IsRequired><Value i:type="a:double" xmlns:a="http://www.w3.org/2001/XMLSchema">2.5133E-06</Value></Attribute></Attributes><ChildElements/><ElementName>inertia</ElementName><required>false</required><IxxAttribute z:Ref="i211"/><IxyAttribute z:Ref="i212"/><IxzAttribute z:Ref="i213"/><IyyAttribute z:Ref="i214"/><IyzAttribute z:Ref="i215"/><IzzAttribute z:Ref="i216"/></URDFElement></ChildElements><ElementName>inertial</ElementName><required>false</required><Inertia z:Ref="i210"/><Mass z:Ref="i208"/><Origin z:Ref="i205"/></URDFElement><URDFElement z:Id="i217" i:type="Visual"><Attributes/><ChildElements><URDFElement z:Id="i218" i:type="Origin"><Attributes><Attribute z:Id="i219"><AttributeType>xyz</AttributeType><IsRequired>true</IsRequired><Value i:type="a:ArrayOfdouble" xmlns:a="http://schemas.microsoft.com/2003/10/Serialization/Arrays"><a:double>0</a:double><a:double>0</a:double><a:double>0</a:double></Value></Attribute><Attribute z:Id="i220"><AttributeType>rpy</AttributeType><IsRequired>true</IsRequired><Value i:type="a:ArrayOfdouble" xmlns:a="http://schemas.microsoft.com/2003/10/Serialization/Arrays"><a:double>0</a:double><a:double>0</a:double><a:double>0</a:double></Value></Attribute></Attributes><ChildElements/><ElementName>origin</ElementName><required>false</required><RPYAttribute z:Ref="i220"/><XYZAttribute z:Ref="i219"/><isCustomized>false</isCustomized></URDFElement><URDFElement z:Id="i221" i:type="Geometry"><Attributes/><ChildElements><URDFElement z:Id="i222" i:type="Mesh"><Attributes><Attribute z:Id="i223"><AttributeType>filename</AttributeType><IsRequired>true</IsRequired><Value i:nil="true"/></Attribute></Attributes><ChildElements/><ElementName>mesh</ElementName><required>false</required><FilenameAttribute z:Ref="i223"/></URDFElement></ChildElements><ElementName>geometry</ElementName><required>true</required><Mesh z:Ref="i222"/></URDFElement><URDFElement z:Id="i224" i:type="Material"><Attributes><Attribute z:Id="i225"><AttributeType>name</AttributeType><IsRequired>true</IsRequired><Value i:type="a:string" xmlns:a="http://www.w3.org/2001/XMLSchema"/></Attribute></Attributes><ChildElements><URDFElement z:Id="i226" i:type="Color"><Attributes><Attribute z:Id="i227"><AttributeType>rgba</AttributeType><IsRequired>true</IsRequired><Value i:type="a:ArrayOfdouble" xmlns:a="http://schemas.microsoft.com/2003/10/Serialization/Arrays"><a:double>1</a:double><a:double>1</a:double><a:double>1</a:double><a:double>1</a:double></Value></Attribute></Attributes><ChildElements/><ElementName>color</ElementName><required>false</required><RGBAAttribute z:Ref="i227"/></URDFElement><URDFElement z:Id="i228" i:type="Texture"><Attributes><Attribute z:Id="i229"><AttributeType>filename</AttributeType><IsRequired>true</IsRequired><Value i:nil="true"/></Attribute></Attributes><ChildElements/><ElementName>texture</ElementName><required>false</required><FilenameAttribute z:Ref="i229"/><wFilename/></URDFElement></ChildElements><ElementName>material</ElementName><required>false</required><Color z:Ref="i226"/><NameAttribute z:Ref="i225"/><Texture z:Ref="i228"/></URDFElement></ChildElements><ElementName>visual</ElementName><required>false</required><Geometry z:Ref="i221"/><Material z:Ref="i224"/><Origin z:Ref="i218"/></URDFElement><URDFElement z:Id="i230" i:type="Collision"><Attributes/><ChildElements><URDFElement z:Id="i231" i:type="Origin"><Attributes><Attribute z:Id="i232"><AttributeType>xyz</AttributeType><IsRequired>true</IsRequired><Value i:type="a:ArrayOfdouble" xmlns:a="http://schemas.microsoft.com/2003/10/Serialization/Arrays"><a:double>0</a:double><a:double>0</a:double><a:double>0</a:double></Value></Attribute><Attribute z:Id="i233"><AttributeType>rpy</AttributeType><IsRequired>true</IsRequired><Value i:type="a:ArrayOfdouble" xmlns:a="http://schemas.microsoft.com/2003/10/Serialization/Arrays"><a:double>0</a:double><a:double>0</a:double><a:double>0</a:double></Value></Attribute></Attributes><ChildElements/><ElementName>origin</ElementName><required>false</required><RPYAttribute z:Ref="i233"/><XYZAttribute z:Ref="i232"/><isCustomized>false</isCustomized></URDFElement><URDFElement z:Id="i234" i:type="Geometry"><Attributes/><ChildElements><URDFElement z:Id="i235" i:type="Mesh"><Attributes><Attribute z:Id="i236"><AttributeType>filename</AttributeType><IsRequired>true</IsRequired><Value i:nil="true"/></Attribute></Attributes><ChildElements/><ElementName>mesh</ElementName><required>false</required><FilenameAttribute z:Ref="i236"/></URDFElement></ChildElements><ElementName>geometry</ElementName><required>true</required><Mesh z:Ref="i235"/></URDFElement></ChildElements><ElementName>collision</ElementName><required>false</required><Geometry z:Ref="i234"/><Origin z:Ref="i231"/></URDFElement><URDFElement z:Id="i237" i:type="Joint"><Attributes><Attribute z:Id="i238"><AttributeType>name</AttributeType><IsRequired>true</IsRequired><Value i:type="a:string" xmlns:a="http://www.w3.org/2001/XMLSchema">wheel_2_Joint</Value></Attribute><Attribute z:Id="i239"><AttributeType>type</AttributeType><IsRequired>true</IsRequired><Value i:type="a:string" xmlns:a="http://www.w3.org/2001/XMLSchema">continuous</Value></Attribute></Attributes><ChildElements><URDFElement z:Id="i240" i:type="Origin"><Attributes><Attribute z:Id="i241"><AttributeType>xyz</AttributeType><IsRequired>true</IsRequired><Value i:type="a:ArrayOfdouble" xmlns:a="http://schemas.microsoft.com/2003/10/Serialization/Arrays"><a:double>0.057695</a:double><a:double>-0.2005</a:double><a:double>-0.050229</a:double></Value></Attribute><Attribute z:Id="i242"><AttributeType>rpy</AttributeType><IsRequired>true</IsRequired><Value i:type="a:ArrayOfdouble" xmlns:a="http://schemas.microsoft.com/2003/10/Serialization/Arrays"><a:double>-1.5708</a:double><a:double>0.7854</a:double><a:double>-3.1416</a:double></Value></Attribute></Attributes><ChildElements/><ElementName>origin</ElementName><required>false</required><RPYAttribute z:Ref="i242"/><XYZAttribute z:Ref="i241"/><isCustomized>false</isCustomized></URDFElement><URDFElement z:Id="i243" i:type="ParentLink"><Attributes><Attribute z:Id="i244"><AttributeType>link</AttributeType><IsRequired>true</IsRequired><Value i:type="a:string" xmlns:a="http://www.w3.org/2001/XMLSchema">base_Link</Value></Attribute></Attributes><ChildElements/><ElementName>parent</ElementName><required>true</required><NameAttribute z:Ref="i244"/></URDFElement><URDFElement z:Id="i245" i:type="ChildLink"><Attributes><Attribute z:Id="i246"><AttributeType>link</AttributeType><IsRequired>true</IsRequired><Value i:type="a:string" xmlns:a="http://www.w3.org/2001/XMLSchema">wheel_2_Link</Value></Attribute></Attributes><ChildElements/><ElementName>child</ElementName><required>true</required><NameAttribute z:Ref="i246"/></URDFElement><URDFElement z:Id="i247" i:type="Axis"><Attributes><Attribute z:Id="i248"><AttributeType>xyz</AttributeType><IsRequired>true</IsRequired><Value i:type="a:ArrayOfdouble" xmlns:a="http://schemas.microsoft.com/2003/10/Serialization/Arrays"><a:double>0</a:double><a:double>1</a:double><a:double>0</a:double></Value></Attribute></Attributes><ChildElements/><ElementName>axis</ElementName><required>false</required><XYZAttribute z:Ref="i248"/></URDFElement><URDFElement z:Id="i249" i:type="Limit"><Attributes><Attribute z:Id="i250"><AttributeType>lower</AttributeType><IsRequired>false</IsRequired><Value i:nil="true"/></Attribute><Attribute z:Id="i251"><AttributeType>upper</AttributeType><IsRequired>false</IsRequired><Value i:nil="true"/></Attribute><Attribute z:Id="i252"><AttributeType>effort</AttributeType><IsRequired>true</IsRequired><Value i:nil="true"/></Attribute><Attribute z:Id="i253"><AttributeType>velocity</AttributeType><IsRequired>true</IsRequired><Value i:nil="true"/></Attribute></Attributes><ChildElements/><ElementName>limit</ElementName><required>false</required><EffortAttribute z:Ref="i252"/><LowerAttribute z:Ref="i250"/><UpperAttribute z:Ref="i251"/><VelocityAttribute z:Ref="i253"/></URDFElement><URDFElement z:Id="i254" i:type="Calibration"><Attributes><Attribute z:Id="i255"><AttributeType>rising</AttributeType><IsRequired>false</IsRequired><Value i:nil="true"/></Attribute><Attribute z:Id="i256"><AttributeType>falling</AttributeType><IsRequired>false</IsRequired><Value i:nil="true"/></Attribute></Attributes><ChildElements/><ElementName>calibration</ElementName><required>false</required><FallingAttribute z:Ref="i256"/><RisingAttribute z:Ref="i255"/></URDFElement><URDFElement z:Id="i257" i:type="Dynamics"><Attributes><Attribute z:Id="i258"><AttributeType>damping</AttributeType><IsRequired>false</IsRequired><Value i:nil="true"/></Attribute><Attribute z:Id="i259"><AttributeType>friction</AttributeType><IsRequired>false</IsRequired><Value i:nil="true"/></Attribute></Attributes><ChildElements/><ElementName>dynamics</ElementName><required>false</required><DampingAttribute z:Ref="i258"/><FrictionAttribute z:Ref="i259"/></URDFElement><URDFElement z:Id="i260" i:type="SafetyController"><Attributes><Attribute z:Id="i261"><AttributeType>soft_upper_limit</AttributeType><IsRequired>false</IsRequired><Value i:nil="true"/></Attribute><Attribute z:Id="i262"><AttributeType>soft_lower_limit</AttributeType><IsRequired>false</IsRequired><Value i:nil="true"/></Attribute><Attribute z:Id="i263"><AttributeType>k_position</AttributeType><IsRequired>false</IsRequired><Value i:nil="true"/></Attribute><Attribute z:Id="i264"><AttributeType>k_velocity</AttributeType><IsRequired>true</IsRequired><Value i:nil="true"/></Attribute></Attributes><ChildElements/><ElementName>safety_controller</ElementName><required>false</required><KPositionAttribute z:Ref="i263"/><KVelocityAttribute z:Ref="i264"/><SoftLowerAttribute z:Ref="i262"/><SoftUpperAttribute z:Ref="i261"/></URDFElement><URDFElement z:Id="i265" i:type="Mimic"><Attributes><Attribute z:Id="i266"><AttributeType>joint</AttributeType><IsRequired>true</IsRequired><Value i:nil="true"/></Attribute><Attribute z:Id="i267"><AttributeType>multiplier</AttributeType><IsRequired>false</IsRequired><Value i:nil="true"/></Attribute><Attribute z:Id="i268"><AttributeType>offset</AttributeType><IsRequired>false</IsRequired><Value i:nil="true"/></Attribute></Attributes><ChildElements/><ElementName>mimic</ElementName><required>false</required><JointNameAttribute z:Ref="i266"/><MultiplierAttribute z:Ref="i267"/><OffsetAttribute z:Ref="i268"/></URDFElement></ChildElements><ElementName>joint</ElementName><required>false</required><Axis z:Ref="i247"/><AxisName>?????????5</AxisName><Calibration z:Ref="i254"/><Child z:Ref="i245"/><CoordinateSystemName>?????????3</CoordinateSystemName><Dynamics z:Ref="i257"/><Limit z:Ref="i249"/><Mimic z:Ref="i265"/><NameAttribute z:Ref="i238"/><Origin z:Ref="i240"/><Parent z:Ref="i243"/><Safety z:Ref="i260"/><TypeAttribute z:Ref="i239"/></URDFElement></ChildElements><ElementName>link</ElementName><required>true</required><Children/><Collision z:Ref="i230"/><Inertial z:Ref="i204"/><Joint z:Ref="i237"/><NameAttribute z:Ref="i203"/><Parent z:Ref="i1"/><STLQualityFine>false</STLQualityFine><SWComponentPIDs xmlns:a="http://schemas.microsoft.com/2003/10/Serialization/Arrays"><a:base64Binary>mDoAAAUAAAD//v8cdwBoAGUAZQBsACAAYQBzAHMAZQBtAGIAbAB5AC0AMwBAAGEAcwBzAGUAbQBiAGwAeQAgAFYAMQAEAAAAEAAAAAEAAAABAAAAsgIAAA==</a:base64Binary></SWComponentPIDs><SWMainComponentPID i:nil="true"/><Visual z:Ref="i217"/><isFixedFrame>false</isFixedFrame><isIncomplete>false</isIncomplete></Link><Link z:Id="i269"><Attributes><Attribute z:Id="i270"><AttributeType>name</AttributeType><IsRequired>true</IsRequired><Value i:type="a:string" xmlns:a="http://www.w3.org/2001/XMLSchema">wheel_3_Link</Value></Attribute></Attributes><ChildElements><URDFElement z:Id="i271" i:type="Inertial"><Attributes/><ChildElements><URDFElement z:Id="i272" i:type="Origin"><Attributes><Attribute z:Id="i273"><AttributeType>xyz</AttributeType><IsRequired>true</IsRequired><Value i:type="a:ArrayOfdouble" xmlns:a="http://schemas.microsoft.com/2003/10/Serialization/Arrays"><a:double>-2.9604E-06</a:double><a:double>-0.00078965</a:double><a:double>3.429E-06</a:double></Value></Attribute><Attribute z:Id="i274"><AttributeType>rpy</AttributeType><IsRequired>true</IsRequired><Value i:type="a:ArrayOfdouble" xmlns:a="http://schemas.microsoft.com/2003/10/Serialization/Arrays"><a:double>0</a:double><a:double>0</a:double><a:double>0</a:double></Value></Attribute></Attributes><ChildElements/><ElementName>origin</ElementName><required>false</required><RPYAttribute z:Ref="i274"/><XYZAttribute z:Ref="i273"/><isCustomized>false</isCustomized></URDFElement><URDFElement z:Id="i275" i:type="Mass"><Attributes><Attribute z:Id="i276"><AttributeType>value</AttributeType><IsRequired>true</IsRequired><Value i:type="a:double" xmlns:a="http://www.w3.org/2001/XMLSchema">0.02299</Value></Attribute></Attributes><ChildElements/><ElementName>mass</ElementName><required>false</required><ValueAttribute z:Ref="i276"/></URDFElement><URDFElement z:Id="i277" i:type="Inertia"><Attributes><Attribute z:Id="i278"><AttributeType>ixx</AttributeType><IsRequired>true</IsRequired><Value i:type="a:double" xmlns:a="http://www.w3.org/2001/XMLSchema">2.5133E-06</Value></Attribute><Attribute z:Id="i279"><AttributeType>ixy</AttributeType><IsRequired>true</IsRequired><Value i:type="a:double" xmlns:a="http://www.w3.org/2001/XMLSchema">3.5575E-17</Value></Attribute><Attribute z:Id="i280"><AttributeType>ixz</AttributeType><IsRequired>true</IsRequired><Value i:type="a:double" xmlns:a="http://www.w3.org/2001/XMLSchema">-1.4435E-17</Value></Attribute><Attribute z:Id="i281"><AttributeType>iyy</AttributeType><IsRequired>true</IsRequired><Value i:type="a:double" xmlns:a="http://www.w3.org/2001/XMLSchema">4.7981E-06</Value></Attribute><Attribute z:Id="i282"><AttributeType>iyz</AttributeType><IsRequired>true</IsRequired><Value i:type="a:double" xmlns:a="http://www.w3.org/2001/XMLSchema">-6.407E-17</Value></Attribute><Attribute z:Id="i283"><AttributeType>izz</AttributeType><IsRequired>true</IsRequired><Value i:type="a:double" xmlns:a="http://www.w3.org/2001/XMLSchema">2.5133E-06</Value></Attribute></Attributes><ChildElements/><ElementName>inertia</ElementName><required>false</required><IxxAttribute z:Ref="i278"/><IxyAttribute z:Ref="i279"/><IxzAttribute z:Ref="i280"/><IyyAttribute z:Ref="i281"/><IyzAttribute z:Ref="i282"/><IzzAttribute z:Ref="i283"/></URDFElement></ChildElements><ElementName>inertial</ElementName><required>false</required><Inertia z:Ref="i277"/><Mass z:Ref="i275"/><Origin z:Ref="i272"/></URDFElement><URDFElement z:Id="i284" i:type="Visual"><Attributes/><ChildElements><URDFElement z:Id="i285" i:type="Origin"><Attributes><Attribute z:Id="i286"><AttributeType>xyz</AttributeType><IsRequired>true</IsRequired><Value i:type="a:ArrayOfdouble" xmlns:a="http://schemas.microsoft.com/2003/10/Serialization/Arrays"><a:double>0</a:double><a:double>0</a:double><a:double>0</a:double></Value></Attribute><Attribute z:Id="i287"><AttributeType>rpy</AttributeType><IsRequired>true</IsRequired><Value i:type="a:ArrayOfdouble" xmlns:a="http://schemas.microsoft.com/2003/10/Serialization/Arrays"><a:double>0</a:double><a:double>0</a:double><a:double>0</a:double></Value></Attribute></Attributes><ChildElements/><ElementName>origin</ElementName><required>false</required><RPYAttribute z:Ref="i287"/><XYZAttribute z:Ref="i286"/><isCustomized>false</isCustomized></URDFElement><URDFElement z:Id="i288" i:type="Geometry"><Attributes/><ChildElements><URDFElement z:Id="i289" i:type="Mesh"><Attributes><Attribute z:Id="i290"><AttributeType>filename</AttributeType><IsRequired>true</IsRequired><Value i:nil="true"/></Attribute></Attributes><ChildElements/><ElementName>mesh</ElementName><required>false</required><FilenameAttribute z:Ref="i290"/></URDFElement></ChildElements><ElementName>geometry</ElementName><required>true</required><Mesh z:Ref="i289"/></URDFElement><URDFElement z:Id="i291" i:type="Material"><Attributes><Attribute z:Id="i292"><AttributeType>name</AttributeType><IsRequired>true</IsRequired><Value i:type="a:string" xmlns:a="http://www.w3.org/2001/XMLSchema"/></Attribute></Attributes><ChildElements><URDFElement z:Id="i293" i:type="Color"><Attributes><Attribute z:Id="i294"><AttributeType>rgba</AttributeType><IsRequired>true</IsRequired><Value i:type="a:ArrayOfdouble" xmlns:a="http://schemas.microsoft.com/2003/10/Serialization/Arrays"><a:double>1</a:double><a:double>1</a:double><a:double>1</a:double><a:double>1</a:double></Value></Attribute></Attributes><ChildElements/><ElementName>color</ElementName><required>false</required><RGBAAttribute z:Ref="i294"/></URDFElement><URDFElement z:Id="i295" i:type="Texture"><Attributes><Attribute z:Id="i296"><AttributeType>filename</AttributeType><IsRequired>true</IsRequired><Value i:nil="true"/></Attribute></Attributes><ChildElements/><ElementName>texture</ElementName><required>false</required><FilenameAttribute z:Ref="i296"/><wFilename/></URDFElement></ChildElements><ElementName>material</ElementName><required>false</required><Color z:Ref="i293"/><NameAttribute z:Ref="i292"/><Texture z:Ref="i295"/></URDFElement></ChildElements><ElementName>visual</ElementName><required>false</required><Geometry z:Ref="i288"/><Material z:Ref="i291"/><Origin z:Ref="i285"/></URDFElement><URDFElement z:Id="i297" i:type="Collision"><Attributes/><ChildElements><URDFElement z:Id="i298" i:type="Origin"><Attributes><Attribute z:Id="i299"><AttributeType>xyz</AttributeType><IsRequired>true</IsRequired><Value i:type="a:ArrayOfdouble" xmlns:a="http://schemas.microsoft.com/2003/10/Serialization/Arrays"><a:double>0</a:double><a:double>0</a:double><a:double>0</a:double></Value></Attribute><Attribute z:Id="i300"><AttributeType>rpy</AttributeType><IsRequired>true</IsRequired><Value i:type="a:ArrayOfdouble" xmlns:a="http://schemas.microsoft.com/2003/10/Serialization/Arrays"><a:double>0</a:double><a:double>0</a:double><a:double>0</a:double></Value></Attribute></Attributes><ChildElements/><ElementName>origin</ElementName><required>false</required><RPYAttribute z:Ref="i300"/><XYZAttribute z:Ref="i299"/><isCustomized>false</isCustomized></URDFElement><URDFElement z:Id="i301" i:type="Geometry"><Attributes/><ChildElements><URDFElement z:Id="i302" i:type="Mesh"><Attributes><Attribute z:Id="i303"><AttributeType>filename</AttributeType><IsRequired>true</IsRequired><Value i:nil="true"/></Attribute></Attributes><ChildElements/><ElementName>mesh</ElementName><required>false</required><FilenameAttribute z:Ref="i303"/></URDFElement></ChildElements><ElementName>geometry</ElementName><required>true</required><Mesh z:Ref="i302"/></URDFElement></ChildElements><ElementName>collision</ElementName><required>false</required><Geometry z:Ref="i301"/><Origin z:Ref="i298"/></URDFElement><URDFElement z:Id="i304" i:type="Joint"><Attributes><Attribute z:Id="i305"><AttributeType>name</AttributeType><IsRequired>true</IsRequired><Value i:type="a:string" xmlns:a="http://www.w3.org/2001/XMLSchema">wheel_3_Joint</Value></Attribute><Attribute z:Id="i306"><AttributeType>type</AttributeType><IsRequired>true</IsRequired><Value i:type="a:string" xmlns:a="http://www.w3.org/2001/XMLSchema">continuous</Value></Attribute></Attributes><ChildElements><URDFElement z:Id="i307" i:type="Origin"><Attributes><Attribute z:Id="i308"><AttributeType>xyz</AttributeType><IsRequired>true</IsRequired><Value i:type="a:ArrayOfdouble" xmlns:a="http://schemas.microsoft.com/2003/10/Serialization/Arrays"><a:double>-0.054027</a:double><a:double>-0.2005</a:double><a:double>-0.050229</a:double></Value></Attribute><Attribute z:Id="i309"><AttributeType>rpy</AttributeType><IsRequired>true</IsRequired><Value i:type="a:ArrayOfdouble" xmlns:a="http://schemas.microsoft.com/2003/10/Serialization/Arrays"><a:double>-1.5708</a:double><a:double>-0.7854</a:double><a:double>3.1416</a:double></Value></Attribute></Attributes><ChildElements/><ElementName>origin</ElementName><required>false</required><RPYAttribute z:Ref="i309"/><XYZAttribute z:Ref="i308"/><isCustomized>false</isCustomized></URDFElement><URDFElement z:Id="i310" i:type="ParentLink"><Attributes><Attribute z:Id="i311"><AttributeType>link</AttributeType><IsRequired>true</IsRequired><Value i:type="a:string" xmlns:a="http://www.w3.org/2001/XMLSchema">base_Link</Value></Attribute></Attributes><ChildElements/><ElementName>parent</ElementName><required>true</required><NameAttribute z:Ref="i311"/></URDFElement><URDFElement z:Id="i312" i:type="ChildLink"><Attributes><Attribute z:Id="i313"><AttributeType>link</AttributeType><IsRequired>true</IsRequired><Value i:type="a:string" xmlns:a="http://www.w3.org/2001/XMLSchema">wheel_3_Link</Value></Attribute></Attributes><ChildElements/><ElementName>child</ElementName><required>true</required><NameAttribute z:Ref="i313"/></URDFElement><URDFElement z:Id="i314" i:type="Axis"><Attributes><Attribute z:Id="i315"><AttributeType>xyz</AttributeType><IsRequired>true</IsRequired><Value i:type="a:ArrayOfdouble" xmlns:a="http://schemas.microsoft.com/2003/10/Serialization/Arrays"><a:double>0</a:double><a:double>1</a:double><a:double>0</a:double></Value></Attribute></Attributes><ChildElements/><ElementName>axis</ElementName><required>false</required><XYZAttribute z:Ref="i315"/></URDFElement><URDFElement z:Id="i316" i:type="Limit"><Attributes><Attribute z:Id="i317"><AttributeType>lower</AttributeType><IsRequired>false</IsRequired><Value i:nil="true"/></Attribute><Attribute z:Id="i318"><AttributeType>upper</AttributeType><IsRequired>false</IsRequired><Value i:nil="true"/></Attribute><Attribute z:Id="i319"><AttributeType>effort</AttributeType><IsRequired>true</IsRequired><Value i:nil="true"/></Attribute><Attribute z:Id="i320"><AttributeType>velocity</AttributeType><IsRequired>true</IsRequired><Value i:nil="true"/></Attribute></Attributes><ChildElements/><ElementName>limit</ElementName><required>false</required><EffortAttribute z:Ref="i319"/><LowerAttribute z:Ref="i317"/><UpperAttribute z:Ref="i318"/><VelocityAttribute z:Ref="i320"/></URDFElement><URDFElement z:Id="i321" i:type="Calibration"><Attributes><Attribute z:Id="i322"><AttributeType>rising</AttributeType><IsRequired>false</IsRequired><Value i:nil="true"/></Attribute><Attribute z:Id="i323"><AttributeType>falling</AttributeType><IsRequired>false</IsRequired><Value i:nil="true"/></Attribute></Attributes><ChildElements/><ElementName>calibration</ElementName><required>false</required><FallingAttribute z:Ref="i323"/><RisingAttribute z:Ref="i322"/></URDFElement><URDFElement z:Id="i324" i:type="Dynamics"><Attributes><Attribute z:Id="i325"><AttributeType>damping</AttributeType><IsRequired>false</IsRequired><Value i:nil="true"/></Attribute><Attribute z:Id="i326"><AttributeType>friction</AttributeType><IsRequired>false</IsRequired><Value i:nil="true"/></Attribute></Attributes><ChildElements/><ElementName>dynamics</ElementName><required>false</required><DampingAttribute z:Ref="i325"/><FrictionAttribute z:Ref="i326"/></URDFElement><URDFElement z:Id="i327" i:type="SafetyController"><Attributes><Attribute z:Id="i328"><AttributeType>soft_upper_limit</AttributeType><IsRequired>false</IsRequired><Value i:nil="true"/></Attribute><Attribute z:Id="i329"><AttributeType>soft_lower_limit</AttributeType><IsRequired>false</IsRequired><Value i:nil="true"/></Attribute><Attribute z:Id="i330"><AttributeType>k_position</AttributeType><IsRequired>false</IsRequired><Value i:nil="true"/></Attribute><Attribute z:Id="i331"><AttributeType>k_velocity</AttributeType><IsRequired>true</IsRequired><Value i:nil="true"/></Attribute></Attributes><ChildElements/><ElementName>safety_controller</ElementName><required>false</required><KPositionAttribute z:Ref="i330"/><KVelocityAttribute z:Ref="i331"/><SoftLowerAttribute z:Ref="i329"/><SoftUpperAttribute z:Ref="i328"/></URDFElement><URDFElement z:Id="i332" i:type="Mimic"><Attributes><Attribute z:Id="i333"><AttributeType>joint</AttributeType><IsRequired>true</IsRequired><Value i:nil="true"/></Attribute><Attribute z:Id="i334"><AttributeType>multiplier</AttributeType><IsRequired>false</IsRequired><Value i:nil="true"/></Attribute><Attribute z:Id="i335"><AttributeType>offset</AttributeType><IsRequired>false</IsRequired><Value i:nil="true"/></Attribute></Attributes><ChildElements/><ElementName>mimic</ElementName><required>false</required><JointNameAttribute z:Ref="i333"/><MultiplierAttribute z:Ref="i334"/><OffsetAttribute z:Ref="i335"/></URDFElement></ChildElements><ElementName>joint</ElementName><required>false</required><Axis z:Ref="i314"/><AxisName>?????????1</AxisName><Calibration z:Ref="i321"/><Child z:Ref="i312"/><CoordinateSystemName>?????????2</CoordinateSystemName><Dynamics z:Ref="i324"/><Limit z:Ref="i316"/><Mimic z:Ref="i332"/><NameAttribute z:Ref="i305"/><Origin z:Ref="i307"/><Parent z:Ref="i310"/><Safety z:Ref="i327"/><TypeAttribute z:Ref="i306"/></URDFElement></ChildElements><ElementName>link</ElementName><required>true</required><Children/><Collision z:Ref="i297"/><Inertial z:Ref="i271"/><Joint z:Ref="i304"/><NameAttribute z:Ref="i270"/><Parent z:Ref="i1"/><STLQualityFine>false</STLQualityFine><SWComponentPIDs xmlns:a="http://schemas.microsoft.com/2003/10/Serialization/Arrays"><a:base64Binary>mDoAAAUAAAD//v8cdwBoAGUAZQBsACAAYQBzAHMAZQBtAGIAbAB5AC0ANABAAGEAcwBzAGUAbQBiAGwAeQAgAFYAMQAEAAAAEAAAAAEAAAABAAAAtQIAAA==</a:base64Binary></SWComponentPIDs><SWMainComponentPID i:nil="true"/><Visual z:Ref="i284"/><isFixedFrame>false</isFixedFrame><isIncomplete>false</isIncomplete></Link><Link z:Id="i336"><Attributes><Attribute z:Id="i337"><AttributeType>name</AttributeType><IsRequired>true</IsRequired><Value i:type="a:string" xmlns:a="http://www.w3.org/2001/XMLSchema">mouth_Link</Value></Attribute></Attributes><ChildElements><URDFElement z:Id="i338" i:type="Inertial"><Attributes/><ChildElements><URDFElement z:Id="i339" i:type="Origin"><Attributes><Attribute z:Id="i340"><AttributeType>xyz</AttributeType><IsRequired>true</IsRequired><Value i:type="a:ArrayOfdouble" xmlns:a="http://schemas.microsoft.com/2003/10/Serialization/Arrays"><a:double>0.0061665</a:double><a:double>-0.041178</a:double><a:double>0.033013</a:double></Value></Attribute><Attribute z:Id="i341"><AttributeType>rpy</AttributeType><IsRequired>true</IsRequired><Value i:type="a:ArrayOfdouble" xmlns:a="http://schemas.microsoft.com/2003/10/Serialization/Arrays"><a:double>0</a:double><a:double>0</a:double><a:double>0</a:double></Value></Attribute></Attributes><ChildElements/><ElementName>origin</ElementName><required>false</required><RPYAttribute z:Ref="i341"/><XYZAttribute z:Ref="i340"/><isCustomized>false</isCustomized></URDFElement><URDFElement z:Id="i342" i:type="Mass"><Attributes><Attribute z:Id="i343"><AttributeType>value</AttributeType><IsRequired>true</IsRequired><Value i:type="a:double" xmlns:a="http://www.w3.org/2001/XMLSchema">0.10952</Value></Attribute></Attributes><ChildElements/><ElementName>mass</ElementName><required>false</required><ValueAttribute z:Ref="i343"/></URDFElement><URDFElement z:Id="i344" i:type="Inertia"><Attributes><Attribute z:Id="i345"><AttributeType>ixx</AttributeType><IsRequired>true</IsRequired><Value i:type="a:double" xmlns:a="http://www.w3.org/2001/XMLSchema">4.8361E-05</Value></Attribute><Attribute z:Id="i346"><AttributeType>ixy</AttributeType><IsRequired>true</IsRequired><Value i:type="a:double" xmlns:a="http://www.w3.org/2001/XMLSchema">-3.4805E-08</Value></Attribute><Attribute z:Id="i347"><AttributeType>ixz</AttributeType><IsRequired>true</IsRequired><Value i:type="a:double" xmlns:a="http://www.w3.org/2001/XMLSchema">-1.004E-07</Value></Attribute><Attribute z:Id="i348"><AttributeType>iyy</AttributeType><IsRequired>true</IsRequired><Value i:type="a:double" xmlns:a="http://www.w3.org/2001/XMLSchema">1.5441E-05</Value></Attribute><Attribute z:Id="i349"><AttributeType>iyz</AttributeType><IsRequired>true</IsRequired><Value i:type="a:double" xmlns:a="http://www.w3.org/2001/XMLSchema">2.5967E-08</Value></Attribute><Attribute z:Id="i350"><AttributeType>izz</AttributeType><IsRequired>true</IsRequired><Value i:type="a:double" xmlns:a="http://www.w3.org/2001/XMLSchema">4.7443E-05</Value></Attribute></Attributes><ChildElements/><ElementName>inertia</ElementName><required>false</required><IxxAttribute z:Ref="i345"/><IxyAttribute z:Ref="i346"/><IxzAttribute z:Ref="i347"/><IyyAttribute z:Ref="i348"/><IyzAttribute z:Ref="i349"/><IzzAttribute z:Ref="i350"/></URDFElement></ChildElements><ElementName>inertial</ElementName><required>false</required><Inertia z:Ref="i344"/><Mass z:Ref="i342"/><Origin z:Ref="i339"/></URDFElement><URDFElement z:Id="i351" i:type="Visual"><Attributes/><ChildElements><URDFElement z:Id="i352" i:type="Origin"><Attributes><Attribute z:Id="i353"><AttributeType>xyz</AttributeType><IsRequired>true</IsRequired><Value i:type="a:ArrayOfdouble" xmlns:a="http://schemas.microsoft.com/2003/10/Serialization/Arrays"><a:double>0</a:double><a:double>0</a:double><a:double>0</a:double></Value></Attribute><Attribute z:Id="i354"><AttributeType>rpy</AttributeType><IsRequired>true</IsRequired><Value i:type="a:ArrayOfdouble" xmlns:a="http://schemas.microsoft.com/2003/10/Serialization/Arrays"><a:double>0</a:double><a:double>0</a:double><a:double>0</a:double></Value></Attribute></Attributes><ChildElements/><ElementName>origin</ElementName><required>false</required><RPYAttribute z:Ref="i354"/><XYZAttribute z:Ref="i353"/><isCustomized>false</isCustomized></URDFElement><URDFElement z:Id="i355" i:type="Geometry"><Attributes/><ChildElements><URDFElement z:Id="i356" i:type="Mesh"><Attributes><Attribute z:Id="i357"><AttributeType>filename</AttributeType><IsRequired>true</IsRequired><Value i:nil="true"/></Attribute></Attributes><ChildElements/><ElementName>mesh</ElementName><required>false</required><FilenameAttribute z:Ref="i357"/></URDFElement></ChildElements><ElementName>geometry</ElementName><required>true</required><Mesh z:Ref="i356"/></URDFElement><URDFElement z:Id="i358" i:type="Material"><Attributes><Attribute z:Id="i359"><AttributeType>name</AttributeType><IsRequired>true</IsRequired><Value i:type="a:string" xmlns:a="http://www.w3.org/2001/XMLSchema"/></Attribute></Attributes><ChildElements><URDFElement z:Id="i360" i:type="Color"><Attributes><Attribute z:Id="i361"><AttributeType>rgba</AttributeType><IsRequired>true</IsRequired><Value i:type="a:ArrayOfdouble" xmlns:a="http://schemas.microsoft.com/2003/10/Serialization/Arrays"><a:double>0.89804</a:double><a:double>0.91765</a:double><a:double>0.92941</a:double><a:double>1</a:double></Value></Attribute></Attributes><ChildElements/><ElementName>color</ElementName><required>false</required><RGBAAttribute z:Ref="i361"/></URDFElement><URDFElement z:Id="i362" i:type="Texture"><Attributes><Attribute z:Id="i363"><AttributeType>filename</AttributeType><IsRequired>true</IsRequired><Value i:nil="true"/></Attribute></Attributes><ChildElements/><ElementName>texture</ElementName><required>false</required><FilenameAttribute z:Ref="i363"/><wFilename/></URDFElement></ChildElements><ElementName>material</ElementName><required>false</required><Color z:Ref="i360"/><NameAttribute z:Ref="i359"/><Texture z:Ref="i362"/></URDFElement></ChildElements><ElementName>visual</ElementName><required>false</required><Geometry z:Ref="i355"/><Material z:Ref="i358"/><Origin z:Ref="i352"/></URDFElement><URDFElement z:Id="i364" i:type="Collision"><Attributes/><ChildElements><URDFElement z:Id="i365" i:type="Origin"><Attributes><Attribute z:Id="i366"><AttributeType>xyz</AttributeType><IsRequired>true</IsRequired><Value i:type="a:ArrayOfdouble" xmlns:a="http://schemas.microsoft.com/2003/10/Serialization/Arrays"><a:double>0</a:double><a:double>0</a:double><a:double>0</a:double></Value></Attribute><Attribute z:Id="i367"><AttributeType>rpy</AttributeType><IsRequired>true</IsRequired><Value i:type="a:ArrayOfdouble" xmlns:a="http://schemas.microsoft.com/2003/10/Serialization/Arrays"><a:double>0</a:double><a:double>0</a:double><a:double>0</a:double></Value></Attribute></Attributes><ChildElements/><ElementName>origin</ElementName><required>false</required><RPYAttribute z:Ref="i367"/><XYZAttribute z:Ref="i366"/><isCustomized>false</isCustomized></URDFElement><URDFElement z:Id="i368" i:type="Geometry"><Attributes/><ChildElements><URDFElement z:Id="i369" i:type="Mesh"><Attributes><Attribute z:Id="i370"><AttributeType>filename</AttributeType><IsRequired>true</IsRequired><Value i:nil="true"/></Attribute></Attributes><ChildElements/><ElementName>mesh</ElementName><required>false</required><FilenameAttribute z:Ref="i370"/></URDFElement></ChildElements><ElementName>geometry</ElementName><required>true</required><Mesh z:Ref="i369"/></URDFElement></ChildElements><ElementName>collision</ElementName><required>false</required><Geometry z:Ref="i368"/><Origin z:Ref="i365"/></URDFElement><URDFElement z:Id="i371" i:type="Joint"><Attributes><Attribute z:Id="i372"><AttributeType>name</AttributeType><IsRequired>true</IsRequired><Value i:type="a:string" xmlns:a="http://www.w3.org/2001/XMLSchema">mouth_Joint</Value></Attribute><Attribute z:Id="i373"><AttributeType>type</AttributeType><IsRequired>true</IsRequired><Value i:type="a:string" xmlns:a="http://www.w3.org/2001/XMLSchema">continuous</Value></Attribute></Attributes><ChildElements><URDFElement z:Id="i374" i:type="Origin"><Attributes><Attribute z:Id="i375"><AttributeType>xyz</AttributeType><IsRequired>true</IsRequired><Value i:type="a:ArrayOfdouble" xmlns:a="http://schemas.microsoft.com/2003/10/Serialization/Arrays"><a:double>-0.041816</a:double><a:double>-0.1893</a:double><a:double>0.057533</a:double></Value></Attribute><Attribute z:Id="i376"><AttributeType>rpy</AttributeType><IsRequired>true</IsRequired><Value i:type="a:ArrayOfdouble" xmlns:a="http://schemas.microsoft.com/2003/10/Serialization/Arrays"><a:double>1.5708</a:double><a:double>-1.5708</a:double><a:double>0</a:double></Value></Attribute></Attributes><ChildElements/><ElementName>origin</ElementName><required>false</required><RPYAttribute z:Ref="i376"/><XYZAttribute z:Ref="i375"/><isCustomized>false</isCustomized></URDFElement><URDFElement z:Id="i377" i:type="ParentLink"><Attributes><Attribute z:Id="i378"><AttributeType>link</AttributeType><IsRequired>true</IsRequired><Value i:type="a:string" xmlns:a="http://www.w3.org/2001/XMLSchema">base_Link</Value></Attribute></Attributes><ChildElements/><ElementName>parent</ElementName><required>true</required><NameAttribute z:Ref="i378"/></URDFElement><URDFElement z:Id="i379" i:type="ChildLink"><Attributes><Attribute z:Id="i380"><AttributeType>link</AttributeType><IsRequired>true</IsRequired><Value i:type="a:string" xmlns:a="http://www.w3.org/2001/XMLSchema">mouth_Link</Value></Attribute></Attributes><ChildElements/><ElementName>child</ElementName><required>true</required><NameAttribute z:Ref="i380"/></URDFElement><URDFElement z:Id="i381" i:type="Axis"><Attributes><Attribute z:Id="i382"><AttributeType>xyz</AttributeType><IsRequired>true</IsRequired><Value i:type="a:ArrayOfdouble" xmlns:a="http://schemas.microsoft.com/2003/10/Serialization/Arrays"><a:double>0</a:double><a:double>1</a:double><a:double>0</a:double></Value></Attribute></Attributes><ChildElements/><ElementName>axis</ElementName><required>false</required><XYZAttribute z:Ref="i382"/></URDFElement><URDFElement z:Id="i383" i:type="Limit"><Attributes><Attribute z:Id="i384"><AttributeType>lower</AttributeType><IsRequired>false</IsRequired><Value i:nil="true"/></Attribute><Attribute z:Id="i385"><AttributeType>upper</AttributeType><IsRequired>false</IsRequired><Value i:nil="true"/></Attribute><Attribute z:Id="i386"><AttributeType>effort</AttributeType><IsRequired>true</IsRequired><Value i:nil="true"/></Attribute><Attribute z:Id="i387"><AttributeType>velocity</AttributeType><IsRequired>true</IsRequired><Value i:nil="true"/></Attribute></Attributes><ChildElements/><ElementName>limit</ElementName><required>false</required><EffortAttribute z:Ref="i386"/><LowerAttribute z:Ref="i384"/><UpperAttribute z:Ref="i385"/><VelocityAttribute z:Ref="i387"/></URDFElement><URDFElement z:Id="i388" i:type="Calibration"><Attributes><Attribute z:Id="i389"><AttributeType>rising</AttributeType><IsRequired>false</IsRequired><Value i:nil="true"/></Attribute><Attribute z:Id="i390"><AttributeType>falling</AttributeType><IsRequired>false</IsRequired><Value i:nil="true"/></Attribute></Attributes><ChildElements/><ElementName>calibration</ElementName><required>false</required><FallingAttribute z:Ref="i390"/><RisingAttribute z:Ref="i389"/></URDFElement><URDFElement z:Id="i391" i:type="Dynamics"><Attributes><Attribute z:Id="i392"><AttributeType>damping</AttributeType><IsRequired>false</IsRequired><Value i:nil="true"/></Attribute><Attribute z:Id="i393"><AttributeType>friction</AttributeType><IsRequired>false</IsRequired><Value i:nil="true"/></Attribute></Attributes><ChildElements/><ElementName>dynamics</ElementName><required>false</required><DampingAttribute z:Ref="i392"/><FrictionAttribute z:Ref="i393"/></URDFElement><URDFElement z:Id="i394" i:type="SafetyController"><Attributes><Attribute z:Id="i395"><AttributeType>soft_upper_limit</AttributeType><IsRequired>false</IsRequired><Value i:nil="true"/></Attribute><Attribute z:Id="i396"><AttributeType>soft_lower_limit</AttributeType><IsRequired>false</IsRequired><Value i:nil="true"/></Attribute><Attribute z:Id="i397"><AttributeType>k_position</AttributeType><IsRequired>false</IsRequired><Value i:nil="true"/></Attribute><Attribute z:Id="i398"><AttributeType>k_velocity</AttributeType><IsRequired>true</IsRequired><Value i:nil="true"/></Attribute></Attributes><ChildElements/><ElementName>safety_controller</ElementName><required>false</required><KPositionAttribute z:Ref="i397"/><KVelocityAttribute z:Ref="i398"/><SoftLowerAttribute z:Ref="i396"/><SoftUpperAttribute z:Ref="i395"/></URDFElement><URDFElement z:Id="i399" i:type="Mimic"><Attributes><Attribute z:Id="i400"><AttributeType>joint</AttributeType><IsRequired>true</IsRequired><Value i:nil="true"/></Attribute><Attribute z:Id="i401"><AttributeType>multiplier</AttributeType><IsRequired>false</IsRequired><Value i:nil="true"/></Attribute><Attribute z:Id="i402"><AttributeType>offset</AttributeType><IsRequired>false</IsRequired><Value i:nil="true"/></Attribute></Attributes><ChildElements/><ElementName>mimic</ElementName><required>false</required><JointNameAttribute z:Ref="i400"/><MultiplierAttribute z:Ref="i401"/><OffsetAttribute z:Ref="i402"/></URDFElement></ChildElements><ElementName>joint</ElementName><required>false</required><Axis z:Ref="i381"/><AxisName>?????????7</AxisName><Calibration z:Ref="i388"/><Child z:Ref="i379"/><CoordinateSystemName>?????????7</CoordinateSystemName><Dynamics z:Ref="i391"/><Limit z:Ref="i383"/><Mimic z:Ref="i399"/><NameAttribute z:Ref="i372"/><Origin z:Ref="i374"/><Parent z:Ref="i377"/><Safety z:Ref="i394"/><TypeAttribute z:Ref="i373"/></URDFElement></ChildElements><ElementName>link</ElementName><required>true</required><Children><Link z:Id="i403"><Attributes><Attribute z:Id="i404"><AttributeType>name</AttributeType><IsRequired>true</IsRequired><Value i:type="a:string" xmlns:a="http://www.w3.org/2001/XMLSchema">dribble_Link</Value></Attribute></Attributes><ChildElements><URDFElement z:Id="i405" i:type="Inertial"><Attributes/><ChildElements><URDFElement z:Id="i406" i:type="Origin"><Attributes><Attribute z:Id="i407"><AttributeType>xyz</AttributeType><IsRequired>true</IsRequired><Value i:type="a:ArrayOfdouble" xmlns:a="http://schemas.microsoft.com/2003/10/Serialization/Arrays"><a:double>2.2549068568092356E-05</a:double><a:double>0.0019167619108323305</a:double><a:double>0.00014443174428210859</a:double></Value></Attribute><Attribute z:Id="i408"><AttributeType>rpy</AttributeType><IsRequired>true</IsRequired><Value i:type="a:ArrayOfdouble" xmlns:a="http://schemas.microsoft.com/2003/10/Serialization/Arrays"><a:double>0</a:double><a:double>0</a:double><a:double>0</a:double></Value></Attribute></Attributes><ChildElements/><ElementName>origin</ElementName><required>false</required><RPYAttribute z:Ref="i408"/><XYZAttribute z:Ref="i407"/><isCustomized>false</isCustomized></URDFElement><URDFElement z:Id="i409" i:type="Mass"><Attributes><Attribute z:Id="i410"><AttributeType>value</AttributeType><IsRequired>true</IsRequired><Value i:type="a:double" xmlns:a="http://www.w3.org/2001/XMLSchema">0.017856717715436888</Value></Attribute></Attributes><ChildElements/><ElementName>mass</ElementName><required>false</required><ValueAttribute z:Ref="i410"/></URDFElement><URDFElement z:Id="i411" i:type="Inertia"><Attributes><Attribute z:Id="i412"><AttributeType>ixx</AttributeType><IsRequired>true</IsRequired><Value i:type="a:double" xmlns:a="http://www.w3.org/2001/XMLSchema">7.3783809500449276E-06</Value></Attribute><Attribute z:Id="i413"><AttributeType>ixy</AttributeType><IsRequired>true</IsRequired><Value i:type="a:double" xmlns:a="http://www.w3.org/2001/XMLSchema">-7.9042215883974576E-10</Value></Attribute><Attribute z:Id="i414"><AttributeType>ixz</AttributeType><IsRequired>true</IsRequired><Value i:type="a:double" xmlns:a="http://www.w3.org/2001/XMLSchema">1.8567150504362987E-10</Value></Attribute><Attribute z:Id="i415"><AttributeType>iyy</AttributeType><IsRequired>true</IsRequired><Value i:type="a:double" xmlns:a="http://www.w3.org/2001/XMLSchema">2.5482459922263304E-07</Value></Attribute><Attribute z:Id="i416"><AttributeType>iyz</AttributeType><IsRequired>true</IsRequired><Value i:type="a:double" xmlns:a="http://www.w3.org/2001/XMLSchema">-3.6985791141700121E-09</Value></Attribute><Attribute z:Id="i417"><AttributeType>izz</AttributeType><IsRequired>true</IsRequired><Value i:type="a:double" xmlns:a="http://www.w3.org/2001/XMLSchema">7.3794838058904949E-06</Value></Attribute></Attributes><ChildElements/><ElementName>inertia</ElementName><required>false</required><IxxAttribute z:Ref="i412"/><IxyAttribute z:Ref="i413"/><IxzAttribute z:Ref="i414"/><IyyAttribute z:Ref="i415"/><IyzAttribute z:Ref="i416"/><IzzAttribute z:Ref="i417"/></URDFElement></ChildElements><ElementName>inertial</ElementName><required>false</required><Inertia z:Ref="i411"/><Mass z:Ref="i409"/><Origin z:Ref="i406"/></URDFElement><URDFElement z:Id="i418" i:type="Visual"><Attributes/><ChildElements><URDFElement z:Id="i419" i:type="Origin"><Attributes><Attribute z:Id="i420"><AttributeType>xyz</AttributeType><IsRequired>true</IsRequired><Value i:type="a:ArrayOfdouble" xmlns:a="http://schemas.microsoft.com/2003/10/Serialization/Arrays"><a:double>0</a:double><a:double>0</a:double><a:double>0</a:double></Value></Attribute><Attribute z:Id="i421"><AttributeType>rpy</AttributeType><IsRequired>true</IsRequired><Value i:type="a:ArrayOfdouble" xmlns:a="http://schemas.microsoft.com/2003/10/Serialization/Arrays"><a:double>0</a:double><a:double>0</a:double><a:double>0</a:double></Value></Attribute></Attributes><ChildElements/><ElementName>origin</ElementName><required>false</required><RPYAttribute z:Ref="i421"/><XYZAttribute z:Ref="i420"/><isCustomized>false</isCustomized></URDFElement><URDFElement z:Id="i422" i:type="Geometry"><Attributes/><ChildElements><URDFElement z:Id="i423" i:type="Mesh"><Attributes><Attribute z:Id="i424"><AttributeType>filename</AttributeType><IsRequired>true</IsRequired><Value i:nil="true"/></Attribute></Attributes><ChildElements/><ElementName>mesh</ElementName><required>false</required><FilenameAttribute z:Ref="i424"/></URDFElement></ChildElements><ElementName>geometry</ElementName><required>true</required><Mesh z:Ref="i423"/></URDFElement><URDFElement z:Id="i425" i:type="Material"><Attributes><Attribute z:Id="i426"><AttributeType>name</AttributeType><IsRequired>true</IsRequired><Value i:type="a:string" xmlns:a="http://www.w3.org/2001/XMLSchema"/></Attribute></Attributes><ChildElements><URDFElement z:Id="i427" i:type="Color"><Attributes><Attribute z:Id="i428"><AttributeType>rgba</AttributeType><IsRequired>true</IsRequired><Value i:type="a:ArrayOfdouble" xmlns:a="http://schemas.microsoft.com/2003/10/Serialization/Arrays"><a:double>1</a:double><a:double>1</a:double><a:double>1</a:double><a:double>1</a:double></Value></Attribute></Attributes><ChildElements/><ElementName>color</ElementName><required>false</required><RGBAAttribute z:Ref="i428"/></URDFElement><URDFElement z:Id="i429" i:type="Texture"><Attributes><Attribute z:Id="i430"><AttributeType>filename</AttributeType><IsRequired>true</IsRequired><Value i:nil="true"/></Attribute></Attributes><ChildElements/><ElementName>texture</ElementName><required>false</required><FilenameAttribute z:Ref="i430"/><wFilename/></URDFElement></ChildElements><ElementName>material</ElementName><required>false</required><Color z:Ref="i427"/><NameAttribute z:Ref="i426"/><Texture z:Ref="i429"/></URDFElement></ChildElements><ElementName>visual</ElementName><required>false</required><Geometry z:Ref="i422"/><Material z:Ref="i425"/><Origin z:Ref="i419"/></URDFElement><URDFElement z:Id="i431" i:type="Collision"><Attributes/><ChildElements><URDFElement z:Id="i432" i:type="Origin"><Attributes><Attribute z:Id="i433"><AttributeType>xyz</AttributeType><IsRequired>true</IsRequired><Value i:type="a:ArrayOfdouble" xmlns:a="http://schemas.microsoft.com/2003/10/Serialization/Arrays"><a:double>0</a:double><a:double>0</a:double><a:double>0</a:double></Value></Attribute><Attribute z:Id="i434"><AttributeType>rpy</AttributeType><IsRequired>true</IsRequired><Value i:type="a:ArrayOfdouble" xmlns:a="http://schemas.microsoft.com/2003/10/Serialization/Arrays"><a:double>0</a:double><a:double>0</a:double><a:double>0</a:double></Value></Attribute></Attributes><ChildElements/><ElementName>origin</ElementName><required>false</required><RPYAttribute z:Ref="i434"/><XYZAttribute z:Ref="i433"/><isCustomized>false</isCustomized></URDFElement><URDFElement z:Id="i435" i:type="Geometry"><Attributes/><ChildElements><URDFElement z:Id="i436" i:type="Mesh"><Attributes><Attribute z:Id="i437"><AttributeType>filename</AttributeType><IsRequired>true</IsRequired><Value i:nil="true"/></Attribute></Attributes><ChildElements/><ElementName>mesh</ElementName><required>false</required><FilenameAttribute z:Ref="i437"/></URDFElement></ChildElements><ElementName>geometry</ElementName><required>true</required><Mesh z:Ref="i436"/></URDFElement></ChildElements><ElementName>collision</ElementName><required>false</required><Geometry z:Ref="i435"/><Origin z:Ref="i432"/></URDFElement><URDFElement z:Id="i438" i:type="Joint"><Attributes><Attribute z:Id="i439"><AttributeType>name</AttributeType><IsRequired>true</IsRequired><Value i:type="a:string" xmlns:a="http://www.w3.org/2001/XMLSchema">dribble_Joint</Value></Attribute><Attribute z:Id="i440"><AttributeType>type</AttributeType><IsRequired>true</IsRequired><Value i:type="a:string" xmlns:a="http://www.w3.org/2001/XMLSchema">continuous</Value></Attribute></Attributes><ChildElements><URDFElement z:Id="i441" i:type="Origin"><Attributes><Attribute z:Id="i442"><AttributeType>xyz</AttributeType><IsRequired>true</IsRequired><Value i:type="a:ArrayOfdouble" xmlns:a="http://schemas.microsoft.com/2003/10/Serialization/Arrays"><a:double>0.015669</a:double><a:double>-0.0459</a:double><a:double>0.027271</a:double></Value></Attribute><Attribute z:Id="i443"><AttributeType>rpy</AttributeType><IsRequired>true</IsRequired><Value i:type="a:ArrayOfdouble" xmlns:a="http://schemas.microsoft.com/2003/10/Serialization/Arrays"><a:double>0</a:double><a:double>-0.18761</a:double><a:double>0</a:double></Value></Attribute></Attributes><ChildElements/><ElementName>origin</ElementName><required>false</required><RPYAttribute z:Ref="i443"/><XYZAttribute z:Ref="i442"/><isCustomized>false</isCustomized></URDFElement><URDFElement z:Id="i444" i:type="ParentLink"><Attributes><Attribute z:Id="i445"><AttributeType>link</AttributeType><IsRequired>true</IsRequired><Value i:type="a:string" xmlns:a="http://www.w3.org/2001/XMLSchema">mouth_Link</Value></Attribute></Attributes><ChildElements/><ElementName>parent</ElementName><required>true</required><NameAttribute z:Ref="i445"/></URDFElement><URDFElement z:Id="i446" i:type="ChildLink"><Attributes><Attribute z:Id="i447"><AttributeType>link</AttributeType><IsRequired>true</IsRequired><Value i:type="a:string" xmlns:a="http://www.w3.org/2001/XMLSchema">dribble_Link</Value></Attribute></Attributes><ChildElements/><ElementName>child</ElementName><required>true</required><NameAttribute z:Ref="i447"/></URDFElement><URDFElement z:Id="i448" i:type="Axis"><Attributes><Attribute z:Id="i449"><AttributeType>xyz</AttributeType><IsRequired>true</IsRequired><Value i:type="a:ArrayOfdouble" xmlns:a="http://schemas.microsoft.com/2003/10/Serialization/Arrays"><a:double>0</a:double><a:double>-1</a:double><a:double>0</a:double></Value></Attribute></Attributes><ChildElements/><ElementName>axis</ElementName><required>false</required><XYZAttribute z:Ref="i449"/></URDFElement><URDFElement z:Id="i450" i:type="Limit"><Attributes><Attribute z:Id="i451"><AttributeType>lower</AttributeType><IsRequired>false</IsRequired><Value i:nil="true"/></Attribute><Attribute z:Id="i452"><AttributeType>upper</AttributeType><IsRequired>false</IsRequired><Value i:nil="true"/></Attribute><Attribute z:Id="i453"><AttributeType>effort</AttributeType><IsRequired>true</IsRequired><Value i:nil="true"/></Attribute><Attribute z:Id="i454"><AttributeType>velocity</AttributeType><IsRequired>true</IsRequired><Value i:nil="true"/></Attribute></Attributes><ChildElements/><ElementName>limit</ElementName><required>false</required><EffortAttribute z:Ref="i453"/><LowerAttribute z:Ref="i451"/><UpperAttribute z:Ref="i452"/><VelocityAttribute z:Ref="i454"/></URDFElement><URDFElement z:Id="i455" i:type="Calibration"><Attributes><Attribute z:Id="i456"><AttributeType>rising</AttributeType><IsRequired>false</IsRequired><Value i:nil="true"/></Attribute><Attribute z:Id="i457"><AttributeType>falling</AttributeType><IsRequired>false</IsRequired><Value i:nil="true"/></Attribute></Attributes><ChildElements/><ElementName>calibration</ElementName><required>false</required><FallingAttribute z:Ref="i457"/><RisingAttribute z:Ref="i456"/></URDFElement><URDFElement z:Id="i458" i:type="Dynamics"><Attributes><Attribute z:Id="i459"><AttributeType>damping</AttributeType><IsRequired>false</IsRequired><Value i:nil="true"/></Attribute><Attribute z:Id="i460"><AttributeType>friction</AttributeType><IsRequired>false</IsRequired><Value i:nil="true"/></Attribute></Attributes><ChildElements/><ElementName>dynamics</ElementName><required>false</required><DampingAttribute z:Ref="i459"/><FrictionAttribute z:Ref="i460"/></URDFElement><URDFElement z:Id="i461" i:type="SafetyController"><Attributes><Attribute z:Id="i462"><AttributeType>soft_upper_limit</AttributeType><IsRequired>false</IsRequired><Value i:nil="true"/></Attribute><Attribute z:Id="i463"><AttributeType>soft_lower_limit</AttributeType><IsRequired>false</IsRequired><Value i:nil="true"/></Attribute><Attribute z:Id="i464"><AttributeType>k_position</AttributeType><IsRequired>false</IsRequired><Value i:nil="true"/></Attribute><Attribute z:Id="i465"><AttributeType>k_velocity</AttributeType><IsRequired>true</IsRequired><Value i:nil="true"/></Attribute></Attributes><ChildElements/><ElementName>safety_controller</ElementName><required>false</required><KPositionAttribute z:Ref="i464"/><KVelocityAttribute z:Ref="i465"/><SoftLowerAttribute z:Ref="i463"/><SoftUpperAttribute z:Ref="i462"/></URDFElement><URDFElement z:Id="i466" i:type="Mimic"><Attributes><Attribute z:Id="i467"><AttributeType>joint</AttributeType><IsRequired>true</IsRequired><Value i:nil="true"/></Attribute><Attribute z:Id="i468"><AttributeType>multiplier</AttributeType><IsRequired>false</IsRequired><Value i:nil="true"/></Attribute><Attribute z:Id="i469"><AttributeType>offset</AttributeType><IsRequired>false</IsRequired><Value i:nil="true"/></Attribute></Attributes><ChildElements/><ElementName>mimic</ElementName><required>false</required><JointNameAttribute z:Ref="i467"/><MultiplierAttribute z:Ref="i468"/><OffsetAttribute z:Ref="i469"/></URDFElement></ChildElements><ElementName>joint</ElementName><required>false</required><Axis z:Ref="i448"/><AxisName>?????????6</AxisName><Calibration z:Ref="i455"/><Child z:Ref="i446"/><CoordinateSystemName>?????????6</CoordinateSystemName><Dynamics z:Ref="i458"/><Limit z:Ref="i450"/><Mimic z:Ref="i466"/><NameAttribute z:Ref="i439"/><Origin z:Ref="i441"/><Parent z:Ref="i444"/><Safety z:Ref="i461"/><TypeAttribute z:Ref="i440"/></URDFElement></ChildElements><ElementName>link</ElementName><required>true</required><Children/><Collision z:Ref="i431"/><Inertial z:Ref="i405"/><Joint z:Ref="i438"/><NameAttribute z:Ref="i404"/><Parent z:Ref="i336"/><STLQualityFine>false</STLQualityFine><SWComponentPIDs xmlns:a="http://schemas.microsoft.com/2003/10/Serialization/Arrays"><a:base64Binary>mDoAAAUAAAD//v8xbQBvAHUAdABoACAAYQBzAHMAZQBtAGIAbAB5AC0AMQBAAGEAcwBzAGUAbQBiAGwAeQAgAFYAMQAvADhUA3Shey0AMQBAAG0AbwB1AHQAaAAgAGEAcwBzAGUAbQBiAGwAeQAEAAAAEAAAAAEAAAACAAAABgIAAIoAAAA=</a:base64Binary><a:base64Binary>mDoAAAUAAAD//v85bQBvAHUAdABoACAAYQBzAHMAZQBtAGIAbAB5AC0AMQBAAGEAcwBzAGUAbQBiAGwAeQAgAFYAMQAvAGQAcgBpAGIAYgBsAGUAIAByAG8AZAAtADEAQABtAG8AdQB0AGgAIABhAHMAcwBlAG0AYgBsAHkABAAAABAAAAABAAAAAgAAAAYCAAAeAAAA</a:base64Binary><a:base64Binary>mDoAAAUAAAD//v81bQBvAHUAdABoACAAYQBzAHMAZQBtAGIAbAB5AC0AMQBAAGEAcwBzAGUAbQBiAGwAeQAgAFYAMQAvAE0AUgAxADAANQBaAFoALQAxAEAAbQBvAHUAdABoACAAYQBzAHMAZQBtAGIAbAB5AAQAAAAQAAAAAQAAAAIAAAAGAgAAYwAAAA==</a:base64Binary><a:base64Binary>mDoAAAUAAAD//v83bQBvAHUAdABoACAAYQBzAHMAZQBtAGIAbAB5AC0AMQBAAGEAcwBzAGUAbQBiAGwAeQAgAFYAMQAvAE0AMAAuADUAVAAyADMAXwAyAC0AMQBAAG0AbwB1AHQAaAAgAGEAcwBzAGUAbQBiAGwAeQAEAAAAEAAAAAEAAAACAAAABgIAAFwAAAA=</a:base64Binary><a:base64Binary>mDoAAAUAAAD//v81bQBvAHUAdABoACAAYQBzAHMAZQBtAGIAbAB5AC0AMQBAAGEAcwBzAGUAbQBiAGwAeQAgAFYAMQAvAE0AUgAxADAANQBaAFoALQAyAEAAbQBvAHUAdABoACAAYQBzAHMAZQBtAGIAbAB5AAQAAAAQAAAAAQAAAAIAAAAGAgAAZAAAAA==</a:base64Binary></SWComponentPIDs><SWMainComponentPID i:nil="true"/><Visual z:Ref="i418"/><isFixedFrame>false</isFixedFrame><isIncomplete>false</isIncomplete></Link></Children><Collision z:Ref="i364"/><Inertial z:Ref="i338"/><Joint z:Ref="i371"/><NameAttribute z:Ref="i337"/><Parent z:Ref="i1"/><STLQualityFine>false</STLQualityFine><SWComponentPIDs xmlns:a="http://schemas.microsoft.com/2003/10/Serialization/Arrays"><a:base64Binary>mDoAAAUAAAD//v89bQBvAHUAdABoACAAYQBzAHMAZQBtAGIAbAB5AC0AMQBAAGEAcwBzAGUAbQBiAGwAeQAgAFYAMQAvAGQAcgBpAGIAYgBsAGUAIABzAGgAZQBsAGYAXwAyAC0AMQBAAG0AbwB1AHQAaAAgAGEAcwBzAGUAbQBiAGwAeQAEAAAAEAAAAAEAAAACAAAABgIAACAAAAA=</a:base64Binary><a:base64Binary>mDoAAAUAAAD//v89bQBvAHUAdABoACAAYQBzAHMAZQBtAGIAbAB5AC0AMQBAAGEAcwBzAGUAbQBiAGwAeQAgAFYAMQAvAGQAcgBpAGIAYgBsAGUAIABzAGgAZQBsAGYAXwAxAC0AMQBAAG0AbwB1AHQAaAAgAGEAcwBzAGUAbQBiAGwAeQAEAAAAEAAAAAEAAAACAAAABgIAAB8AAAA=</a:base64Binary><a:base64Binary>mDoAAAUAAAD//v86bQBvAHUAdABoACAAYQBzAHMAZQBtAGIAbAB5AC0AMQBAAGEAcwBzAGUAbQBiAGwAeQAgAFYAMQAvAGMAYQByAGIAbwBuACAAcwBoAGUAbABmAC0AMQBAAG0AbwB1AHQAaAAgAGEAcwBzAGUAbQBiAGwAeQAEAAAAEAAAAAEAAAACAAAABgIAABoAAAA=</a:base64Binary><a:base64Binary>mDoAAAUAAAD//v87bQBvAHUAdABoACAAYQBzAHMAZQBtAGIAbAB5AC0AMQBAAGEAcwBzAGUAbQBiAGwAeQAgAFYAMQAvAGQAcgBpAGIAYgBsAGUAIABtAG8AdABvAHIALQAxAEAAbQBvAHUAdABoACAAYQBzAHMAZQBtAGIAbAB5AAQAAAAQAAAAAQAAAAIAAAAGAgAAHQAAAA==</a:base64Binary><a:base64Binary>mDoAAAUAAAD//v89bQBvAHUAdABoACAAYQBzAHMAZQBtAGIAbAB5AC0AMQBAAGEAcwBzAGUAbQBiAGwAeQAgAFYAMQAvAG0AbwB0AG8AcgAgAGMAbwBuAG4AZQBjAHQAbwByAC0AMQBAAG0AbwB1AHQAaAAgAGEAcwBzAGUAbQBiAGwAeQAEAAAAEAAAAAEAAAACAAAABgIAAFEAAAA=</a:base64Binary><a:base64Binary>mDoAAAUAAAD//v8xbQBvAHUAdABoACAAYQBzAHMAZQBtAGIAbAB5AC0AMQBAAGEAcwBzAGUAbQBiAGwAeQAgAFYAMQAvADhUA3Shey0AMQBAAG0AbwB1AHQAaAAgAGEAcwBzAGUAbQBiAGwAeQAEAAAAEAAAAAEAAAACAAAABgIAAIoAAAA=</a:base64Binary><a:base64Binary>mDoAAAUAAAD//v85bQBvAHUAdABoACAAYQBzAHMAZQBtAGIAbAB5AC0AMQBAAGEAcwBzAGUAbQBiAGwAeQAgAFYAMQAvAGQAcgBpAGIAYgBsAGUAIAByAG8AZAAtADEAQABtAG8AdQB0AGgAIABhAHMAcwBlAG0AYgBsAHkABAAAABAAAAABAAAAAgAAAAYCAAAeAAAA</a:base64Binary><a:base64Binary>mDoAAAUAAAD//v81bQBvAHUAdABoACAAYQBzAHMAZQBtAGIAbAB5AC0AMQBAAGEAcwBzAGUAbQBiAGwAeQAgAFYAMQAvAE0AUgAxADAANQBaAFoALQAxAEAAbQBvAHUAdABoACAAYQBzAHMAZQBtAGIAbAB5AAQAAAAQAAAAAQAAAAIAAAAGAgAAYwAAAA==</a:base64Binary><a:base64Binary>mDoAAAUAAAD//v83bQBvAHUAdABoACAAYQBzAHMAZQBtAGIAbAB5AC0AMQBAAGEAcwBzAGUAbQBiAGwAeQAgAFYAMQAvAE0AMAAuADUAVAAyADMAXwAyAC0AMQBAAG0AbwB1AHQAaAAgAGEAcwBzAGUAbQBiAGwAeQAEAAAAEAAAAAEAAAACAAAABgIAAFwAAAA=</a:base64Binary><a:base64Binary>mDoAAAUAAAD//v81bQBvAHUAdABoACAAYQBzAHMAZQBtAGIAbAB5AC0AMQBAAGEAcwBzAGUAbQBiAGwAeQAgAFYAMQAvAE0AMAAuADUAVAAyADcALQAxAEAAbQBvAHUAdABoACAAYQBzAHMAZQBtAGIAbAB5AAQAAAAQAAAAAQAAAAIAAAAGAgAAWwAAAA==</a:base64Binary><a:base64Binary>mDoAAAUAAAD//v83bQBvAHUAdABoACAAYQBzAHMAZQBtAGIAbAB5AC0AMQBAAGEAcwBzAGUAbQBiAGwAeQAgAFYAMQAvAE0AMAAuADUAVAAyADMAXwAxAC0AMQBAAG0AbwB1AHQAaAAgAGEAcwBzAGUAbQBiAGwAeQAEAAAAEAAAAAEAAAACAAAABgIAACQAAAA=</a:base64Binary><a:base64Binary>mDoAAAUAAAD//v81bQBvAHUAdABoACAAYQBzAHMAZQBtAGIAbAB5AC0AMQBAAGEAcwBzAGUAbQBiAGwAeQAgAFYAMQAvAE0AUgAxADAANQBaAFoALQAyAEAAbQBvAHUAdABoACAAYQBzAHMAZQBtAGIAbAB5AAQAAAAQAAAAAQAAAAIAAAAGAgAAZAAAAA==</a:base64Binary></SWComponentPIDs><SWMainComponentPID i:nil="true"/><Visual z:Ref="i351"/><isFixedFrame>false</isFixedFrame><isIncomplete>false</isIncomplete></Link></Children><Collision z:Ref="i29"/><Inertial z:Ref="i3"/><Joint z:Ref="i36"/><NameAttribute z:Ref="i2"/><Parent i:nil="true"/><STLQualityFine>false</STLQualityFine><SWComponentPIDs xmlns:a="http://schemas.microsoft.com/2003/10/Serialization/Arrays"><a:base64Binary>mDoAAAUAAAD//v8XYgBhAHMAZQBwAGwAYQB0AGUALQAxAEAAYQBzAHMAZQBtAGIAbAB5ACAAVgAxAAQAAAAQAAAAAQAAAAEAAAAZAAAA</a:base64Binary><a:base64Binary>mDoAAAUAAAD//v8iawBpAGMAawAgAHMAeQBzAHQAZQBtACAAYQBzAHMAZQBtAGIAbAB5AC0AMQBAAGEAcwBzAGUAbQBiAGwAeQAgAFYAMQAEAAAAEAAAAAEAAAABAAAACgIAAA==</a:base64Binary><a:base64Binary>mDoAAAUAAAD//v81bQBvAHQAbwByACAAYQBzAHMAZQBtAGIAbAB5AC0AMwBAAGEAcwBzAGUAbQBiAGwAeQAgAFYAMQAvAGcAZQBhAHIAYgBvAHgALQAxAEAAbQBvAHQAbwByACAAYQBzAHMAZQBtAGIAbAB5AAQAAAAQAAAAAQAAAAIAAAASAgAAGQAAAA==</a:base64Binary><a:base64Binary>mDoAAAUAAAD//v83bQBvAHQAbwByACAAYQBzAHMAZQBtAGIAbAB5AC0AMwBAAGEAcwBzAGUAbQBiAGwAeQAgAFYAMQAvAGcAYQBzAGsAZQB0ACAATQA0AC0AMQBAAG0AbwB0AG8AcgAgAGEAcwBzAGUAbQBiAGwAeQAEAAAAEAAAAAEAAAACAAAAEgIAAB0AAAA=</a:base64Binary><a:base64Binary>mDoAAAUAAAD//v8ybQBvAHQAbwByACAAYQBzAHMAZQBtAGIAbAB5AC0AMwBAAGEAcwBzAGUAbQBiAGwAeQAgAFYAMQAvAE0ANAAtADUALQAyAEAAbQBvAHQAbwByACAAYQBzAHMAZQBtAGIAbAB5AAQAAAAQAAAAAQAAAAIAAAASAgAAKwAAAA==</a:base64Binary><a:base64Binary>mDoAAAUAAAD//v80bQBvAHQAbwByACAAYQBzAHMAZQBtAGIAbAB5AC0AMwBAAGEAcwBzAGUAbQBiAGwAeQAgAFYAMQAvAEUATQA0ADMAMQA3AC0AMQBAAG0AbwB0AG8AcgAgAGEAcwBzAGUAbQBiAGwAeQAEAAAAEAAAAAEAAAACAAAAEgIAAC8AAAA=</a:base64Binary><a:base64Binary>mDoAAAUAAAD//v8+bQBvAHQAbwByACAAYQBzAHMAZQBtAGIAbAB5AC0AMwBAAGEAcwBzAGUAbQBiAGwAeQAgAFYAMQAvAHMAbQBhAGwAbAAgAGcAZQBhAHIAIABuAHkAbABvAG4ALQAxAEAAbQBvAHQAbwByACAAYQBzAHMAZQBtAGIAbAB5AAQAAAAQAAAAAQAAAAIAAAASAgAAMAAAAA==</a:base64Binary><a:base64Binary>mDoAAAUAAAD//v86bQBvAHQAbwByACAAYQBzAHMAZQBtAGIAbAB5AC0AMwBAAGEAcwBzAGUAbQBiAGwAeQAgAFYAMQAvAG0AbwB0AG8AcgAgAGQAcgBpAHYAZQByAC0AMQBAAG0AbwB0AG8AcgAgAGEAcwBzAGUAbQBiAGwAeQAEAAAAEAAAAAEAAAACAAAAEgIAADkAAAA=</a:base64Binary><a:base64Binary>mDoAAAUAAAD//v9FbQBvAHQAbwByACAAYQBzAHMAZQBtAGIAbAB5ACAAbQBpAHIAcgBvAHIALQAyAEAAYQBzAHMAZQBtAGIAbAB5ACAAVgAxAC8AZwBhAHMAawBlAHQAIABNADQALQAxAEAAbQBvAHQAbwByACAAYQBzAHMAZQBtAGIAbAB5ACAAbQBpAHIAcgBvAHIABAAAABAAAAABAAAAAgAAABgCAAAdAAAA</a:base64Binary><a:base64Binary>mDoAAAUAAAD//v9AbQBvAHQAbwByACAAYQBzAHMAZQBtAGIAbAB5ACAAbQBpAHIAcgBvAHIALQAyAEAAYQBzAHMAZQBtAGIAbAB5ACAAVgAxAC8ATQA0AC0ANQAtADIAQABtAG8AdABvAHIAIABhAHMAcwBlAG0AYgBsAHkAIABtAGkAcgByAG8AcgAEAAAAEAAAAAEAAAACAAAAGAIAACsAAAA=</a:base64Binary><a:base64Binary>mDoAAAUAAAD//v9CbQBvAHQAbwByACAAYQBzAHMAZQBtAGIAbAB5ACAAbQBpAHIAcgBvAHIALQAyAEAAYQBzAHMAZQBtAGIAbAB5ACAAVgAxAC8ARQBNADQAMwAxADcALQAxAEAAbQBvAHQAbwByACAAYQBzAHMAZQBtAGIAbAB5ACAAbQBpAHIAcgBvAHIABAAAABAAAAABAAAAAgAAABgCAAAvAAAA</a:base64Binary><a:base64Binary>mDoAAAUAAAD//v9MbQBvAHQAbwByACAAYQBzAHMAZQBtAGIAbAB5ACAAbQBpAHIAcgBvAHIALQAyAEAAYQBzAHMAZQBtAGIAbAB5ACAAVgAxAC8AcwBtAGEAbABsACAAZwBlAGEAcgAgAG4AeQBsAG8AbgAtADEAQABtAG8AdABvAHIAIABhAHMAcwBlAG0AYgBsAHkAIABtAGkAcgByAG8AcgAEAAAAEAAAAAEAAAACAAAAGAIAADAAAAA=</a:base64Binary><a:base64Binary>mDoAAAUAAAD//v9IbQBvAHQAbwByACAAYQBzAHMAZQBtAGIAbAB5ACAAbQBpAHIAcgBvAHIALQAyAEAAYQBzAHMAZQBtAGIAbAB5ACAAVgAxAC8AbQBvAHQAbwByACAAZAByAGkAdgBlAHIALQAxAEAAbQBvAHQAbwByACAAYQBzAHMAZQBtAGIAbAB5ACAAbQBpAHIAcgBvAHIABAAAABAAAAABAAAAAgAAABgCAAA5AAAA</a:base64Binary><a:base64Binary>mDoAAAUAAAD//v9KbQBvAHQAbwByACAAYQBzAHMAZQBtAGIAbAB5ACAAbQBpAHIAcgBvAHIALQAyAEAAYQBzAHMAZQBtAGIAbAB5ACAAVgAxAC8AZwBlAGEAcgBiAG8AeAAgAG0AaQByAHIAbwByAC0AMQBAAG0AbwB0AG8AcgAgAGEAcwBzAGUAbQBiAGwAeQAgAG0AaQByAHIAbwByAAQAAAAQAAAAAQAAAAIAAAAYAgAAPwAAAA==</a:base64Binary><a:base64Binary>mDoAAAUAAAD//v9FbQBvAHQAbwByACAAYQBzAHMAZQBtAGIAbAB5ACAAbQBpAHIAcgBvAHIALQAzAEAAYQBzAHMAZQBtAGIAbAB5ACAAVgAxAC8AZwBhAHMAawBlAHQAIABNADQALQAxAEAAbQBvAHQAbwByACAAYQBzAHMAZQBtAGIAbAB5ACAAbQBpAHIAcgBvAHIABAAAABAAAAABAAAAAgAAAB4CAAAdAAAA</a:base64Binary><a:base64Binary>mDoAAAUAAAD//v9AbQBvAHQAbwByACAAYQBzAHMAZQBtAGIAbAB5ACAAbQBpAHIAcgBvAHIALQAzAEAAYQBzAHMAZQBtAGIAbAB5ACAAVgAxAC8ATQA0AC0ANQAtADIAQABtAG8AdABvAHIAIABhAHMAcwBlAG0AYgBsAHkAIABtAGkAcgByAG8AcgAEAAAAEAAAAAEAAAACAAAAHgIAACsAAAA=</a:base64Binary><a:base64Binary>mDoAAAUAAAD//v9CbQBvAHQAbwByACAAYQBzAHMAZQBtAGIAbAB5ACAAbQBpAHIAcgBvAHIALQAzAEAAYQBzAHMAZQBtAGIAbAB5ACAAVgAxAC8ARQBNADQAMwAxADcALQAxAEAAbQBvAHQAbwByACAAYQBzAHMAZQBtAGIAbAB5ACAAbQBpAHIAcgBvAHIABAAAABAAAAABAAAAAgAAAB4CAAAvAAAA</a:base64Binary><a:base64Binary>mDoAAAUAAAD//v9MbQBvAHQAbwByACAAYQBzAHMAZQBtAGIAbAB5ACAAbQBpAHIAcgBvAHIALQAzAEAAYQBzAHMAZQBtAGIAbAB5ACAAVgAxAC8AcwBtAGEAbABsACAAZwBlAGEAcgAgAG4AeQBsAG8AbgAtADEAQABtAG8AdABvAHIAIABhAHMAcwBlAG0AYgBsAHkAIABtAGkAcgByAG8AcgAEAAAAEAAAAAEAAAACAAAAHgIAADAAAAA=</a:base64Binary><a:base64Binary>mDoAAAUAAAD//v9IbQBvAHQAbwByACAAYQBzAHMAZQBtAGIAbAB5ACAAbQBpAHIAcgBvAHIALQAzAEAAYQBzAHMAZQBtAGIAbAB5ACAAVgAxAC8AbQBvAHQAbwByACAAZAByAGkAdgBlAHIALQAxAEAAbQBvAHQAbwByACAAYQBzAHMAZQBtAGIAbAB5ACAAbQBpAHIAcgBvAHIABAAAABAAAAABAAAAAgAAAB4CAAA5AAAA</a:base64Binary><a:base64Binary>mDoAAAUAAAD//v9KbQBvAHQAbwByACAAYQBzAHMAZQBtAGIAbAB5ACAAbQBpAHIAcgBvAHIALQAzAEAAYQBzAHMAZQBtAGIAbAB5ACAAVgAxAC8AZwBlAGEAcgBiAG8AeAAgAG0AaQByAHIAbwByAC0AMQBAAG0AbwB0AG8AcgAgAGEAcwBzAGUAbQBiAGwAeQAgAG0AaQByAHIAbwByAAQAAAAQAAAAAQAAAAIAAAAeAgAAPwAAAA==</a:base64Binary><a:base64Binary>mDoAAAUAAAD//v81bQBvAHQAbwByACAAYQBzAHMAZQBtAGIAbAB5AC0ANABAAGEAcwBzAGUAbQBiAGwAeQAgAFYAMQAvAGcAZQBhAHIAYgBvAHgALQAxAEAAbQBvAHQAbwByACAAYQBzAHMAZQBtAGIAbAB5AAQAAAAQAAAAAQAAAAIAAAAdAgAAGQAAAA==</a:base64Binary><a:base64Binary>mDoAAAUAAAD//v83bQBvAHQAbwByACAAYQBzAHMAZQBtAGIAbAB5AC0ANABAAGEAcwBzAGUAbQBiAGwAeQAgAFYAMQAvAGcAYQBzAGsAZQB0ACAATQA0AC0AMQBAAG0AbwB0AG8AcgAgAGEAcwBzAGUAbQBiAGwAeQAEAAAAEAAAAAEAAAACAAAAHQIAAB0AAAA=</a:base64Binary><a:base64Binary>mDoAAAUAAAD//v8ybQBvAHQAbwByACAAYQBzAHMAZQBtAGIAbAB5AC0ANABAAGEAcwBzAGUAbQBiAGwAeQAgAFYAMQAvAE0ANAAtADUALQAyAEAAbQBvAHQAbwByACAAYQBzAHMAZQBtAGIAbAB5AAQAAAAQAAAAAQAAAAIAAAAdAgAAKwAAAA==</a:base64Binary><a:base64Binary>mDoAAAUAAAD//v80bQBvAHQAbwByACAAYQBzAHMAZQBtAGIAbAB5AC0ANABAAGEAcwBzAGUAbQBiAGwAeQAgAFYAMQAvAEUATQA0ADMAMQA3AC0AMQBAAG0AbwB0AG8AcgAgAGEAcwBzAGUAbQBiAGwAeQAEAAAAEAAAAAEAAAACAAAAHQIAAC8AAAA=</a:base64Binary><a:base64Binary>mDoAAAUAAAD//v8+bQBvAHQAbwByACAAYQBzAHMAZQBtAGIAbAB5AC0ANABAAGEAcwBzAGUAbQBiAGwAeQAgAFYAMQAvAHMAbQBhAGwAbAAgAGcAZQBhAHIAIABuAHkAbABvAG4ALQAxAEAAbQBvAHQAbwByACAAYQBzAHMAZQBtAGIAbAB5AAQAAAAQAAAAAQAAAAIAAAAdAgAAMAAAAA==</a:base64Binary><a:base64Binary>mDoAAAUAAAD//v86bQBvAHQAbwByACAAYQBzAHMAZQBtAGIAbAB5AC0ANABAAGEAcwBzAGUAbQBiAGwAeQAgAFYAMQAvAG0AbwB0AG8AcgAgAGQAcgBpAHYAZQByAC0AMQBAAG0AbwB0AG8AcgAgAGEAcwBzAGUAbQBiAGwAeQAEAAAAEAAAAAEAAAACAAAAHQIAADkAAAA=</a:base64Binary><a:base64Binary>mDoAAAUAAAD//v8hdQBwAHAAZQByAHAAbABhAHQAZQAgAC0AIABjAG8AcAB5AGUAZAAtADEAQABhAHMAcwBlAG0AYgBsAHkAIABWADEABAAAABAAAAABAAAAAQAAACwCAAA=</a:base64Binary><a:base64Binary>mDoAAAUAAAD//v8gYwBhAHAAYQBsAGkAYwBpAHQAeQAgAHMAdQBwAHAAbwByAHQALQAxAEAAYQBzAHMAZQBtAGIAbAB5ACAAVgAxAAQAAAAQAAAAAQAAAAEAAABpAgAA</a:base64Binary><a:base64Binary>mDoAAAUAAAD//v8XZABvAHcAbgBzAHQAcgB1AHQALQAzAEAAYQBzAHMAZQBtAGIAbAB5ACAAVgAxAAQAAAAQAAAAAQAAAAEAAABAAgAA</a:base64Binary><a:base64Binary>mDoAAAUAAAD//v8XZABvAHcAbgBzAHQAcgB1AHQALQA0AEAAYQBzAHMAZQBtAGIAbAB5ACAAVgAxAAQAAAAQAAAAAQAAAAEAAABCAgAA</a:base64Binary><a:base64Binary>mDoAAAUAAAD//v8XZABvAHcAbgBzAHQAcgB1AHQALQA2AEAAYQBzAHMAZQBtAGIAbAB5ACAAVgAxAAQAAAAQAAAAAQAAAAEAAABjAgAA</a:base64Binary><a:base64Binary>mDoAAAUAAAD//v8XZABvAHcAbgBzAHQAcgB1AHQALQA1AEAAYQBzAHMAZQBtAGIAbAB5ACAAVgAxAAQAAAAQAAAAAQAAAAEAAABhAgAA</a:base64Binary><a:base64Binary>mDoAAAUAAAD//v8gYwBhAHAAYQBsAGkAYwBpAHQAeQAgAHMAdQBwAHAAbwByAHQALQAyAEAAYQBzAHMAZQBtAGIAbAB5ACAAVgAxAAQAAAAQAAAAAQAAAAEAAABtAgAA</a:base64Binary><a:base64Binary>mDoAAAUAAAD//v8XZABvAHcAbgBzAHQAcgB1AHQALQAyAEAAYQBzAHMAZQBtAGIAbAB5ACAAVgAxAAQAAAAQAAAAAQAAAAEAAAA8AgAA</a:base64Binary><a:base64Binary>mDoAAAUAAAD//v8XZABvAHcAbgBzAHQAcgB1AHQALQAxAEAAYQBzAHMAZQBtAGIAbAB5ACAAVgAxAAQAAAAQAAAAAQAAAAEAAAA5AgAA</a:base64Binary><a:base64Binary>mDoAAAUAAAD//v8bYgBhAHQAdABlAHIAeQAgAGMAbwB2AGUAcgAtADEAQABhAHMAcwBlAG0AYgBsAHkAIABWADEABAAAABAAAAABAAAAAQAAADACAAA=</a:base64Binary><a:base64Binary>mDoAAAUAAAD//v8YdQBwAHAAZQByAHMAdAByAHUAdAAtADEAQABhAHMAcwBlAG0AYgBsAHkAIABWADEABAAAABAAAAABAAAAAQAAAHoCAAA=</a:base64Binary><a:base64Binary>mDoAAAUAAAD//v8YdQBwAHAAZQByAHMAdAByAHUAdAAtADIAQABhAHMAcwBlAG0AYgBsAHkAIABWADEABAAAABAAAAABAAAAAQAAAI0CAAA=</a:base64Binary><a:base64Binary>mDoAAAUAAAD//v8+bQBvAHUAdABoACAAYQBzAHMAZQBtAGIAbAB5AC0AMQBAAGEAcwBzAGUAbQBiAGwAeQAgAFYAMQAvAGYAbABhAHQAIABnAHUAaQBkAGUAIABiAGwAbwBjAGsALQAxAEAAbQBvAHUAdABoACAAYQBzAHMAZQBtAGIAbAB5AAQAAAAQAAAAAQAAAAIAAAAGAgAAIgAAAA==</a:base64Binary><a:base64Binary>mDoAAAUAAAD//v9FbQBvAHUAdABoACAAYQBzAHMAZQBtAGIAbAB5AC0AMQBAAGEAcwBzAGUAbQBiAGwAeQAgAFYAMQAvAGYAbABhAHQAIABnAHUAaQBkAGUAIABiAGwAbwBjAGsAIABtAGkAcgByAG8AcgAtADEAQABtAG8AdQB0AGgAIABhAHMAcwBlAG0AYgBsAHkABAAAABAAAAABAAAAAgAAAAYCAAAjAAAA</a:base64Binary><a:base64Binary>mDoAAAUAAAD//v86bQBvAHUAdABoACAAYQBzAHMAZQBtAGIAbAB5AC0AMQBAAGEAcwBzAGUAbQBiAGwAeQAgAFYAMQAvAGMAaABpAHAAIABzAHAAaQBuAGQAbABlAC0AMgBAAG0AbwB1AHQAaAAgAGEAcwBzAGUAbQBiAGwAeQAEAAAAEAAAAAEAAAACAAAABgIAACcAAAA=</a:base64Binary><a:base64Binary>mDoAAAUAAAD//v88bQBvAHUAdABoACAAYQBzAHMAZQBtAGIAbAB5AC0AMQBAAGEAcwBzAGUAbQBiAGwAeQAgAFYAMQAvAGMAaABpAHAAIABzAGgAbwBsAHYAZQBfADQANQAtADEAQABtAG8AdQB0AGgAIABhAHMAcwBlAG0AYgBsAHkABAAAABAAAAABAAAAAgAAAAYCAAAbAAAA</a:base64Binary><a:base64Binary>mDoAAAUAAAD//v89bQBvAHUAdABoACAAYQBzAHMAZQBtAGIAbAB5AC0AMQBAAGEAcwBzAGUAbQBiAGwAeQAgAFYAMQAvAGQAcgBpAGIAYgBsAGUAIABzAHAAaQBuAGQAbABlAC0AMgBAAG0AbwB1AHQAaAAgAGEAcwBzAGUAbQBiAGwAeQAEAAAAEAAAAAEAAAACAAAABgIAACgAAAA=</a:base64Binary><a:base64Binary>mDoAAAUAAAD//v89bQBvAHUAdABoACAAYQBzAHMAZQBtAGIAbAB5AC0AMQBAAGEAcwBzAGUAbQBiAGwAeQAgAFYAMQAvAGQAcgBpAGIAYgBsAGUAIABzAHAAaQBuAGQAbABlAC0AMQBAAG0AbwB1AHQAaAAgAGEAcwBzAGUAbQBiAGwAeQAEAAAAEAAAAAEAAAACAAAABgIAACEAAAA=</a:base64Binary><a:base64Binary>mDoAAAUAAAD//v86bQBvAHUAdABoACAAYQBzAHMAZQBtAGIAbAB5AC0AMQBAAGEAcwBzAGUAbQBiAGwAeQAgAFYAMQAvAGMAaABpAHAAIABzAHAAaQBuAGQAbABlAC0AMQBAAG0AbwB1AHQAaAAgAGEAcwBzAGUAbQBiAGwAeQAEAAAAEAAAAAEAAAACAAAABgIAABwAAAA=</a:base64Binary></SWComponentPIDs><SWMainComponentPID i:nil="true"/><Visual z:Ref="i16"/><isFixedFrame>false</isFixedFrame><isIncomplete>false</isIncomplete></Link>
2025-08-18 21:08:32,531 INFO  LinkNode.cs: 35 - Building node base_Link
2025-08-18 21:08:32,532 INFO  LinkNode.cs: 35 - Building node wheel_0_Link
2025-08-18 21:08:32,532 INFO  LinkNode.cs: 35 - Building node wheel_1_Link
2025-08-18 21:08:32,533 INFO  LinkNode.cs: 35 - Building node wheel_2_Link
2025-08-18 21:08:32,533 INFO  LinkNode.cs: 35 - Building node wheel_3_Link
2025-08-18 21:08:32,533 INFO  LinkNode.cs: 35 - Building node mouth_Link
2025-08-18 21:08:32,533 INFO  LinkNode.cs: 35 - Building node dribble_Link
2025-08-18 21:08:32,534 INFO  CommonSwOperations.cs: 221 - Loading SolidWorks components for base_Link from E:\ZJUNlict2023\assembly V1.SLDASM
2025-08-18 21:08:32,535 INFO  CommonSwOperations.cs: 245 - Loading component with PID ?:     ???b a s e p l a t e - 1 @ a s s e m b l y   V 1                
2025-08-18 21:08:32,564 INFO  CommonSwOperations.cs: 254 - Successfully loaded component E:\ZJUNlict2023\baseplate.SLDPRT
2025-08-18 21:08:32,565 INFO  CommonSwOperations.cs: 245 - Loading component with PID ?:     ???"k i c k   s y s t e m   a s s e m b l y - 1 @ a s s e m b l y   V 1             
  
2025-08-18 21:08:32,565 INFO  CommonSwOperations.cs: 254 - Successfully loaded component E:\ZJUNlict2023\kick system\kick system assembly.SLDASM
2025-08-18 21:08:32,565 INFO  CommonSwOperations.cs: 245 - Loading component with PID ?:     ???5m o t o r   a s s e m b l y - 3 @ a s s e m b l y   V 1 / g e a r b o x - 1 @ m o t o r   a s s e m b l y                  
2025-08-18 21:08:32,566 INFO  CommonSwOperations.cs: 254 - Successfully loaded component E:\ZJUNlict2023\motor\gearbox.SLDPRT
2025-08-18 21:08:32,566 INFO  CommonSwOperations.cs: 245 - Loading component with PID ?:     ???7m o t o r   a s s e m b l y - 3 @ a s s e m b l y   V 1 / g a s k e t   M 4 - 1 @ m o t o r   a s s e m b l y                  
2025-08-18 21:08:32,566 INFO  CommonSwOperations.cs: 254 - Successfully loaded component E:\ZJUNlict2023\motor\gasket M4.SLDPRT
2025-08-18 21:08:32,566 INFO  CommonSwOperations.cs: 245 - Loading component with PID ?:     ???2m o t o r   a s s e m b l y - 3 @ a s s e m b l y   V 1 / M 4 - 5 - 2 @ m o t o r   a s s e m b l y               +   
2025-08-18 21:08:32,567 INFO  CommonSwOperations.cs: 254 - Successfully loaded component E:\ZJUNlict2023\motor\M4-5.SLDPRT
2025-08-18 21:08:32,567 INFO  CommonSwOperations.cs: 245 - Loading component with PID ?:     ???4m o t o r   a s s e m b l y - 3 @ a s s e m b l y   V 1 / E M 4 3 1 7 - 1 @ m o t o r   a s s e m b l y               /   
2025-08-18 21:08:32,567 INFO  CommonSwOperations.cs: 254 - Successfully loaded component E:\ZJUNlict2023\motor\EM4317.SLDPRT
2025-08-18 21:08:32,567 INFO  CommonSwOperations.cs: 245 - Loading component with PID ?:     ???>m o t o r   a s s e m b l y - 3 @ a s s e m b l y   V 1 / s m a l l   g e a r   n y l o n - 1 @ m o t o r   a s s e m b l y               0   
2025-08-18 21:08:32,567 INFO  CommonSwOperations.cs: 254 - Successfully loaded component E:\ZJUNlict2023\motor\small gear nylon.SLDPRT
2025-08-18 21:08:32,568 INFO  CommonSwOperations.cs: 245 - Loading component with PID ?:     ???:m o t o r   a s s e m b l y - 3 @ a s s e m b l y   V 1 / m o t o r   d r i v e r - 1 @ m o t o r   a s s e m b l y               9   
2025-08-18 21:08:32,568 INFO  CommonSwOperations.cs: 254 - Successfully loaded component E:\ZJUNlict2023\motor\motor driver.SLDPRT
2025-08-18 21:08:32,568 INFO  CommonSwOperations.cs: 245 - Loading component with PID ?:     ???Em o t o r   a s s e m b l y   m i r r o r - 2 @ a s s e m b l y   V 1 / g a s k e t   M 4 - 1 @ m o t o r   a s s e m b l y   m i r r o r                  
2025-08-18 21:08:32,568 INFO  CommonSwOperations.cs: 254 - Successfully loaded component E:\ZJUNlict2023\motor\gasket M4.SLDPRT
2025-08-18 21:08:32,569 INFO  CommonSwOperations.cs: 245 - Loading component with PID ?:     ???@m o t o r   a s s e m b l y   m i r r o r - 2 @ a s s e m b l y   V 1 / M 4 - 5 - 2 @ m o t o r   a s s e m b l y   m i r r o r               +   
2025-08-18 21:08:32,569 INFO  CommonSwOperations.cs: 254 - Successfully loaded component E:\ZJUNlict2023\motor\M4-5.SLDPRT
2025-08-18 21:08:32,569 INFO  CommonSwOperations.cs: 245 - Loading component with PID ?:     ???Bm o t o r   a s s e m b l y   m i r r o r - 2 @ a s s e m b l y   V 1 / E M 4 3 1 7 - 1 @ m o t o r   a s s e m b l y   m i r r o r               /   
2025-08-18 21:08:32,569 INFO  CommonSwOperations.cs: 254 - Successfully loaded component E:\ZJUNlict2023\motor\EM4317.SLDPRT
2025-08-18 21:08:32,570 INFO  CommonSwOperations.cs: 245 - Loading component with PID ?:     ???Lm o t o r   a s s e m b l y   m i r r o r - 2 @ a s s e m b l y   V 1 / s m a l l   g e a r   n y l o n - 1 @ m o t o r   a s s e m b l y   m i r r o r               0   
2025-08-18 21:08:32,570 INFO  CommonSwOperations.cs: 254 - Successfully loaded component E:\ZJUNlict2023\motor\small gear nylon.SLDPRT
2025-08-18 21:08:32,570 INFO  CommonSwOperations.cs: 245 - Loading component with PID ?:     ???Hm o t o r   a s s e m b l y   m i r r o r - 2 @ a s s e m b l y   V 1 / m o t o r   d r i v e r - 1 @ m o t o r   a s s e m b l y   m i r r o r               9   
2025-08-18 21:08:32,570 INFO  CommonSwOperations.cs: 254 - Successfully loaded component E:\ZJUNlict2023\motor\motor driver.SLDPRT
2025-08-18 21:08:32,571 INFO  CommonSwOperations.cs: 245 - Loading component with PID ?:     ???Jm o t o r   a s s e m b l y   m i r r o r - 2 @ a s s e m b l y   V 1 / g e a r b o x   m i r r o r - 1 @ m o t o r   a s s e m b l y   m i r r o r               ?   
2025-08-18 21:08:32,571 INFO  CommonSwOperations.cs: 254 - Successfully loaded component E:\ZJUNlict2023\motor\gearbox mirror.SLDPRT
2025-08-18 21:08:32,571 INFO  CommonSwOperations.cs: 245 - Loading component with PID ?:     ???Em o t o r   a s s e m b l y   m i r r o r - 3 @ a s s e m b l y   V 1 / g a s k e t   M 4 - 1 @ m o t o r   a s s e m b l y   m i r r o r                  
2025-08-18 21:08:32,571 INFO  CommonSwOperations.cs: 254 - Successfully loaded component E:\ZJUNlict2023\motor\gasket M4.SLDPRT
2025-08-18 21:08:32,572 INFO  CommonSwOperations.cs: 245 - Loading component with PID ?:     ???@m o t o r   a s s e m b l y   m i r r o r - 3 @ a s s e m b l y   V 1 / M 4 - 5 - 2 @ m o t o r   a s s e m b l y   m i r r o r               +   
2025-08-18 21:08:32,572 INFO  CommonSwOperations.cs: 254 - Successfully loaded component E:\ZJUNlict2023\motor\M4-5.SLDPRT
2025-08-18 21:08:32,572 INFO  CommonSwOperations.cs: 245 - Loading component with PID ?:     ???Bm o t o r   a s s e m b l y   m i r r o r - 3 @ a s s e m b l y   V 1 / E M 4 3 1 7 - 1 @ m o t o r   a s s e m b l y   m i r r o r               /   
2025-08-18 21:08:32,572 INFO  CommonSwOperations.cs: 254 - Successfully loaded component E:\ZJUNlict2023\motor\EM4317.SLDPRT
2025-08-18 21:08:32,573 INFO  CommonSwOperations.cs: 245 - Loading component with PID ?:     ???Lm o t o r   a s s e m b l y   m i r r o r - 3 @ a s s e m b l y   V 1 / s m a l l   g e a r   n y l o n - 1 @ m o t o r   a s s e m b l y   m i r r o r               0   
2025-08-18 21:08:32,573 INFO  CommonSwOperations.cs: 254 - Successfully loaded component E:\ZJUNlict2023\motor\small gear nylon.SLDPRT
2025-08-18 21:08:32,573 INFO  CommonSwOperations.cs: 245 - Loading component with PID ?:     ???Hm o t o r   a s s e m b l y   m i r r o r - 3 @ a s s e m b l y   V 1 / m o t o r   d r i v e r - 1 @ m o t o r   a s s e m b l y   m i r r o r               9   
2025-08-18 21:08:32,573 INFO  CommonSwOperations.cs: 254 - Successfully loaded component E:\ZJUNlict2023\motor\motor driver.SLDPRT
2025-08-18 21:08:32,574 INFO  CommonSwOperations.cs: 245 - Loading component with PID ?:     ???Jm o t o r   a s s e m b l y   m i r r o r - 3 @ a s s e m b l y   V 1 / g e a r b o x   m i r r o r - 1 @ m o t o r   a s s e m b l y   m i r r o r               ?   
2025-08-18 21:08:32,575 INFO  CommonSwOperations.cs: 254 - Successfully loaded component E:\ZJUNlict2023\motor\gearbox mirror.SLDPRT
2025-08-18 21:08:32,575 INFO  CommonSwOperations.cs: 245 - Loading component with PID ?:     ???5m o t o r   a s s e m b l y - 4 @ a s s e m b l y   V 1 / g e a r b o x - 1 @ m o t o r   a s s e m b l y                  
2025-08-18 21:08:32,575 INFO  CommonSwOperations.cs: 254 - Successfully loaded component E:\ZJUNlict2023\motor\gearbox.SLDPRT
2025-08-18 21:08:32,575 INFO  CommonSwOperations.cs: 245 - Loading component with PID ?:     ???7m o t o r   a s s e m b l y - 4 @ a s s e m b l y   V 1 / g a s k e t   M 4 - 1 @ m o t o r   a s s e m b l y                  
2025-08-18 21:08:32,576 INFO  CommonSwOperations.cs: 254 - Successfully loaded component E:\ZJUNlict2023\motor\gasket M4.SLDPRT
2025-08-18 21:08:32,576 INFO  CommonSwOperations.cs: 245 - Loading component with PID ?:     ???2m o t o r   a s s e m b l y - 4 @ a s s e m b l y   V 1 / M 4 - 5 - 2 @ m o t o r   a s s e m b l y               +   
2025-08-18 21:08:32,576 INFO  CommonSwOperations.cs: 254 - Successfully loaded component E:\ZJUNlict2023\motor\M4-5.SLDPRT
2025-08-18 21:08:32,576 INFO  CommonSwOperations.cs: 245 - Loading component with PID ?:     ???4m o t o r   a s s e m b l y - 4 @ a s s e m b l y   V 1 / E M 4 3 1 7 - 1 @ m o t o r   a s s e m b l y               /   
2025-08-18 21:08:32,577 INFO  CommonSwOperations.cs: 254 - Successfully loaded component E:\ZJUNlict2023\motor\EM4317.SLDPRT
2025-08-18 21:08:32,577 INFO  CommonSwOperations.cs: 245 - Loading component with PID ?:     ???>m o t o r   a s s e m b l y - 4 @ a s s e m b l y   V 1 / s m a l l   g e a r   n y l o n - 1 @ m o t o r   a s s e m b l y               0   
2025-08-18 21:08:32,577 INFO  CommonSwOperations.cs: 254 - Successfully loaded component E:\ZJUNlict2023\motor\small gear nylon.SLDPRT
2025-08-18 21:08:32,577 INFO  CommonSwOperations.cs: 245 - Loading component with PID ?:     ???:m o t o r   a s s e m b l y - 4 @ a s s e m b l y   V 1 / m o t o r   d r i v e r - 1 @ m o t o r   a s s e m b l y               9   
2025-08-18 21:08:32,578 INFO  CommonSwOperations.cs: 254 - Successfully loaded component E:\ZJUNlict2023\motor\motor driver.SLDPRT
2025-08-18 21:08:32,578 INFO  CommonSwOperations.cs: 245 - Loading component with PID ?:     ???!u p p e r p l a t e   -   c o p y e d - 1 @ a s s e m b l y   V 1             ,  
2025-08-18 21:08:32,578 INFO  CommonSwOperations.cs: 254 - Successfully loaded component E:\ZJUNlict2023\upperplate - copyed.SLDPRT
2025-08-18 21:08:32,578 INFO  CommonSwOperations.cs: 245 - Loading component with PID ?:     ??? c a p a l i c i t y   s u p p o r t - 1 @ a s s e m b l y   V 1             i  
2025-08-18 21:08:32,579 INFO  CommonSwOperations.cs: 254 - Successfully loaded component E:\ZJUNlict2023\capalicity support.SLDPRT
2025-08-18 21:08:32,579 INFO  CommonSwOperations.cs: 245 - Loading component with PID ?:     ???d o w n s t r u t - 3 @ a s s e m b l y   V 1             @  
2025-08-18 21:08:32,579 INFO  CommonSwOperations.cs: 254 - Successfully loaded component E:\ZJUNlict2023\downstrut.SLDPRT
2025-08-18 21:08:32,579 INFO  CommonSwOperations.cs: 245 - Loading component with PID ?:     ???d o w n s t r u t - 4 @ a s s e m b l y   V 1             B  
2025-08-18 21:08:32,579 INFO  CommonSwOperations.cs: 254 - Successfully loaded component E:\ZJUNlict2023\downstrut.SLDPRT
2025-08-18 21:08:32,579 INFO  CommonSwOperations.cs: 245 - Loading component with PID ?:     ???d o w n s t r u t - 6 @ a s s e m b l y   V 1             c  
2025-08-18 21:08:32,580 INFO  CommonSwOperations.cs: 254 - Successfully loaded component E:\ZJUNlict2023\downstrut.SLDPRT
2025-08-18 21:08:32,580 INFO  CommonSwOperations.cs: 245 - Loading component with PID ?:     ???d o w n s t r u t - 5 @ a s s e m b l y   V 1             a  
2025-08-18 21:08:32,580 INFO  CommonSwOperations.cs: 254 - Successfully loaded component E:\ZJUNlict2023\downstrut.SLDPRT
2025-08-18 21:08:32,580 INFO  CommonSwOperations.cs: 245 - Loading component with PID ?:     ??? c a p a l i c i t y   s u p p o r t - 2 @ a s s e m b l y   V 1             m  
2025-08-18 21:08:32,581 INFO  CommonSwOperations.cs: 254 - Successfully loaded component E:\ZJUNlict2023\capalicity support.SLDPRT
2025-08-18 21:08:32,581 INFO  CommonSwOperations.cs: 245 - Loading component with PID ?:     ???d o w n s t r u t - 2 @ a s s e m b l y   V 1             <  
2025-08-18 21:08:32,581 INFO  CommonSwOperations.cs: 254 - Successfully loaded component E:\ZJUNlict2023\downstrut.SLDPRT
2025-08-18 21:08:32,581 INFO  CommonSwOperations.cs: 245 - Loading component with PID ?:     ???d o w n s t r u t - 1 @ a s s e m b l y   V 1             9  
2025-08-18 21:08:32,582 INFO  CommonSwOperations.cs: 254 - Successfully loaded component E:\ZJUNlict2023\downstrut.SLDPRT
2025-08-18 21:08:32,582 INFO  CommonSwOperations.cs: 245 - Loading component with PID ?:     ???b a t t e r y   c o v e r - 1 @ a s s e m b l y   V 1             0  
2025-08-18 21:08:32,582 INFO  CommonSwOperations.cs: 254 - Successfully loaded component E:\ZJUNlict2023\battery cover.SLDPRT
2025-08-18 21:08:32,582 INFO  CommonSwOperations.cs: 245 - Loading component with PID ?:     ???u p p e r s t r u t - 1 @ a s s e m b l y   V 1             z  
2025-08-18 21:08:32,583 INFO  CommonSwOperations.cs: 254 - Successfully loaded component E:\ZJUNlict2023\upperstrut.SLDPRT
2025-08-18 21:08:32,583 INFO  CommonSwOperations.cs: 245 - Loading component with PID ?:     ???u p p e r s t r u t - 2 @ a s s e m b l y   V 1             ?  
2025-08-18 21:08:32,583 INFO  CommonSwOperations.cs: 254 - Successfully loaded component E:\ZJUNlict2023\upperstrut.SLDPRT
2025-08-18 21:08:32,583 INFO  CommonSwOperations.cs: 245 - Loading component with PID ?:     ???>m o u t h   a s s e m b l y - 1 @ a s s e m b l y   V 1 / f l a t   g u i d e   b l o c k - 1 @ m o u t h   a s s e m b l y               "   
2025-08-18 21:08:32,583 INFO  CommonSwOperations.cs: 254 - Successfully loaded component E:\ZJUNlict2023\mouth\flat guide block.SLDPRT
2025-08-18 21:08:32,584 INFO  CommonSwOperations.cs: 245 - Loading component with PID ?:     ???Em o u t h   a s s e m b l y - 1 @ a s s e m b l y   V 1 / f l a t   g u i d e   b l o c k   m i r r o r - 1 @ m o u t h   a s s e m b l y               #   
2025-08-18 21:08:32,584 INFO  CommonSwOperations.cs: 254 - Successfully loaded component E:\ZJUNlict2023\mouth\flat guide block mirror.SLDPRT
2025-08-18 21:08:32,584 INFO  CommonSwOperations.cs: 245 - Loading component with PID ?:     ???:m o u t h   a s s e m b l y - 1 @ a s s e m b l y   V 1 / c h i p   s p i n d l e - 2 @ m o u t h   a s s e m b l y               '   
2025-08-18 21:08:32,584 INFO  CommonSwOperations.cs: 254 - Successfully loaded component E:\ZJUNlict2023\mouth\chip spindle.SLDPRT
2025-08-18 21:08:32,585 INFO  CommonSwOperations.cs: 245 - Loading component with PID ?:     ???<m o u t h   a s s e m b l y - 1 @ a s s e m b l y   V 1 / c h i p   s h o l v e _ 4 5 - 1 @ m o u t h   a s s e m b l y                  
2025-08-18 21:08:32,585 INFO  CommonSwOperations.cs: 254 - Successfully loaded component E:\ZJUNlict2023\mouth\chip sholve_45.SLDPRT
2025-08-18 21:08:32,585 INFO  CommonSwOperations.cs: 245 - Loading component with PID ?:     ???=m o u t h   a s s e m b l y - 1 @ a s s e m b l y   V 1 / d r i b b l e   s p i n d l e - 2 @ m o u t h   a s s e m b l y               (   
2025-08-18 21:08:32,585 INFO  CommonSwOperations.cs: 254 - Successfully loaded component E:\ZJUNlict2023\mouth\dribble spindle.SLDPRT
2025-08-18 21:08:32,586 INFO  CommonSwOperations.cs: 245 - Loading component with PID ?:     ???=m o u t h   a s s e m b l y - 1 @ a s s e m b l y   V 1 / d r i b b l e   s p i n d l e - 1 @ m o u t h   a s s e m b l y               !   
2025-08-18 21:08:32,586 INFO  CommonSwOperations.cs: 254 - Successfully loaded component E:\ZJUNlict2023\mouth\dribble spindle.SLDPRT
2025-08-18 21:08:32,586 INFO  CommonSwOperations.cs: 245 - Loading component with PID ?:     ???:m o u t h   a s s e m b l y - 1 @ a s s e m b l y   V 1 / c h i p   s p i n d l e - 1 @ m o u t h   a s s e m b l y                  
2025-08-18 21:08:32,586 INFO  CommonSwOperations.cs: 254 - Successfully loaded component E:\ZJUNlict2023\mouth\chip spindle.SLDPRT
2025-08-18 21:08:32,587 INFO  CommonSwOperations.cs: 230 - Loaded 45 components for link base_Link
2025-08-18 21:08:32,587 INFO  CommonSwOperations.cs: 221 - Loading SolidWorks components for wheel_0_Link from E:\ZJUNlict2023\assembly V1.SLDASM
2025-08-18 21:08:32,587 INFO  CommonSwOperations.cs: 245 - Loading component with PID ?:     ???w h e e l   a s s e m b l y - 1 @ a s s e m b l y   V 1             ?  
2025-08-18 21:08:32,587 INFO  CommonSwOperations.cs: 254 - Successfully loaded component E:\ZJUNlict2023\motor\wheel assembly.SLDPRT
2025-08-18 21:08:32,588 INFO  CommonSwOperations.cs: 230 - Loaded 1 components for link wheel_0_Link
2025-08-18 21:08:32,588 INFO  CommonSwOperations.cs: 221 - Loading SolidWorks components for wheel_1_Link from E:\ZJUNlict2023\assembly V1.SLDASM
2025-08-18 21:08:32,588 INFO  CommonSwOperations.cs: 245 - Loading component with PID ?:     ???w h e e l   a s s e m b l y - 2 @ a s s e m b l y   V 1             ?  
2025-08-18 21:08:32,588 INFO  CommonSwOperations.cs: 254 - Successfully loaded component E:\ZJUNlict2023\motor\wheel assembly.SLDPRT
2025-08-18 21:08:32,589 INFO  CommonSwOperations.cs: 230 - Loaded 1 components for link wheel_1_Link
2025-08-18 21:08:32,589 INFO  CommonSwOperations.cs: 221 - Loading SolidWorks components for wheel_2_Link from E:\ZJUNlict2023\assembly V1.SLDASM
2025-08-18 21:08:32,589 INFO  CommonSwOperations.cs: 245 - Loading component with PID ?:     ???w h e e l   a s s e m b l y - 3 @ a s s e m b l y   V 1             ?  
2025-08-18 21:08:32,589 INFO  CommonSwOperations.cs: 254 - Successfully loaded component E:\ZJUNlict2023\motor\wheel assembly.SLDPRT
2025-08-18 21:08:32,590 INFO  CommonSwOperations.cs: 230 - Loaded 1 components for link wheel_2_Link
2025-08-18 21:08:32,590 INFO  CommonSwOperations.cs: 221 - Loading SolidWorks components for wheel_3_Link from E:\ZJUNlict2023\assembly V1.SLDASM
2025-08-18 21:08:32,590 INFO  CommonSwOperations.cs: 245 - Loading component with PID ?:     ???w h e e l   a s s e m b l y - 4 @ a s s e m b l y   V 1             ?  
2025-08-18 21:08:32,590 INFO  CommonSwOperations.cs: 254 - Successfully loaded component E:\ZJUNlict2023\motor\wheel assembly.SLDPRT
2025-08-18 21:08:32,590 INFO  CommonSwOperations.cs: 230 - Loaded 1 components for link wheel_3_Link
2025-08-18 21:08:32,591 INFO  CommonSwOperations.cs: 221 - Loading SolidWorks components for mouth_Link from E:\ZJUNlict2023\assembly V1.SLDASM
2025-08-18 21:08:32,591 INFO  CommonSwOperations.cs: 245 - Loading component with PID ?:     ???=m o u t h   a s s e m b l y - 1 @ a s s e m b l y   V 1 / d r i b b l e   s h e l f _ 2 - 1 @ m o u t h   a s s e m b l y                   
2025-08-18 21:08:32,591 INFO  CommonSwOperations.cs: 254 - Successfully loaded component E:\ZJUNlict2023\mouth\dribble shelf_2.SLDPRT
2025-08-18 21:08:32,591 INFO  CommonSwOperations.cs: 245 - Loading component with PID ?:     ???=m o u t h   a s s e m b l y - 1 @ a s s e m b l y   V 1 / d r i b b l e   s h e l f _ 1 - 1 @ m o u t h   a s s e m b l y                  
2025-08-18 21:08:32,592 INFO  CommonSwOperations.cs: 254 - Successfully loaded component E:\ZJUNlict2023\mouth\dribble shelf_1.SLDPRT
2025-08-18 21:08:32,592 INFO  CommonSwOperations.cs: 245 - Loading component with PID ?:     ???:m o u t h   a s s e m b l y - 1 @ a s s e m b l y   V 1 / c a r b o n   s h e l f - 1 @ m o u t h   a s s e m b l y                  
2025-08-18 21:08:32,592 INFO  CommonSwOperations.cs: 254 - Successfully loaded component E:\ZJUNlict2023\mouth\carbon shelf.SLDPRT
2025-08-18 21:08:32,592 INFO  CommonSwOperations.cs: 245 - Loading component with PID ?:     ???;m o u t h   a s s e m b l y - 1 @ a s s e m b l y   V 1 / d r i b b l e   m o t o r - 1 @ m o u t h   a s s e m b l y                  
2025-08-18 21:08:32,593 INFO  CommonSwOperations.cs: 254 - Successfully loaded component E:\ZJUNlict2023\mouth\dribble motor.SLDPRT
2025-08-18 21:08:32,593 INFO  CommonSwOperations.cs: 245 - Loading component with PID ?:     ???=m o u t h   a s s e m b l y - 1 @ a s s e m b l y   V 1 / m o t o r   c o n n e c t o r - 1 @ m o u t h   a s s e m b l y               Q   
2025-08-18 21:08:32,593 INFO  CommonSwOperations.cs: 254 - Successfully loaded component E:\ZJUNlict2023\mouth\motor connector.SLDPRT
2025-08-18 21:08:32,593 INFO  CommonSwOperations.cs: 245 - Loading component with PID ?:     ???1m o u t h   a s s e m b l y - 1 @ a s s e m b l y   V 1 / 8Tt?{- 1 @ m o u t h   a s s e m b l y               ?   
2025-08-18 21:08:32,594 INFO  CommonSwOperations.cs: 254 - Successfully loaded component E:\ZJUNlict2023\mouth\ÎüÇò¹Ü.SLDPRT
2025-08-18 21:08:32,594 INFO  CommonSwOperations.cs: 245 - Loading component with PID ?:     ???9m o u t h   a s s e m b l y - 1 @ a s s e m b l y   V 1 / d r i b b l e   r o d - 1 @ m o u t h   a s s e m b l y                  
2025-08-18 21:08:32,594 INFO  CommonSwOperations.cs: 254 - Successfully loaded component E:\ZJUNlict2023\mouth\dribble rod.SLDPRT
2025-08-18 21:08:32,594 INFO  CommonSwOperations.cs: 245 - Loading component with PID ?:     ???5m o u t h   a s s e m b l y - 1 @ a s s e m b l y   V 1 / M R 1 0 5 Z Z - 1 @ m o u t h   a s s e m b l y               c   
2025-08-18 21:08:32,595 INFO  CommonSwOperations.cs: 254 - Successfully loaded component E:\ZJUNlict2023\mouth\MR105ZZ.SLDPRT
2025-08-18 21:08:32,595 INFO  CommonSwOperations.cs: 245 - Loading component with PID ?:     ???7m o u t h   a s s e m b l y - 1 @ a s s e m b l y   V 1 / M 0 . 5 T 2 3 _ 2 - 1 @ m o u t h   a s s e m b l y               \   
2025-08-18 21:08:32,595 INFO  CommonSwOperations.cs: 254 - Successfully loaded component E:\ZJUNlict2023\mouth\M0.5T23_2.SLDPRT
2025-08-18 21:08:32,595 INFO  CommonSwOperations.cs: 245 - Loading component with PID ?:     ???5m o u t h   a s s e m b l y - 1 @ a s s e m b l y   V 1 / M 0 . 5 T 2 7 - 1 @ m o u t h   a s s e m b l y               [   
2025-08-18 21:08:32,596 INFO  CommonSwOperations.cs: 254 - Successfully loaded component E:\ZJUNlict2023\mouth\M0.5T27.SLDPRT
2025-08-18 21:08:32,596 INFO  CommonSwOperations.cs: 245 - Loading component with PID ?:     ???7m o u t h   a s s e m b l y - 1 @ a s s e m b l y   V 1 / M 0 . 5 T 2 3 _ 1 - 1 @ m o u t h   a s s e m b l y               $   
2025-08-18 21:08:32,596 INFO  CommonSwOperations.cs: 254 - Successfully loaded component E:\ZJUNlict2023\mouth\M0.5T23_1.SLDPRT
2025-08-18 21:08:32,596 INFO  CommonSwOperations.cs: 245 - Loading component with PID ?:     ???5m o u t h   a s s e m b l y - 1 @ a s s e m b l y   V 1 / M R 1 0 5 Z Z - 2 @ m o u t h   a s s e m b l y               d   
2025-08-18 21:08:32,597 INFO  CommonSwOperations.cs: 254 - Successfully loaded component E:\ZJUNlict2023\mouth\MR105ZZ.SLDPRT
2025-08-18 21:08:32,597 INFO  CommonSwOperations.cs: 230 - Loaded 12 components for link mouth_Link
2025-08-18 21:08:32,597 INFO  CommonSwOperations.cs: 221 - Loading SolidWorks components for dribble_Link from E:\ZJUNlict2023\assembly V1.SLDASM
2025-08-18 21:08:32,597 INFO  CommonSwOperations.cs: 245 - Loading component with PID ?:     ???1m o u t h   a s s e m b l y - 1 @ a s s e m b l y   V 1 / 8Tt?{- 1 @ m o u t h   a s s e m b l y               ?   
2025-08-18 21:08:32,598 INFO  CommonSwOperations.cs: 254 - Successfully loaded component E:\ZJUNlict2023\mouth\ÎüÇò¹Ü.SLDPRT
2025-08-18 21:08:32,598 INFO  CommonSwOperations.cs: 245 - Loading component with PID ?:     ???9m o u t h   a s s e m b l y - 1 @ a s s e m b l y   V 1 / d r i b b l e   r o d - 1 @ m o u t h   a s s e m b l y                  
2025-08-18 21:08:32,598 INFO  CommonSwOperations.cs: 254 - Successfully loaded component E:\ZJUNlict2023\mouth\dribble rod.SLDPRT
2025-08-18 21:08:32,599 INFO  CommonSwOperations.cs: 245 - Loading component with PID ?:     ???5m o u t h   a s s e m b l y - 1 @ a s s e m b l y   V 1 / M R 1 0 5 Z Z - 1 @ m o u t h   a s s e m b l y               c   
2025-08-18 21:08:32,599 INFO  CommonSwOperations.cs: 254 - Successfully loaded component E:\ZJUNlict2023\mouth\MR105ZZ.SLDPRT
2025-08-18 21:08:32,600 INFO  CommonSwOperations.cs: 245 - Loading component with PID ?:     ???7m o u t h   a s s e m b l y - 1 @ a s s e m b l y   V 1 / M 0 . 5 T 2 3 _ 2 - 1 @ m o u t h   a s s e m b l y               \   
2025-08-18 21:08:32,603 INFO  CommonSwOperations.cs: 254 - Successfully loaded component E:\ZJUNlict2023\mouth\M0.5T23_2.SLDPRT
2025-08-18 21:08:32,603 INFO  CommonSwOperations.cs: 245 - Loading component with PID ?:     ???5m o u t h   a s s e m b l y - 1 @ a s s e m b l y   V 1 / M R 1 0 5 Z Z - 2 @ m o u t h   a s s e m b l y               d   
2025-08-18 21:08:32,604 INFO  CommonSwOperations.cs: 254 - Successfully loaded component E:\ZJUNlict2023\mouth\MR105ZZ.SLDPRT
2025-08-18 21:08:32,604 INFO  CommonSwOperations.cs: 230 - Loaded 5 components for link dribble_Link
2025-08-18 21:08:33,688 INFO  SwAddin.cs: 344 - Showing property manager
2025-08-18 21:09:18,607 INFO  ExportPropertyManager.cs: 1018 - OnComboboxSelectionChanged called. This method no longer throws an Exception. It just silently does nothing. Ok, except for this logging message
2025-08-18 21:09:18,695 INFO  ExportPropertyManager.cs: 1018 - OnComboboxSelectionChanged called. This method no longer throws an Exception. It just silently does nothing. Ok, except for this logging message
2025-08-18 21:09:22,203 INFO  ExportPropertyManager.cs: 1018 - OnComboboxSelectionChanged called. This method no longer throws an Exception. It just silently does nothing. Ok, except for this logging message
2025-08-18 21:09:40,204 INFO  ExportPropertyManager.cs: 1036 - OnListboxSelectionChanged called. This method no longer throws an Exception. It just silently does nothing. Ok, except for this logging message
2025-08-18 21:10:11,700 INFO  ExportPropertyManager.cs: 1018 - OnComboboxSelectionChanged called. This method no longer throws an Exception. It just silently does nothing. Ok, except for this logging message
2025-08-18 21:10:18,948 INFO  ExportPropertyManager.cs: 1018 - OnComboboxSelectionChanged called. This method no longer throws an Exception. It just silently does nothing. Ok, except for this logging message
2025-08-18 21:10:37,754 INFO  ExportPropertyManager.cs: 1018 - OnComboboxSelectionChanged called. This method no longer throws an Exception. It just silently does nothing. Ok, except for this logging message
2025-08-18 21:10:38,984 INFO  ExportPropertyManager.cs: 1018 - OnComboboxSelectionChanged called. This method no longer throws an Exception. It just silently does nothing. Ok, except for this logging message
2025-08-18 21:10:49,149 INFO  ExportPropertyManager.cs: 1018 - OnComboboxSelectionChanged called. This method no longer throws an Exception. It just silently does nothing. Ok, except for this logging message
2025-08-18 21:10:50,266 INFO  ExportPropertyManager.cs: 1018 - OnComboboxSelectionChanged called. This method no longer throws an Exception. It just silently does nothing. Ok, except for this logging message
2025-08-18 21:11:05,036 INFO  ExportPropertyManager.cs: 1018 - OnComboboxSelectionChanged called. This method no longer throws an Exception. It just silently does nothing. Ok, except for this logging message
2025-08-18 21:11:06,355 INFO  ExportPropertyManager.cs: 1018 - OnComboboxSelectionChanged called. This method no longer throws an Exception. It just silently does nothing. Ok, except for this logging message
2025-08-18 21:11:26,673 INFO  ExportPropertyManager.cs: 1018 - OnComboboxSelectionChanged called. This method no longer throws an Exception. It just silently does nothing. Ok, except for this logging message
2025-08-18 21:11:28,872 INFO  ExportPropertyManager.cs: 1018 - OnComboboxSelectionChanged called. This method no longer throws an Exception. It just silently does nothing. Ok, except for this logging message
2025-08-18 21:11:42,809 INFO  ExportPropertyManager.cs: 1018 - OnComboboxSelectionChanged called. This method no longer throws an Exception. It just silently does nothing. Ok, except for this logging message
2025-08-18 21:11:44,457 INFO  ExportPropertyManager.cs: 1018 - OnComboboxSelectionChanged called. This method no longer throws an Exception. It just silently does nothing. Ok, except for this logging message
2025-08-18 21:11:55,269 INFO  ExportPropertyManager.cs: 422 - Configuration saved
2025-08-18 21:11:55,280 INFO  ConfigurationSerialization.cs: 276 - URDF Configuration found
<Link z:Id="i1" xmlns="http://schemas.datacontract.org/2004/07/SW2URDF" xmlns:i="http://www.w3.org/2001/XMLSchema-instance" xmlns:z="http://schemas.microsoft.com/2003/10/Serialization/"><Attributes><Attribute z:Id="i2"><AttributeType>name</AttributeType><IsRequired>true</IsRequired><Value i:type="a:string" xmlns:a="http://www.w3.org/2001/XMLSchema">base_Link</Value></Attribute></Attributes><ChildElements><URDFElement z:Id="i3" i:type="Inertial"><Attributes/><ChildElements><URDFElement z:Id="i4" i:type="Origin"><Attributes><Attribute z:Id="i5"><AttributeType>xyz</AttributeType><IsRequired>true</IsRequired><Value i:type="a:ArrayOfdouble" xmlns:a="http://schemas.microsoft.com/2003/10/Serialization/Arrays"><a:double>0.0018334</a:double><a:double>-0.0042155</a:double><a:double>0.20822</a:double></Value></Attribute><Attribute z:Id="i6"><AttributeType>rpy</AttributeType><IsRequired>true</IsRequired><Value i:type="a:ArrayOfdouble" xmlns:a="http://schemas.microsoft.com/2003/10/Serialization/Arrays"><a:double>0</a:double><a:double>0</a:double><a:double>0</a:double></Value></Attribute></Attributes><ChildElements/><ElementName>origin</ElementName><required>false</required><RPYAttribute z:Ref="i6"/><XYZAttribute z:Ref="i5"/><isCustomized>false</isCustomized></URDFElement><URDFElement z:Id="i7" i:type="Mass"><Attributes><Attribute z:Id="i8"><AttributeType>value</AttributeType><IsRequired>true</IsRequired><Value i:type="a:double" xmlns:a="http://www.w3.org/2001/XMLSchema">0.57022</Value></Attribute></Attributes><ChildElements/><ElementName>mass</ElementName><required>false</required><ValueAttribute z:Ref="i8"/></URDFElement><URDFElement z:Id="i9" i:type="Inertia"><Attributes><Attribute z:Id="i10"><AttributeType>ixx</AttributeType><IsRequired>true</IsRequired><Value i:type="a:double" xmlns:a="http://www.w3.org/2001/XMLSchema">0.00030247</Value></Attribute><Attribute z:Id="i11"><AttributeType>ixy</AttributeType><IsRequired>true</IsRequired><Value i:type="a:double" xmlns:a="http://www.w3.org/2001/XMLSchema">-1.4512E-08</Value></Attribute><Attribute z:Id="i12"><AttributeType>ixz</AttributeType><IsRequired>true</IsRequired><Value i:type="a:double" xmlns:a="http://www.w3.org/2001/XMLSchema">-1.4229E-11</Value></Attribute><Attribute z:Id="i13"><AttributeType>iyy</AttributeType><IsRequired>true</IsRequired><Value i:type="a:double" xmlns:a="http://www.w3.org/2001/XMLSchema">0.00032529</Value></Attribute><Attribute z:Id="i14"><AttributeType>iyz</AttributeType><IsRequired>true</IsRequired><Value i:type="a:double" xmlns:a="http://www.w3.org/2001/XMLSchema">5.6387E-07</Value></Attribute><Attribute z:Id="i15"><AttributeType>izz</AttributeType><IsRequired>true</IsRequired><Value i:type="a:double" xmlns:a="http://www.w3.org/2001/XMLSchema">0.00055201</Value></Attribute></Attributes><ChildElements/><ElementName>inertia</ElementName><required>false</required><IxxAttribute z:Ref="i10"/><IxyAttribute z:Ref="i11"/><IxzAttribute z:Ref="i12"/><IyyAttribute z:Ref="i13"/><IyzAttribute z:Ref="i14"/><IzzAttribute z:Ref="i15"/></URDFElement></ChildElements><ElementName>inertial</ElementName><required>false</required><Inertia z:Ref="i9"/><Mass z:Ref="i7"/><Origin z:Ref="i4"/></URDFElement><URDFElement z:Id="i16" i:type="Visual"><Attributes/><ChildElements><URDFElement z:Id="i17" i:type="Origin"><Attributes><Attribute z:Id="i18"><AttributeType>xyz</AttributeType><IsRequired>true</IsRequired><Value i:type="a:ArrayOfdouble" xmlns:a="http://schemas.microsoft.com/2003/10/Serialization/Arrays"><a:double>0</a:double><a:double>0</a:double><a:double>0</a:double></Value></Attribute><Attribute z:Id="i19"><AttributeType>rpy</AttributeType><IsRequired>true</IsRequired><Value i:type="a:ArrayOfdouble" xmlns:a="http://schemas.microsoft.com/2003/10/Serialization/Arrays"><a:double>0</a:double><a:double>0</a:double><a:double>0</a:double></Value></Attribute></Attributes><ChildElements/><ElementName>origin</ElementName><required>false</required><RPYAttribute z:Ref="i19"/><XYZAttribute z:Ref="i18"/><isCustomized>false</isCustomized></URDFElement><URDFElement z:Id="i20" i:type="Geometry"><Attributes/><ChildElements><URDFElement z:Id="i21" i:type="Mesh"><Attributes><Attribute z:Id="i22"><AttributeType>filename</AttributeType><IsRequired>true</IsRequired><Value i:nil="true"/></Attribute></Attributes><ChildElements/><ElementName>mesh</ElementName><required>false</required><FilenameAttribute z:Ref="i22"/></URDFElement></ChildElements><ElementName>geometry</ElementName><required>true</required><Mesh z:Ref="i21"/></URDFElement><URDFElement z:Id="i23" i:type="Material"><Attributes><Attribute z:Id="i24"><AttributeType>name</AttributeType><IsRequired>true</IsRequired><Value i:type="a:string" xmlns:a="http://www.w3.org/2001/XMLSchema"/></Attribute></Attributes><ChildElements><URDFElement z:Id="i25" i:type="Color"><Attributes><Attribute z:Id="i26"><AttributeType>rgba</AttributeType><IsRequired>true</IsRequired><Value i:type="a:ArrayOfdouble" xmlns:a="http://schemas.microsoft.com/2003/10/Serialization/Arrays"><a:double>1</a:double><a:double>1</a:double><a:double>1</a:double><a:double>1</a:double></Value></Attribute></Attributes><ChildElements/><ElementName>color</ElementName><required>false</required><RGBAAttribute z:Ref="i26"/></URDFElement><URDFElement z:Id="i27" i:type="Texture"><Attributes><Attribute z:Id="i28"><AttributeType>filename</AttributeType><IsRequired>true</IsRequired><Value i:nil="true"/></Attribute></Attributes><ChildElements/><ElementName>texture</ElementName><required>false</required><FilenameAttribute z:Ref="i28"/><wFilename/></URDFElement></ChildElements><ElementName>material</ElementName><required>false</required><Color z:Ref="i25"/><NameAttribute z:Ref="i24"/><Texture z:Ref="i27"/></URDFElement></ChildElements><ElementName>visual</ElementName><required>false</required><Geometry z:Ref="i20"/><Material z:Ref="i23"/><Origin z:Ref="i17"/></URDFElement><URDFElement z:Id="i29" i:type="Collision"><Attributes/><ChildElements><URDFElement z:Id="i30" i:type="Origin"><Attributes><Attribute z:Id="i31"><AttributeType>xyz</AttributeType><IsRequired>true</IsRequired><Value i:type="a:ArrayOfdouble" xmlns:a="http://schemas.microsoft.com/2003/10/Serialization/Arrays"><a:double>0</a:double><a:double>0</a:double><a:double>0</a:double></Value></Attribute><Attribute z:Id="i32"><AttributeType>rpy</AttributeType><IsRequired>true</IsRequired><Value i:type="a:ArrayOfdouble" xmlns:a="http://schemas.microsoft.com/2003/10/Serialization/Arrays"><a:double>0</a:double><a:double>0</a:double><a:double>0</a:double></Value></Attribute></Attributes><ChildElements/><ElementName>origin</ElementName><required>false</required><RPYAttribute z:Ref="i32"/><XYZAttribute z:Ref="i31"/><isCustomized>false</isCustomized></URDFElement><URDFElement z:Id="i33" i:type="Geometry"><Attributes/><ChildElements><URDFElement z:Id="i34" i:type="Mesh"><Attributes><Attribute z:Id="i35"><AttributeType>filename</AttributeType><IsRequired>true</IsRequired><Value i:nil="true"/></Attribute></Attributes><ChildElements/><ElementName>mesh</ElementName><required>false</required><FilenameAttribute z:Ref="i35"/></URDFElement></ChildElements><ElementName>geometry</ElementName><required>true</required><Mesh z:Ref="i34"/></URDFElement></ChildElements><ElementName>collision</ElementName><required>false</required><Geometry z:Ref="i33"/><Origin z:Ref="i30"/></URDFElement><URDFElement z:Id="i36" i:type="Joint"><Attributes><Attribute z:Id="i37"><AttributeType>name</AttributeType><IsRequired>true</IsRequired><Value i:type="a:string" xmlns:a="http://www.w3.org/2001/XMLSchema"/></Attribute><Attribute z:Id="i38"><AttributeType>type</AttributeType><IsRequired>true</IsRequired><Value i:type="a:string" xmlns:a="http://www.w3.org/2001/XMLSchema"/></Attribute></Attributes><ChildElements><URDFElement z:Id="i39" i:type="Origin"><Attributes><Attribute z:Id="i40"><AttributeType>xyz</AttributeType><IsRequired>true</IsRequired><Value i:type="a:ArrayOfdouble" xmlns:a="http://schemas.microsoft.com/2003/10/Serialization/Arrays"><a:double>0</a:double><a:double>0</a:double><a:double>0</a:double></Value></Attribute><Attribute z:Id="i41"><AttributeType>rpy</AttributeType><IsRequired>true</IsRequired><Value i:type="a:ArrayOfdouble" xmlns:a="http://schemas.microsoft.com/2003/10/Serialization/Arrays"><a:double>0</a:double><a:double>0</a:double><a:double>0</a:double></Value></Attribute></Attributes><ChildElements/><ElementName>origin</ElementName><required>false</required><RPYAttribute z:Ref="i41"/><XYZAttribute z:Ref="i40"/><isCustomized>false</isCustomized></URDFElement><URDFElement z:Id="i42" i:type="ParentLink"><Attributes><Attribute z:Id="i43"><AttributeType>link</AttributeType><IsRequired>true</IsRequired><Value i:type="a:string" xmlns:a="http://www.w3.org/2001/XMLSchema"/></Attribute></Attributes><ChildElements/><ElementName>parent</ElementName><required>true</required><NameAttribute z:Ref="i43"/></URDFElement><URDFElement z:Id="i44" i:type="ChildLink"><Attributes><Attribute z:Id="i45"><AttributeType>link</AttributeType><IsRequired>true</IsRequired><Value i:type="a:string" xmlns:a="http://www.w3.org/2001/XMLSchema"/></Attribute></Attributes><ChildElements/><ElementName>child</ElementName><required>true</required><NameAttribute z:Ref="i45"/></URDFElement><URDFElement z:Id="i46" i:type="Axis"><Attributes><Attribute z:Id="i47"><AttributeType>xyz</AttributeType><IsRequired>true</IsRequired><Value i:type="a:ArrayOfdouble" xmlns:a="http://schemas.microsoft.com/2003/10/Serialization/Arrays"><a:double>0</a:double><a:double>0</a:double><a:double>0</a:double></Value></Attribute></Attributes><ChildElements/><ElementName>axis</ElementName><required>false</required><XYZAttribute z:Ref="i47"/></URDFElement><URDFElement z:Id="i48" i:type="Limit"><Attributes><Attribute z:Id="i49"><AttributeType>lower</AttributeType><IsRequired>false</IsRequired><Value i:nil="true"/></Attribute><Attribute z:Id="i50"><AttributeType>upper</AttributeType><IsRequired>false</IsRequired><Value i:nil="true"/></Attribute><Attribute z:Id="i51"><AttributeType>effort</AttributeType><IsRequired>true</IsRequired><Value i:nil="true"/></Attribute><Attribute z:Id="i52"><AttributeType>velocity</AttributeType><IsRequired>true</IsRequired><Value i:nil="true"/></Attribute></Attributes><ChildElements/><ElementName>limit</ElementName><required>false</required><EffortAttribute z:Ref="i51"/><LowerAttribute z:Ref="i49"/><UpperAttribute z:Ref="i50"/><VelocityAttribute z:Ref="i52"/></URDFElement><URDFElement z:Id="i53" i:type="Calibration"><Attributes><Attribute z:Id="i54"><AttributeType>rising</AttributeType><IsRequired>false</IsRequired><Value i:nil="true"/></Attribute><Attribute z:Id="i55"><AttributeType>falling</AttributeType><IsRequired>false</IsRequired><Value i:nil="true"/></Attribute></Attributes><ChildElements/><ElementName>calibration</ElementName><required>false</required><FallingAttribute z:Ref="i55"/><RisingAttribute z:Ref="i54"/></URDFElement><URDFElement z:Id="i56" i:type="Dynamics"><Attributes><Attribute z:Id="i57"><AttributeType>damping</AttributeType><IsRequired>false</IsRequired><Value i:nil="true"/></Attribute><Attribute z:Id="i58"><AttributeType>friction</AttributeType><IsRequired>false</IsRequired><Value i:nil="true"/></Attribute></Attributes><ChildElements/><ElementName>dynamics</ElementName><required>false</required><DampingAttribute z:Ref="i57"/><FrictionAttribute z:Ref="i58"/></URDFElement><URDFElement z:Id="i59" i:type="SafetyController"><Attributes><Attribute z:Id="i60"><AttributeType>soft_upper_limit</AttributeType><IsRequired>false</IsRequired><Value i:nil="true"/></Attribute><Attribute z:Id="i61"><AttributeType>soft_lower_limit</AttributeType><IsRequired>false</IsRequired><Value i:nil="true"/></Attribute><Attribute z:Id="i62"><AttributeType>k_position</AttributeType><IsRequired>false</IsRequired><Value i:nil="true"/></Attribute><Attribute z:Id="i63"><AttributeType>k_velocity</AttributeType><IsRequired>true</IsRequired><Value i:nil="true"/></Attribute></Attributes><ChildElements/><ElementName>safety_controller</ElementName><required>false</required><KPositionAttribute z:Ref="i62"/><KVelocityAttribute z:Ref="i63"/><SoftLowerAttribute z:Ref="i61"/><SoftUpperAttribute z:Ref="i60"/></URDFElement><URDFElement z:Id="i64" i:type="Mimic"><Attributes><Attribute z:Id="i65"><AttributeType>joint</AttributeType><IsRequired>true</IsRequired><Value i:nil="true"/></Attribute><Attribute z:Id="i66"><AttributeType>multiplier</AttributeType><IsRequired>false</IsRequired><Value i:nil="true"/></Attribute><Attribute z:Id="i67"><AttributeType>offset</AttributeType><IsRequired>false</IsRequired><Value i:nil="true"/></Attribute></Attributes><ChildElements/><ElementName>mimic</ElementName><required>false</required><JointNameAttribute z:Ref="i65"/><MultiplierAttribute z:Ref="i66"/><OffsetAttribute z:Ref="i67"/></URDFElement></ChildElements><ElementName>joint</ElementName><required>false</required><Axis z:Ref="i46"/><AxisName/><Calibration z:Ref="i53"/><Child z:Ref="i44"/><CoordinateSystemName>Origin_global</CoordinateSystemName><Dynamics z:Ref="i56"/><Limit z:Ref="i48"/><Mimic z:Ref="i64"/><NameAttribute z:Ref="i37"/><Origin z:Ref="i39"/><Parent z:Ref="i42"/><Safety z:Ref="i59"/><TypeAttribute z:Ref="i38"/></URDFElement></ChildElements><ElementName>link</ElementName><required>true</required><Children><Link z:Id="i68"><Attributes><Attribute z:Id="i69"><AttributeType>name</AttributeType><IsRequired>true</IsRequired><Value i:type="a:string" xmlns:a="http://www.w3.org/2001/XMLSchema">wheel_0_Link</Value></Attribute></Attributes><ChildElements><URDFElement z:Id="i70" i:type="Inertial"><Attributes/><ChildElements><URDFElement z:Id="i71" i:type="Origin"><Attributes><Attribute z:Id="i72"><AttributeType>xyz</AttributeType><IsRequired>true</IsRequired><Value i:type="a:ArrayOfdouble" xmlns:a="http://schemas.microsoft.com/2003/10/Serialization/Arrays"><a:double>-2.6664E-06</a:double><a:double>-0.00078965</a:double><a:double>3.6623E-06</a:double></Value></Attribute><Attribute z:Id="i73"><AttributeType>rpy</AttributeType><IsRequired>true</IsRequired><Value i:type="a:ArrayOfdouble" xmlns:a="http://schemas.microsoft.com/2003/10/Serialization/Arrays"><a:double>0</a:double><a:double>0</a:double><a:double>0</a:double></Value></Attribute></Attributes><ChildElements/><ElementName>origin</ElementName><required>false</required><RPYAttribute z:Ref="i73"/><XYZAttribute z:Ref="i72"/><isCustomized>false</isCustomized></URDFElement><URDFElement z:Id="i74" i:type="Mass"><Attributes><Attribute z:Id="i75"><AttributeType>value</AttributeType><IsRequired>true</IsRequired><Value i:type="a:double" xmlns:a="http://www.w3.org/2001/XMLSchema">0.02299</Value></Attribute></Attributes><ChildElements/><ElementName>mass</ElementName><required>false</required><ValueAttribute z:Ref="i75"/></URDFElement><URDFElement z:Id="i76" i:type="Inertia"><Attributes><Attribute z:Id="i77"><AttributeType>ixx</AttributeType><IsRequired>true</IsRequired><Value i:type="a:double" xmlns:a="http://www.w3.org/2001/XMLSchema">2.5133E-06</Value></Attribute><Attribute z:Id="i78"><AttributeType>ixy</AttributeType><IsRequired>true</IsRequired><Value i:type="a:double" xmlns:a="http://www.w3.org/2001/XMLSchema">1.7743E-16</Value></Attribute><Attribute z:Id="i79"><AttributeType>ixz</AttributeType><IsRequired>true</IsRequired><Value i:type="a:double" xmlns:a="http://www.w3.org/2001/XMLSchema">-1.1098E-17</Value></Attribute><Attribute z:Id="i80"><AttributeType>iyy</AttributeType><IsRequired>true</IsRequired><Value i:type="a:double" xmlns:a="http://www.w3.org/2001/XMLSchema">4.7981E-06</Value></Attribute><Attribute z:Id="i81"><AttributeType>iyz</AttributeType><IsRequired>true</IsRequired><Value i:type="a:double" xmlns:a="http://www.w3.org/2001/XMLSchema">2.7395E-17</Value></Attribute><Attribute z:Id="i82"><AttributeType>izz</AttributeType><IsRequired>true</IsRequired><Value i:type="a:double" xmlns:a="http://www.w3.org/2001/XMLSchema">2.5133E-06</Value></Attribute></Attributes><ChildElements/><ElementName>inertia</ElementName><required>false</required><IxxAttribute z:Ref="i77"/><IxyAttribute z:Ref="i78"/><IxzAttribute z:Ref="i79"/><IyyAttribute z:Ref="i80"/><IyzAttribute z:Ref="i81"/><IzzAttribute z:Ref="i82"/></URDFElement></ChildElements><ElementName>inertial</ElementName><required>false</required><Inertia z:Ref="i76"/><Mass z:Ref="i74"/><Origin z:Ref="i71"/></URDFElement><URDFElement z:Id="i83" i:type="Visual"><Attributes/><ChildElements><URDFElement z:Id="i84" i:type="Origin"><Attributes><Attribute z:Id="i85"><AttributeType>xyz</AttributeType><IsRequired>true</IsRequired><Value i:type="a:ArrayOfdouble" xmlns:a="http://schemas.microsoft.com/2003/10/Serialization/Arrays"><a:double>0</a:double><a:double>0</a:double><a:double>0</a:double></Value></Attribute><Attribute z:Id="i86"><AttributeType>rpy</AttributeType><IsRequired>true</IsRequired><Value i:type="a:ArrayOfdouble" xmlns:a="http://schemas.microsoft.com/2003/10/Serialization/Arrays"><a:double>0</a:double><a:double>0</a:double><a:double>0</a:double></Value></Attribute></Attributes><ChildElements/><ElementName>origin</ElementName><required>false</required><RPYAttribute z:Ref="i86"/><XYZAttribute z:Ref="i85"/><isCustomized>false</isCustomized></URDFElement><URDFElement z:Id="i87" i:type="Geometry"><Attributes/><ChildElements><URDFElement z:Id="i88" i:type="Mesh"><Attributes><Attribute z:Id="i89"><AttributeType>filename</AttributeType><IsRequired>true</IsRequired><Value i:nil="true"/></Attribute></Attributes><ChildElements/><ElementName>mesh</ElementName><required>false</required><FilenameAttribute z:Ref="i89"/></URDFElement></ChildElements><ElementName>geometry</ElementName><required>true</required><Mesh z:Ref="i88"/></URDFElement><URDFElement z:Id="i90" i:type="Material"><Attributes><Attribute z:Id="i91"><AttributeType>name</AttributeType><IsRequired>true</IsRequired><Value i:type="a:string" xmlns:a="http://www.w3.org/2001/XMLSchema"/></Attribute></Attributes><ChildElements><URDFElement z:Id="i92" i:type="Color"><Attributes><Attribute z:Id="i93"><AttributeType>rgba</AttributeType><IsRequired>true</IsRequired><Value i:type="a:ArrayOfdouble" xmlns:a="http://schemas.microsoft.com/2003/10/Serialization/Arrays"><a:double>1</a:double><a:double>1</a:double><a:double>1</a:double><a:double>1</a:double></Value></Attribute></Attributes><ChildElements/><ElementName>color</ElementName><required>false</required><RGBAAttribute z:Ref="i93"/></URDFElement><URDFElement z:Id="i94" i:type="Texture"><Attributes><Attribute z:Id="i95"><AttributeType>filename</AttributeType><IsRequired>true</IsRequired><Value i:nil="true"/></Attribute></Attributes><ChildElements/><ElementName>texture</ElementName><required>false</required><FilenameAttribute z:Ref="i95"/><wFilename/></URDFElement></ChildElements><ElementName>material</ElementName><required>false</required><Color z:Ref="i92"/><NameAttribute z:Ref="i91"/><Texture z:Ref="i94"/></URDFElement></ChildElements><ElementName>visual</ElementName><required>false</required><Geometry z:Ref="i87"/><Material z:Ref="i90"/><Origin z:Ref="i84"/></URDFElement><URDFElement z:Id="i96" i:type="Collision"><Attributes/><ChildElements><URDFElement z:Id="i97" i:type="Origin"><Attributes><Attribute z:Id="i98"><AttributeType>xyz</AttributeType><IsRequired>true</IsRequired><Value i:type="a:ArrayOfdouble" xmlns:a="http://schemas.microsoft.com/2003/10/Serialization/Arrays"><a:double>0</a:double><a:double>0</a:double><a:double>0</a:double></Value></Attribute><Attribute z:Id="i99"><AttributeType>rpy</AttributeType><IsRequired>true</IsRequired><Value i:type="a:ArrayOfdouble" xmlns:a="http://schemas.microsoft.com/2003/10/Serialization/Arrays"><a:double>0</a:double><a:double>0</a:double><a:double>0</a:double></Value></Attribute></Attributes><ChildElements/><ElementName>origin</ElementName><required>false</required><RPYAttribute z:Ref="i99"/><XYZAttribute z:Ref="i98"/><isCustomized>false</isCustomized></URDFElement><URDFElement z:Id="i100" i:type="Geometry"><Attributes/><ChildElements><URDFElement z:Id="i101" i:type="Mesh"><Attributes><Attribute z:Id="i102"><AttributeType>filename</AttributeType><IsRequired>true</IsRequired><Value i:nil="true"/></Attribute></Attributes><ChildElements/><ElementName>mesh</ElementName><required>false</required><FilenameAttribute z:Ref="i102"/></URDFElement></ChildElements><ElementName>geometry</ElementName><required>true</required><Mesh z:Ref="i101"/></URDFElement></ChildElements><ElementName>collision</ElementName><required>false</required><Geometry z:Ref="i100"/><Origin z:Ref="i97"/></URDFElement><URDFElement z:Id="i103" i:type="Joint"><Attributes><Attribute z:Id="i104"><AttributeType>name</AttributeType><IsRequired>true</IsRequired><Value i:type="a:string" xmlns:a="http://www.w3.org/2001/XMLSchema">wheel_0_Joint</Value></Attribute><Attribute z:Id="i105"><AttributeType>type</AttributeType><IsRequired>true</IsRequired><Value i:type="a:string" xmlns:a="http://www.w3.org/2001/XMLSchema">continuous</Value></Attribute></Attributes><ChildElements><URDFElement z:Id="i106" i:type="Origin"><Attributes><Attribute z:Id="i107"><AttributeType>xyz</AttributeType><IsRequired>true</IsRequired><Value i:type="a:ArrayOfdouble" xmlns:a="http://schemas.microsoft.com/2003/10/Serialization/Arrays"><a:double>-0.065162</a:double><a:double>-0.2005</a:double><a:double>0.047496</a:double></Value></Attribute><Attribute z:Id="i108"><AttributeType>rpy</AttributeType><IsRequired>true</IsRequired><Value i:type="a:ArrayOfdouble" xmlns:a="http://schemas.microsoft.com/2003/10/Serialization/Arrays"><a:double>1.5708</a:double><a:double>-1.0123</a:double><a:double>0</a:double></Value></Attribute></Attributes><ChildElements/><ElementName>origin</ElementName><required>false</required><RPYAttribute z:Ref="i108"/><XYZAttribute z:Ref="i107"/><isCustomized>false</isCustomized></URDFElement><URDFElement z:Id="i109" i:type="ParentLink"><Attributes><Attribute z:Id="i110"><AttributeType>link</AttributeType><IsRequired>true</IsRequired><Value i:type="a:string" xmlns:a="http://www.w3.org/2001/XMLSchema">base_Link</Value></Attribute></Attributes><ChildElements/><ElementName>parent</ElementName><required>true</required><NameAttribute z:Ref="i110"/></URDFElement><URDFElement z:Id="i111" i:type="ChildLink"><Attributes><Attribute z:Id="i112"><AttributeType>link</AttributeType><IsRequired>true</IsRequired><Value i:type="a:string" xmlns:a="http://www.w3.org/2001/XMLSchema">wheel_0_Link</Value></Attribute></Attributes><ChildElements/><ElementName>child</ElementName><required>true</required><NameAttribute z:Ref="i112"/></URDFElement><URDFElement z:Id="i113" i:type="Axis"><Attributes><Attribute z:Id="i114"><AttributeType>xyz</AttributeType><IsRequired>true</IsRequired><Value i:type="a:ArrayOfdouble" xmlns:a="http://schemas.microsoft.com/2003/10/Serialization/Arrays"><a:double>0</a:double><a:double>1</a:double><a:double>0</a:double></Value></Attribute></Attributes><ChildElements/><ElementName>axis</ElementName><required>false</required><XYZAttribute z:Ref="i114"/></URDFElement><URDFElement z:Id="i115" i:type="Limit"><Attributes><Attribute z:Id="i116"><AttributeType>lower</AttributeType><IsRequired>false</IsRequired><Value i:nil="true"/></Attribute><Attribute z:Id="i117"><AttributeType>upper</AttributeType><IsRequired>false</IsRequired><Value i:nil="true"/></Attribute><Attribute z:Id="i118"><AttributeType>effort</AttributeType><IsRequired>true</IsRequired><Value i:nil="true"/></Attribute><Attribute z:Id="i119"><AttributeType>velocity</AttributeType><IsRequired>true</IsRequired><Value i:nil="true"/></Attribute></Attributes><ChildElements/><ElementName>limit</ElementName><required>false</required><EffortAttribute z:Ref="i118"/><LowerAttribute z:Ref="i116"/><UpperAttribute z:Ref="i117"/><VelocityAttribute z:Ref="i119"/></URDFElement><URDFElement z:Id="i120" i:type="Calibration"><Attributes><Attribute z:Id="i121"><AttributeType>rising</AttributeType><IsRequired>false</IsRequired><Value i:nil="true"/></Attribute><Attribute z:Id="i122"><AttributeType>falling</AttributeType><IsRequired>false</IsRequired><Value i:nil="true"/></Attribute></Attributes><ChildElements/><ElementName>calibration</ElementName><required>false</required><FallingAttribute z:Ref="i122"/><RisingAttribute z:Ref="i121"/></URDFElement><URDFElement z:Id="i123" i:type="Dynamics"><Attributes><Attribute z:Id="i124"><AttributeType>damping</AttributeType><IsRequired>false</IsRequired><Value i:nil="true"/></Attribute><Attribute z:Id="i125"><AttributeType>friction</AttributeType><IsRequired>false</IsRequired><Value i:nil="true"/></Attribute></Attributes><ChildElements/><ElementName>dynamics</ElementName><required>false</required><DampingAttribute z:Ref="i124"/><FrictionAttribute z:Ref="i125"/></URDFElement><URDFElement z:Id="i126" i:type="SafetyController"><Attributes><Attribute z:Id="i127"><AttributeType>soft_upper_limit</AttributeType><IsRequired>false</IsRequired><Value i:nil="true"/></Attribute><Attribute z:Id="i128"><AttributeType>soft_lower_limit</AttributeType><IsRequired>false</IsRequired><Value i:nil="true"/></Attribute><Attribute z:Id="i129"><AttributeType>k_position</AttributeType><IsRequired>false</IsRequired><Value i:nil="true"/></Attribute><Attribute z:Id="i130"><AttributeType>k_velocity</AttributeType><IsRequired>true</IsRequired><Value i:nil="true"/></Attribute></Attributes><ChildElements/><ElementName>safety_controller</ElementName><required>false</required><KPositionAttribute z:Ref="i129"/><KVelocityAttribute z:Ref="i130"/><SoftLowerAttribute z:Ref="i128"/><SoftUpperAttribute z:Ref="i127"/></URDFElement><URDFElement z:Id="i131" i:type="Mimic"><Attributes><Attribute z:Id="i132"><AttributeType>joint</AttributeType><IsRequired>true</IsRequired><Value i:nil="true"/></Attribute><Attribute z:Id="i133"><AttributeType>multiplier</AttributeType><IsRequired>false</IsRequired><Value i:nil="true"/></Attribute><Attribute z:Id="i134"><AttributeType>offset</AttributeType><IsRequired>false</IsRequired><Value i:nil="true"/></Attribute></Attributes><ChildElements/><ElementName>mimic</ElementName><required>false</required><JointNameAttribute z:Ref="i132"/><MultiplierAttribute z:Ref="i133"/><OffsetAttribute z:Ref="i134"/></URDFElement></ChildElements><ElementName>joint</ElementName><required>false</required><Axis z:Ref="i113"/><AxisName>?????????8</AxisName><Calibration z:Ref="i120"/><Child z:Ref="i111"/><CoordinateSystemName>?????????8</CoordinateSystemName><Dynamics z:Ref="i123"/><Limit z:Ref="i115"/><Mimic z:Ref="i131"/><NameAttribute z:Ref="i104"/><Origin z:Ref="i106"/><Parent z:Ref="i109"/><Safety z:Ref="i126"/><TypeAttribute z:Ref="i105"/></URDFElement></ChildElements><ElementName>link</ElementName><required>true</required><Children/><Collision z:Ref="i96"/><Inertial z:Ref="i70"/><Joint z:Ref="i103"/><NameAttribute z:Ref="i69"/><Parent z:Ref="i1"/><STLQualityFine>false</STLQualityFine><SWComponentPIDs xmlns:a="http://schemas.microsoft.com/2003/10/Serialization/Arrays"><a:base64Binary>mDoAAAUAAAD//v8cdwBoAGUAZQBsACAAYQBzAHMAZQBtAGIAbAB5AC0AMQBAAGEAcwBzAGUAbQBiAGwAeQAgAFYAMQAEAAAAEAAAAAEAAAABAAAAqgIAAA==</a:base64Binary></SWComponentPIDs><SWMainComponentPID i:nil="true"/><Visual z:Ref="i83"/><isFixedFrame>false</isFixedFrame><isIncomplete>false</isIncomplete></Link><Link z:Id="i135"><Attributes><Attribute z:Id="i136"><AttributeType>name</AttributeType><IsRequired>true</IsRequired><Value i:type="a:string" xmlns:a="http://www.w3.org/2001/XMLSchema">wheel_1_Link</Value></Attribute></Attributes><ChildElements><URDFElement z:Id="i137" i:type="Inertial"><Attributes/><ChildElements><URDFElement z:Id="i138" i:type="Origin"><Attributes><Attribute z:Id="i139"><AttributeType>xyz</AttributeType><IsRequired>true</IsRequired><Value i:type="a:ArrayOfdouble" xmlns:a="http://schemas.microsoft.com/2003/10/Serialization/Arrays"><a:double>2.6144E-06</a:double><a:double>-0.00078965</a:double><a:double>3.6996E-06</a:double></Value></Attribute><Attribute z:Id="i140"><AttributeType>rpy</AttributeType><IsRequired>true</IsRequired><Value i:type="a:ArrayOfdouble" xmlns:a="http://schemas.microsoft.com/2003/10/Serialization/Arrays"><a:double>0</a:double><a:double>0</a:double><a:double>0</a:double></Value></Attribute></Attributes><ChildElements/><ElementName>origin</ElementName><required>false</required><RPYAttribute z:Ref="i140"/><XYZAttribute z:Ref="i139"/><isCustomized>false</isCustomized></URDFElement><URDFElement z:Id="i141" i:type="Mass"><Attributes><Attribute z:Id="i142"><AttributeType>value</AttributeType><IsRequired>true</IsRequired><Value i:type="a:double" xmlns:a="http://www.w3.org/2001/XMLSchema">0.02299</Value></Attribute></Attributes><ChildElements/><ElementName>mass</ElementName><required>false</required><ValueAttribute z:Ref="i142"/></URDFElement><URDFElement z:Id="i143" i:type="Inertia"><Attributes><Attribute z:Id="i144"><AttributeType>ixx</AttributeType><IsRequired>true</IsRequired><Value i:type="a:double" xmlns:a="http://www.w3.org/2001/XMLSchema">2.5133E-06</Value></Attribute><Attribute z:Id="i145"><AttributeType>ixy</AttributeType><IsRequired>true</IsRequired><Value i:type="a:double" xmlns:a="http://www.w3.org/2001/XMLSchema">-2.0145E-16</Value></Attribute><Attribute z:Id="i146"><AttributeType>ixz</AttributeType><IsRequired>true</IsRequired><Value i:type="a:double" xmlns:a="http://www.w3.org/2001/XMLSchema">-4.8584E-17</Value></Attribute><Attribute z:Id="i147"><AttributeType>iyy</AttributeType><IsRequired>true</IsRequired><Value i:type="a:double" xmlns:a="http://www.w3.org/2001/XMLSchema">4.7981E-06</Value></Attribute><Attribute z:Id="i148"><AttributeType>iyz</AttributeType><IsRequired>true</IsRequired><Value i:type="a:double" xmlns:a="http://www.w3.org/2001/XMLSchema">-1.4492E-16</Value></Attribute><Attribute z:Id="i149"><AttributeType>izz</AttributeType><IsRequired>true</IsRequired><Value i:type="a:double" xmlns:a="http://www.w3.org/2001/XMLSchema">2.5133E-06</Value></Attribute></Attributes><ChildElements/><ElementName>inertia</ElementName><required>false</required><IxxAttribute z:Ref="i144"/><IxyAttribute z:Ref="i145"/><IxzAttribute z:Ref="i146"/><IyyAttribute z:Ref="i147"/><IyzAttribute z:Ref="i148"/><IzzAttribute z:Ref="i149"/></URDFElement></ChildElements><ElementName>inertial</ElementName><required>false</required><Inertia z:Ref="i143"/><Mass z:Ref="i141"/><Origin z:Ref="i138"/></URDFElement><URDFElement z:Id="i150" i:type="Visual"><Attributes/><ChildElements><URDFElement z:Id="i151" i:type="Origin"><Attributes><Attribute z:Id="i152"><AttributeType>xyz</AttributeType><IsRequired>true</IsRequired><Value i:type="a:ArrayOfdouble" xmlns:a="http://schemas.microsoft.com/2003/10/Serialization/Arrays"><a:double>0</a:double><a:double>0</a:double><a:double>0</a:double></Value></Attribute><Attribute z:Id="i153"><AttributeType>rpy</AttributeType><IsRequired>true</IsRequired><Value i:type="a:ArrayOfdouble" xmlns:a="http://schemas.microsoft.com/2003/10/Serialization/Arrays"><a:double>0</a:double><a:double>0</a:double><a:double>0</a:double></Value></Attribute></Attributes><ChildElements/><ElementName>origin</ElementName><required>false</required><RPYAttribute z:Ref="i153"/><XYZAttribute z:Ref="i152"/><isCustomized>false</isCustomized></URDFElement><URDFElement z:Id="i154" i:type="Geometry"><Attributes/><ChildElements><URDFElement z:Id="i155" i:type="Mesh"><Attributes><Attribute z:Id="i156"><AttributeType>filename</AttributeType><IsRequired>true</IsRequired><Value i:nil="true"/></Attribute></Attributes><ChildElements/><ElementName>mesh</ElementName><required>false</required><FilenameAttribute z:Ref="i156"/></URDFElement></ChildElements><ElementName>geometry</ElementName><required>true</required><Mesh z:Ref="i155"/></URDFElement><URDFElement z:Id="i157" i:type="Material"><Attributes><Attribute z:Id="i158"><AttributeType>name</AttributeType><IsRequired>true</IsRequired><Value i:type="a:string" xmlns:a="http://www.w3.org/2001/XMLSchema"/></Attribute></Attributes><ChildElements><URDFElement z:Id="i159" i:type="Color"><Attributes><Attribute z:Id="i160"><AttributeType>rgba</AttributeType><IsRequired>true</IsRequired><Value i:type="a:ArrayOfdouble" xmlns:a="http://schemas.microsoft.com/2003/10/Serialization/Arrays"><a:double>1</a:double><a:double>1</a:double><a:double>1</a:double><a:double>1</a:double></Value></Attribute></Attributes><ChildElements/><ElementName>color</ElementName><required>false</required><RGBAAttribute z:Ref="i160"/></URDFElement><URDFElement z:Id="i161" i:type="Texture"><Attributes><Attribute z:Id="i162"><AttributeType>filename</AttributeType><IsRequired>true</IsRequired><Value i:nil="true"/></Attribute></Attributes><ChildElements/><ElementName>texture</ElementName><required>false</required><FilenameAttribute z:Ref="i162"/><wFilename/></URDFElement></ChildElements><ElementName>material</ElementName><required>false</required><Color z:Ref="i159"/><NameAttribute z:Ref="i158"/><Texture z:Ref="i161"/></URDFElement></ChildElements><ElementName>visual</ElementName><required>false</required><Geometry z:Ref="i154"/><Material z:Ref="i157"/><Origin z:Ref="i151"/></URDFElement><URDFElement z:Id="i163" i:type="Collision"><Attributes/><ChildElements><URDFElement z:Id="i164" i:type="Origin"><Attributes><Attribute z:Id="i165"><AttributeType>xyz</AttributeType><IsRequired>true</IsRequired><Value i:type="a:ArrayOfdouble" xmlns:a="http://schemas.microsoft.com/2003/10/Serialization/Arrays"><a:double>0</a:double><a:double>0</a:double><a:double>0</a:double></Value></Attribute><Attribute z:Id="i166"><AttributeType>rpy</AttributeType><IsRequired>true</IsRequired><Value i:type="a:ArrayOfdouble" xmlns:a="http://schemas.microsoft.com/2003/10/Serialization/Arrays"><a:double>0</a:double><a:double>0</a:double><a:double>0</a:double></Value></Attribute></Attributes><ChildElements/><ElementName>origin</ElementName><required>false</required><RPYAttribute z:Ref="i166"/><XYZAttribute z:Ref="i165"/><isCustomized>false</isCustomized></URDFElement><URDFElement z:Id="i167" i:type="Geometry"><Attributes/><ChildElements><URDFElement z:Id="i168" i:type="Mesh"><Attributes><Attribute z:Id="i169"><AttributeType>filename</AttributeType><IsRequired>true</IsRequired><Value i:nil="true"/></Attribute></Attributes><ChildElements/><ElementName>mesh</ElementName><required>false</required><FilenameAttribute z:Ref="i169"/></URDFElement></ChildElements><ElementName>geometry</ElementName><required>true</required><Mesh z:Ref="i168"/></URDFElement></ChildElements><ElementName>collision</ElementName><required>false</required><Geometry z:Ref="i167"/><Origin z:Ref="i164"/></URDFElement><URDFElement z:Id="i170" i:type="Joint"><Attributes><Attribute z:Id="i171"><AttributeType>name</AttributeType><IsRequired>true</IsRequired><Value i:type="a:string" xmlns:a="http://www.w3.org/2001/XMLSchema">wheel_1_Joint</Value></Attribute><Attribute z:Id="i172"><AttributeType>type</AttributeType><IsRequired>true</IsRequired><Value i:type="a:string" xmlns:a="http://www.w3.org/2001/XMLSchema">continuous</Value></Attribute></Attributes><ChildElements><URDFElement z:Id="i173" i:type="Origin"><Attributes><Attribute z:Id="i174"><AttributeType>xyz</AttributeType><IsRequired>true</IsRequired><Value i:type="a:ArrayOfdouble" xmlns:a="http://schemas.microsoft.com/2003/10/Serialization/Arrays"><a:double>0.06883</a:double><a:double>-0.2005</a:double><a:double>0.047496</a:double></Value></Attribute><Attribute z:Id="i175"><AttributeType>rpy</AttributeType><IsRequired>true</IsRequired><Value i:type="a:ArrayOfdouble" xmlns:a="http://schemas.microsoft.com/2003/10/Serialization/Arrays"><a:double>1.5708</a:double><a:double>1.0123</a:double><a:double>0</a:double></Value></Attribute></Attributes><ChildElements/><ElementName>origin</ElementName><required>false</required><RPYAttribute z:Ref="i175"/><XYZAttribute z:Ref="i174"/><isCustomized>false</isCustomized></URDFElement><URDFElement z:Id="i176" i:type="ParentLink"><Attributes><Attribute z:Id="i177"><AttributeType>link</AttributeType><IsRequired>true</IsRequired><Value i:type="a:string" xmlns:a="http://www.w3.org/2001/XMLSchema">base_Link</Value></Attribute></Attributes><ChildElements/><ElementName>parent</ElementName><required>true</required><NameAttribute z:Ref="i177"/></URDFElement><URDFElement z:Id="i178" i:type="ChildLink"><Attributes><Attribute z:Id="i179"><AttributeType>link</AttributeType><IsRequired>true</IsRequired><Value i:type="a:string" xmlns:a="http://www.w3.org/2001/XMLSchema">wheel_1_Link</Value></Attribute></Attributes><ChildElements/><ElementName>child</ElementName><required>true</required><NameAttribute z:Ref="i179"/></URDFElement><URDFElement z:Id="i180" i:type="Axis"><Attributes><Attribute z:Id="i181"><AttributeType>xyz</AttributeType><IsRequired>true</IsRequired><Value i:type="a:ArrayOfdouble" xmlns:a="http://schemas.microsoft.com/2003/10/Serialization/Arrays"><a:double>0</a:double><a:double>1</a:double><a:double>0</a:double></Value></Attribute></Attributes><ChildElements/><ElementName>axis</ElementName><required>false</required><XYZAttribute z:Ref="i181"/></URDFElement><URDFElement z:Id="i182" i:type="Limit"><Attributes><Attribute z:Id="i183"><AttributeType>lower</AttributeType><IsRequired>false</IsRequired><Value i:nil="true"/></Attribute><Attribute z:Id="i184"><AttributeType>upper</AttributeType><IsRequired>false</IsRequired><Value i:nil="true"/></Attribute><Attribute z:Id="i185"><AttributeType>effort</AttributeType><IsRequired>true</IsRequired><Value i:nil="true"/></Attribute><Attribute z:Id="i186"><AttributeType>velocity</AttributeType><IsRequired>true</IsRequired><Value i:nil="true"/></Attribute></Attributes><ChildElements/><ElementName>limit</ElementName><required>false</required><EffortAttribute z:Ref="i185"/><LowerAttribute z:Ref="i183"/><UpperAttribute z:Ref="i184"/><VelocityAttribute z:Ref="i186"/></URDFElement><URDFElement z:Id="i187" i:type="Calibration"><Attributes><Attribute z:Id="i188"><AttributeType>rising</AttributeType><IsRequired>false</IsRequired><Value i:nil="true"/></Attribute><Attribute z:Id="i189"><AttributeType>falling</AttributeType><IsRequired>false</IsRequired><Value i:nil="true"/></Attribute></Attributes><ChildElements/><ElementName>calibration</ElementName><required>false</required><FallingAttribute z:Ref="i189"/><RisingAttribute z:Ref="i188"/></URDFElement><URDFElement z:Id="i190" i:type="Dynamics"><Attributes><Attribute z:Id="i191"><AttributeType>damping</AttributeType><IsRequired>false</IsRequired><Value i:nil="true"/></Attribute><Attribute z:Id="i192"><AttributeType>friction</AttributeType><IsRequired>false</IsRequired><Value i:nil="true"/></Attribute></Attributes><ChildElements/><ElementName>dynamics</ElementName><required>false</required><DampingAttribute z:Ref="i191"/><FrictionAttribute z:Ref="i192"/></URDFElement><URDFElement z:Id="i193" i:type="SafetyController"><Attributes><Attribute z:Id="i194"><AttributeType>soft_upper_limit</AttributeType><IsRequired>false</IsRequired><Value i:nil="true"/></Attribute><Attribute z:Id="i195"><AttributeType>soft_lower_limit</AttributeType><IsRequired>false</IsRequired><Value i:nil="true"/></Attribute><Attribute z:Id="i196"><AttributeType>k_position</AttributeType><IsRequired>false</IsRequired><Value i:nil="true"/></Attribute><Attribute z:Id="i197"><AttributeType>k_velocity</AttributeType><IsRequired>true</IsRequired><Value i:nil="true"/></Attribute></Attributes><ChildElements/><ElementName>safety_controller</ElementName><required>false</required><KPositionAttribute z:Ref="i196"/><KVelocityAttribute z:Ref="i197"/><SoftLowerAttribute z:Ref="i195"/><SoftUpperAttribute z:Ref="i194"/></URDFElement><URDFElement z:Id="i198" i:type="Mimic"><Attributes><Attribute z:Id="i199"><AttributeType>joint</AttributeType><IsRequired>true</IsRequired><Value i:nil="true"/></Attribute><Attribute z:Id="i200"><AttributeType>multiplier</AttributeType><IsRequired>false</IsRequired><Value i:nil="true"/></Attribute><Attribute z:Id="i201"><AttributeType>offset</AttributeType><IsRequired>false</IsRequired><Value i:nil="true"/></Attribute></Attributes><ChildElements/><ElementName>mimic</ElementName><required>false</required><JointNameAttribute z:Ref="i199"/><MultiplierAttribute z:Ref="i200"/><OffsetAttribute z:Ref="i201"/></URDFElement></ChildElements><ElementName>joint</ElementName><required>false</required><Axis z:Ref="i180"/><AxisName>?????????3</AxisName><Calibration z:Ref="i187"/><Child z:Ref="i178"/><CoordinateSystemName>?????????5</CoordinateSystemName><Dynamics z:Ref="i190"/><Limit z:Ref="i182"/><Mimic z:Ref="i198"/><NameAttribute z:Ref="i171"/><Origin z:Ref="i173"/><Parent z:Ref="i176"/><Safety z:Ref="i193"/><TypeAttribute z:Ref="i172"/></URDFElement></ChildElements><ElementName>link</ElementName><required>true</required><Children/><Collision z:Ref="i163"/><Inertial z:Ref="i137"/><Joint z:Ref="i170"/><NameAttribute z:Ref="i136"/><Parent z:Ref="i1"/><STLQualityFine>false</STLQualityFine><SWComponentPIDs xmlns:a="http://schemas.microsoft.com/2003/10/Serialization/Arrays"><a:base64Binary>mDoAAAUAAAD//v8cdwBoAGUAZQBsACAAYQBzAHMAZQBtAGIAbAB5AC0AMgBAAGEAcwBzAGUAbQBiAGwAeQAgAFYAMQAEAAAAEAAAAAEAAAABAAAArwIAAA==</a:base64Binary></SWComponentPIDs><SWMainComponentPID i:nil="true"/><Visual z:Ref="i150"/><isFixedFrame>false</isFixedFrame><isIncomplete>false</isIncomplete></Link><Link z:Id="i202"><Attributes><Attribute z:Id="i203"><AttributeType>name</AttributeType><IsRequired>true</IsRequired><Value i:type="a:string" xmlns:a="http://www.w3.org/2001/XMLSchema">wheel_2_Link</Value></Attribute></Attributes><ChildElements><URDFElement z:Id="i204" i:type="Inertial"><Attributes/><ChildElements><URDFElement z:Id="i205" i:type="Origin"><Attributes><Attribute z:Id="i206"><AttributeType>xyz</AttributeType><IsRequired>true</IsRequired><Value i:type="a:ArrayOfdouble" xmlns:a="http://schemas.microsoft.com/2003/10/Serialization/Arrays"><a:double>-1.1542E-06</a:double><a:double>-0.00078965</a:double><a:double>-4.3806E-06</a:double></Value></Attribute><Attribute z:Id="i207"><AttributeType>rpy</AttributeType><IsRequired>true</IsRequired><Value i:type="a:ArrayOfdouble" xmlns:a="http://schemas.microsoft.com/2003/10/Serialization/Arrays"><a:double>0</a:double><a:double>0</a:double><a:double>0</a:double></Value></Attribute></Attributes><ChildElements/><ElementName>origin</ElementName><required>false</required><RPYAttribute z:Ref="i207"/><XYZAttribute z:Ref="i206"/><isCustomized>false</isCustomized></URDFElement><URDFElement z:Id="i208" i:type="Mass"><Attributes><Attribute z:Id="i209"><AttributeType>value</AttributeType><IsRequired>true</IsRequired><Value i:type="a:double" xmlns:a="http://www.w3.org/2001/XMLSchema">0.02299</Value></Attribute></Attributes><ChildElements/><ElementName>mass</ElementName><required>false</required><ValueAttribute z:Ref="i209"/></URDFElement><URDFElement z:Id="i210" i:type="Inertia"><Attributes><Attribute z:Id="i211"><AttributeType>ixx</AttributeType><IsRequired>true</IsRequired><Value i:type="a:double" xmlns:a="http://www.w3.org/2001/XMLSchema">2.5133E-06</Value></Attribute><Attribute z:Id="i212"><AttributeType>ixy</AttributeType><IsRequired>true</IsRequired><Value i:type="a:double" xmlns:a="http://www.w3.org/2001/XMLSchema">3.2706E-17</Value></Attribute><Attribute z:Id="i213"><AttributeType>ixz</AttributeType><IsRequired>true</IsRequired><Value i:type="a:double" xmlns:a="http://www.w3.org/2001/XMLSchema">-1.1877E-18</Value></Attribute><Attribute z:Id="i214"><AttributeType>iyy</AttributeType><IsRequired>true</IsRequired><Value i:type="a:double" xmlns:a="http://www.w3.org/2001/XMLSchema">4.7981E-06</Value></Attribute><Attribute z:Id="i215"><AttributeType>iyz</AttributeType><IsRequired>true</IsRequired><Value i:type="a:double" xmlns:a="http://www.w3.org/2001/XMLSchema">6.5586E-17</Value></Attribute><Attribute z:Id="i216"><AttributeType>izz</AttributeType><IsRequired>true</IsRequired><Value i:type="a:double" xmlns:a="http://www.w3.org/2001/XMLSchema">2.5133E-06</Value></Attribute></Attributes><ChildElements/><ElementName>inertia</ElementName><required>false</required><IxxAttribute z:Ref="i211"/><IxyAttribute z:Ref="i212"/><IxzAttribute z:Ref="i213"/><IyyAttribute z:Ref="i214"/><IyzAttribute z:Ref="i215"/><IzzAttribute z:Ref="i216"/></URDFElement></ChildElements><ElementName>inertial</ElementName><required>false</required><Inertia z:Ref="i210"/><Mass z:Ref="i208"/><Origin z:Ref="i205"/></URDFElement><URDFElement z:Id="i217" i:type="Visual"><Attributes/><ChildElements><URDFElement z:Id="i218" i:type="Origin"><Attributes><Attribute z:Id="i219"><AttributeType>xyz</AttributeType><IsRequired>true</IsRequired><Value i:type="a:ArrayOfdouble" xmlns:a="http://schemas.microsoft.com/2003/10/Serialization/Arrays"><a:double>0</a:double><a:double>0</a:double><a:double>0</a:double></Value></Attribute><Attribute z:Id="i220"><AttributeType>rpy</AttributeType><IsRequired>true</IsRequired><Value i:type="a:ArrayOfdouble" xmlns:a="http://schemas.microsoft.com/2003/10/Serialization/Arrays"><a:double>0</a:double><a:double>0</a:double><a:double>0</a:double></Value></Attribute></Attributes><ChildElements/><ElementName>origin</ElementName><required>false</required><RPYAttribute z:Ref="i220"/><XYZAttribute z:Ref="i219"/><isCustomized>false</isCustomized></URDFElement><URDFElement z:Id="i221" i:type="Geometry"><Attributes/><ChildElements><URDFElement z:Id="i222" i:type="Mesh"><Attributes><Attribute z:Id="i223"><AttributeType>filename</AttributeType><IsRequired>true</IsRequired><Value i:nil="true"/></Attribute></Attributes><ChildElements/><ElementName>mesh</ElementName><required>false</required><FilenameAttribute z:Ref="i223"/></URDFElement></ChildElements><ElementName>geometry</ElementName><required>true</required><Mesh z:Ref="i222"/></URDFElement><URDFElement z:Id="i224" i:type="Material"><Attributes><Attribute z:Id="i225"><AttributeType>name</AttributeType><IsRequired>true</IsRequired><Value i:type="a:string" xmlns:a="http://www.w3.org/2001/XMLSchema"/></Attribute></Attributes><ChildElements><URDFElement z:Id="i226" i:type="Color"><Attributes><Attribute z:Id="i227"><AttributeType>rgba</AttributeType><IsRequired>true</IsRequired><Value i:type="a:ArrayOfdouble" xmlns:a="http://schemas.microsoft.com/2003/10/Serialization/Arrays"><a:double>1</a:double><a:double>1</a:double><a:double>1</a:double><a:double>1</a:double></Value></Attribute></Attributes><ChildElements/><ElementName>color</ElementName><required>false</required><RGBAAttribute z:Ref="i227"/></URDFElement><URDFElement z:Id="i228" i:type="Texture"><Attributes><Attribute z:Id="i229"><AttributeType>filename</AttributeType><IsRequired>true</IsRequired><Value i:nil="true"/></Attribute></Attributes><ChildElements/><ElementName>texture</ElementName><required>false</required><FilenameAttribute z:Ref="i229"/><wFilename/></URDFElement></ChildElements><ElementName>material</ElementName><required>false</required><Color z:Ref="i226"/><NameAttribute z:Ref="i225"/><Texture z:Ref="i228"/></URDFElement></ChildElements><ElementName>visual</ElementName><required>false</required><Geometry z:Ref="i221"/><Material z:Ref="i224"/><Origin z:Ref="i218"/></URDFElement><URDFElement z:Id="i230" i:type="Collision"><Attributes/><ChildElements><URDFElement z:Id="i231" i:type="Origin"><Attributes><Attribute z:Id="i232"><AttributeType>xyz</AttributeType><IsRequired>true</IsRequired><Value i:type="a:ArrayOfdouble" xmlns:a="http://schemas.microsoft.com/2003/10/Serialization/Arrays"><a:double>0</a:double><a:double>0</a:double><a:double>0</a:double></Value></Attribute><Attribute z:Id="i233"><AttributeType>rpy</AttributeType><IsRequired>true</IsRequired><Value i:type="a:ArrayOfdouble" xmlns:a="http://schemas.microsoft.com/2003/10/Serialization/Arrays"><a:double>0</a:double><a:double>0</a:double><a:double>0</a:double></Value></Attribute></Attributes><ChildElements/><ElementName>origin</ElementName><required>false</required><RPYAttribute z:Ref="i233"/><XYZAttribute z:Ref="i232"/><isCustomized>false</isCustomized></URDFElement><URDFElement z:Id="i234" i:type="Geometry"><Attributes/><ChildElements><URDFElement z:Id="i235" i:type="Mesh"><Attributes><Attribute z:Id="i236"><AttributeType>filename</AttributeType><IsRequired>true</IsRequired><Value i:nil="true"/></Attribute></Attributes><ChildElements/><ElementName>mesh</ElementName><required>false</required><FilenameAttribute z:Ref="i236"/></URDFElement></ChildElements><ElementName>geometry</ElementName><required>true</required><Mesh z:Ref="i235"/></URDFElement></ChildElements><ElementName>collision</ElementName><required>false</required><Geometry z:Ref="i234"/><Origin z:Ref="i231"/></URDFElement><URDFElement z:Id="i237" i:type="Joint"><Attributes><Attribute z:Id="i238"><AttributeType>name</AttributeType><IsRequired>true</IsRequired><Value i:type="a:string" xmlns:a="http://www.w3.org/2001/XMLSchema">wheel_2_Joint</Value></Attribute><Attribute z:Id="i239"><AttributeType>type</AttributeType><IsRequired>true</IsRequired><Value i:type="a:string" xmlns:a="http://www.w3.org/2001/XMLSchema">continuous</Value></Attribute></Attributes><ChildElements><URDFElement z:Id="i240" i:type="Origin"><Attributes><Attribute z:Id="i241"><AttributeType>xyz</AttributeType><IsRequired>true</IsRequired><Value i:type="a:ArrayOfdouble" xmlns:a="http://schemas.microsoft.com/2003/10/Serialization/Arrays"><a:double>0.057695</a:double><a:double>-0.2005</a:double><a:double>-0.050229</a:double></Value></Attribute><Attribute z:Id="i242"><AttributeType>rpy</AttributeType><IsRequired>true</IsRequired><Value i:type="a:ArrayOfdouble" xmlns:a="http://schemas.microsoft.com/2003/10/Serialization/Arrays"><a:double>-1.5708</a:double><a:double>0.7854</a:double><a:double>-3.1416</a:double></Value></Attribute></Attributes><ChildElements/><ElementName>origin</ElementName><required>false</required><RPYAttribute z:Ref="i242"/><XYZAttribute z:Ref="i241"/><isCustomized>false</isCustomized></URDFElement><URDFElement z:Id="i243" i:type="ParentLink"><Attributes><Attribute z:Id="i244"><AttributeType>link</AttributeType><IsRequired>true</IsRequired><Value i:type="a:string" xmlns:a="http://www.w3.org/2001/XMLSchema">base_Link</Value></Attribute></Attributes><ChildElements/><ElementName>parent</ElementName><required>true</required><NameAttribute z:Ref="i244"/></URDFElement><URDFElement z:Id="i245" i:type="ChildLink"><Attributes><Attribute z:Id="i246"><AttributeType>link</AttributeType><IsRequired>true</IsRequired><Value i:type="a:string" xmlns:a="http://www.w3.org/2001/XMLSchema">wheel_2_Link</Value></Attribute></Attributes><ChildElements/><ElementName>child</ElementName><required>true</required><NameAttribute z:Ref="i246"/></URDFElement><URDFElement z:Id="i247" i:type="Axis"><Attributes><Attribute z:Id="i248"><AttributeType>xyz</AttributeType><IsRequired>true</IsRequired><Value i:type="a:ArrayOfdouble" xmlns:a="http://schemas.microsoft.com/2003/10/Serialization/Arrays"><a:double>0</a:double><a:double>1</a:double><a:double>0</a:double></Value></Attribute></Attributes><ChildElements/><ElementName>axis</ElementName><required>false</required><XYZAttribute z:Ref="i248"/></URDFElement><URDFElement z:Id="i249" i:type="Limit"><Attributes><Attribute z:Id="i250"><AttributeType>lower</AttributeType><IsRequired>false</IsRequired><Value i:nil="true"/></Attribute><Attribute z:Id="i251"><AttributeType>upper</AttributeType><IsRequired>false</IsRequired><Value i:nil="true"/></Attribute><Attribute z:Id="i252"><AttributeType>effort</AttributeType><IsRequired>true</IsRequired><Value i:nil="true"/></Attribute><Attribute z:Id="i253"><AttributeType>velocity</AttributeType><IsRequired>true</IsRequired><Value i:nil="true"/></Attribute></Attributes><ChildElements/><ElementName>limit</ElementName><required>false</required><EffortAttribute z:Ref="i252"/><LowerAttribute z:Ref="i250"/><UpperAttribute z:Ref="i251"/><VelocityAttribute z:Ref="i253"/></URDFElement><URDFElement z:Id="i254" i:type="Calibration"><Attributes><Attribute z:Id="i255"><AttributeType>rising</AttributeType><IsRequired>false</IsRequired><Value i:nil="true"/></Attribute><Attribute z:Id="i256"><AttributeType>falling</AttributeType><IsRequired>false</IsRequired><Value i:nil="true"/></Attribute></Attributes><ChildElements/><ElementName>calibration</ElementName><required>false</required><FallingAttribute z:Ref="i256"/><RisingAttribute z:Ref="i255"/></URDFElement><URDFElement z:Id="i257" i:type="Dynamics"><Attributes><Attribute z:Id="i258"><AttributeType>damping</AttributeType><IsRequired>false</IsRequired><Value i:nil="true"/></Attribute><Attribute z:Id="i259"><AttributeType>friction</AttributeType><IsRequired>false</IsRequired><Value i:nil="true"/></Attribute></Attributes><ChildElements/><ElementName>dynamics</ElementName><required>false</required><DampingAttribute z:Ref="i258"/><FrictionAttribute z:Ref="i259"/></URDFElement><URDFElement z:Id="i260" i:type="SafetyController"><Attributes><Attribute z:Id="i261"><AttributeType>soft_upper_limit</AttributeType><IsRequired>false</IsRequired><Value i:nil="true"/></Attribute><Attribute z:Id="i262"><AttributeType>soft_lower_limit</AttributeType><IsRequired>false</IsRequired><Value i:nil="true"/></Attribute><Attribute z:Id="i263"><AttributeType>k_position</AttributeType><IsRequired>false</IsRequired><Value i:nil="true"/></Attribute><Attribute z:Id="i264"><AttributeType>k_velocity</AttributeType><IsRequired>true</IsRequired><Value i:nil="true"/></Attribute></Attributes><ChildElements/><ElementName>safety_controller</ElementName><required>false</required><KPositionAttribute z:Ref="i263"/><KVelocityAttribute z:Ref="i264"/><SoftLowerAttribute z:Ref="i262"/><SoftUpperAttribute z:Ref="i261"/></URDFElement><URDFElement z:Id="i265" i:type="Mimic"><Attributes><Attribute z:Id="i266"><AttributeType>joint</AttributeType><IsRequired>true</IsRequired><Value i:nil="true"/></Attribute><Attribute z:Id="i267"><AttributeType>multiplier</AttributeType><IsRequired>false</IsRequired><Value i:nil="true"/></Attribute><Attribute z:Id="i268"><AttributeType>offset</AttributeType><IsRequired>false</IsRequired><Value i:nil="true"/></Attribute></Attributes><ChildElements/><ElementName>mimic</ElementName><required>false</required><JointNameAttribute z:Ref="i266"/><MultiplierAttribute z:Ref="i267"/><OffsetAttribute z:Ref="i268"/></URDFElement></ChildElements><ElementName>joint</ElementName><required>false</required><Axis z:Ref="i247"/><AxisName>?????????5</AxisName><Calibration z:Ref="i254"/><Child z:Ref="i245"/><CoordinateSystemName>?????????3</CoordinateSystemName><Dynamics z:Ref="i257"/><Limit z:Ref="i249"/><Mimic z:Ref="i265"/><NameAttribute z:Ref="i238"/><Origin z:Ref="i240"/><Parent z:Ref="i243"/><Safety z:Ref="i260"/><TypeAttribute z:Ref="i239"/></URDFElement></ChildElements><ElementName>link</ElementName><required>true</required><Children/><Collision z:Ref="i230"/><Inertial z:Ref="i204"/><Joint z:Ref="i237"/><NameAttribute z:Ref="i203"/><Parent z:Ref="i1"/><STLQualityFine>false</STLQualityFine><SWComponentPIDs xmlns:a="http://schemas.microsoft.com/2003/10/Serialization/Arrays"><a:base64Binary>mDoAAAUAAAD//v8cdwBoAGUAZQBsACAAYQBzAHMAZQBtAGIAbAB5AC0AMwBAAGEAcwBzAGUAbQBiAGwAeQAgAFYAMQAEAAAAEAAAAAEAAAABAAAAsgIAAA==</a:base64Binary></SWComponentPIDs><SWMainComponentPID i:nil="true"/><Visual z:Ref="i217"/><isFixedFrame>false</isFixedFrame><isIncomplete>false</isIncomplete></Link><Link z:Id="i269"><Attributes><Attribute z:Id="i270"><AttributeType>name</AttributeType><IsRequired>true</IsRequired><Value i:type="a:string" xmlns:a="http://www.w3.org/2001/XMLSchema">wheel_3_Link</Value></Attribute></Attributes><ChildElements><URDFElement z:Id="i271" i:type="Inertial"><Attributes/><ChildElements><URDFElement z:Id="i272" i:type="Origin"><Attributes><Attribute z:Id="i273"><AttributeType>xyz</AttributeType><IsRequired>true</IsRequired><Value i:type="a:ArrayOfdouble" xmlns:a="http://schemas.microsoft.com/2003/10/Serialization/Arrays"><a:double>-2.9604E-06</a:double><a:double>-0.00078965</a:double><a:double>3.429E-06</a:double></Value></Attribute><Attribute z:Id="i274"><AttributeType>rpy</AttributeType><IsRequired>true</IsRequired><Value i:type="a:ArrayOfdouble" xmlns:a="http://schemas.microsoft.com/2003/10/Serialization/Arrays"><a:double>0</a:double><a:double>0</a:double><a:double>0</a:double></Value></Attribute></Attributes><ChildElements/><ElementName>origin</ElementName><required>false</required><RPYAttribute z:Ref="i274"/><XYZAttribute z:Ref="i273"/><isCustomized>false</isCustomized></URDFElement><URDFElement z:Id="i275" i:type="Mass"><Attributes><Attribute z:Id="i276"><AttributeType>value</AttributeType><IsRequired>true</IsRequired><Value i:type="a:double" xmlns:a="http://www.w3.org/2001/XMLSchema">0.02299</Value></Attribute></Attributes><ChildElements/><ElementName>mass</ElementName><required>false</required><ValueAttribute z:Ref="i276"/></URDFElement><URDFElement z:Id="i277" i:type="Inertia"><Attributes><Attribute z:Id="i278"><AttributeType>ixx</AttributeType><IsRequired>true</IsRequired><Value i:type="a:double" xmlns:a="http://www.w3.org/2001/XMLSchema">2.5133E-06</Value></Attribute><Attribute z:Id="i279"><AttributeType>ixy</AttributeType><IsRequired>true</IsRequired><Value i:type="a:double" xmlns:a="http://www.w3.org/2001/XMLSchema">3.5575E-17</Value></Attribute><Attribute z:Id="i280"><AttributeType>ixz</AttributeType><IsRequired>true</IsRequired><Value i:type="a:double" xmlns:a="http://www.w3.org/2001/XMLSchema">-1.4435E-17</Value></Attribute><Attribute z:Id="i281"><AttributeType>iyy</AttributeType><IsRequired>true</IsRequired><Value i:type="a:double" xmlns:a="http://www.w3.org/2001/XMLSchema">4.7981E-06</Value></Attribute><Attribute z:Id="i282"><AttributeType>iyz</AttributeType><IsRequired>true</IsRequired><Value i:type="a:double" xmlns:a="http://www.w3.org/2001/XMLSchema">-6.407E-17</Value></Attribute><Attribute z:Id="i283"><AttributeType>izz</AttributeType><IsRequired>true</IsRequired><Value i:type="a:double" xmlns:a="http://www.w3.org/2001/XMLSchema">2.5133E-06</Value></Attribute></Attributes><ChildElements/><ElementName>inertia</ElementName><required>false</required><IxxAttribute z:Ref="i278"/><IxyAttribute z:Ref="i279"/><IxzAttribute z:Ref="i280"/><IyyAttribute z:Ref="i281"/><IyzAttribute z:Ref="i282"/><IzzAttribute z:Ref="i283"/></URDFElement></ChildElements><ElementName>inertial</ElementName><required>false</required><Inertia z:Ref="i277"/><Mass z:Ref="i275"/><Origin z:Ref="i272"/></URDFElement><URDFElement z:Id="i284" i:type="Visual"><Attributes/><ChildElements><URDFElement z:Id="i285" i:type="Origin"><Attributes><Attribute z:Id="i286"><AttributeType>xyz</AttributeType><IsRequired>true</IsRequired><Value i:type="a:ArrayOfdouble" xmlns:a="http://schemas.microsoft.com/2003/10/Serialization/Arrays"><a:double>0</a:double><a:double>0</a:double><a:double>0</a:double></Value></Attribute><Attribute z:Id="i287"><AttributeType>rpy</AttributeType><IsRequired>true</IsRequired><Value i:type="a:ArrayOfdouble" xmlns:a="http://schemas.microsoft.com/2003/10/Serialization/Arrays"><a:double>0</a:double><a:double>0</a:double><a:double>0</a:double></Value></Attribute></Attributes><ChildElements/><ElementName>origin</ElementName><required>false</required><RPYAttribute z:Ref="i287"/><XYZAttribute z:Ref="i286"/><isCustomized>false</isCustomized></URDFElement><URDFElement z:Id="i288" i:type="Geometry"><Attributes/><ChildElements><URDFElement z:Id="i289" i:type="Mesh"><Attributes><Attribute z:Id="i290"><AttributeType>filename</AttributeType><IsRequired>true</IsRequired><Value i:nil="true"/></Attribute></Attributes><ChildElements/><ElementName>mesh</ElementName><required>false</required><FilenameAttribute z:Ref="i290"/></URDFElement></ChildElements><ElementName>geometry</ElementName><required>true</required><Mesh z:Ref="i289"/></URDFElement><URDFElement z:Id="i291" i:type="Material"><Attributes><Attribute z:Id="i292"><AttributeType>name</AttributeType><IsRequired>true</IsRequired><Value i:type="a:string" xmlns:a="http://www.w3.org/2001/XMLSchema"/></Attribute></Attributes><ChildElements><URDFElement z:Id="i293" i:type="Color"><Attributes><Attribute z:Id="i294"><AttributeType>rgba</AttributeType><IsRequired>true</IsRequired><Value i:type="a:ArrayOfdouble" xmlns:a="http://schemas.microsoft.com/2003/10/Serialization/Arrays"><a:double>1</a:double><a:double>1</a:double><a:double>1</a:double><a:double>1</a:double></Value></Attribute></Attributes><ChildElements/><ElementName>color</ElementName><required>false</required><RGBAAttribute z:Ref="i294"/></URDFElement><URDFElement z:Id="i295" i:type="Texture"><Attributes><Attribute z:Id="i296"><AttributeType>filename</AttributeType><IsRequired>true</IsRequired><Value i:nil="true"/></Attribute></Attributes><ChildElements/><ElementName>texture</ElementName><required>false</required><FilenameAttribute z:Ref="i296"/><wFilename/></URDFElement></ChildElements><ElementName>material</ElementName><required>false</required><Color z:Ref="i293"/><NameAttribute z:Ref="i292"/><Texture z:Ref="i295"/></URDFElement></ChildElements><ElementName>visual</ElementName><required>false</required><Geometry z:Ref="i288"/><Material z:Ref="i291"/><Origin z:Ref="i285"/></URDFElement><URDFElement z:Id="i297" i:type="Collision"><Attributes/><ChildElements><URDFElement z:Id="i298" i:type="Origin"><Attributes><Attribute z:Id="i299"><AttributeType>xyz</AttributeType><IsRequired>true</IsRequired><Value i:type="a:ArrayOfdouble" xmlns:a="http://schemas.microsoft.com/2003/10/Serialization/Arrays"><a:double>0</a:double><a:double>0</a:double><a:double>0</a:double></Value></Attribute><Attribute z:Id="i300"><AttributeType>rpy</AttributeType><IsRequired>true</IsRequired><Value i:type="a:ArrayOfdouble" xmlns:a="http://schemas.microsoft.com/2003/10/Serialization/Arrays"><a:double>0</a:double><a:double>0</a:double><a:double>0</a:double></Value></Attribute></Attributes><ChildElements/><ElementName>origin</ElementName><required>false</required><RPYAttribute z:Ref="i300"/><XYZAttribute z:Ref="i299"/><isCustomized>false</isCustomized></URDFElement><URDFElement z:Id="i301" i:type="Geometry"><Attributes/><ChildElements><URDFElement z:Id="i302" i:type="Mesh"><Attributes><Attribute z:Id="i303"><AttributeType>filename</AttributeType><IsRequired>true</IsRequired><Value i:nil="true"/></Attribute></Attributes><ChildElements/><ElementName>mesh</ElementName><required>false</required><FilenameAttribute z:Ref="i303"/></URDFElement></ChildElements><ElementName>geometry</ElementName><required>true</required><Mesh z:Ref="i302"/></URDFElement></ChildElements><ElementName>collision</ElementName><required>false</required><Geometry z:Ref="i301"/><Origin z:Ref="i298"/></URDFElement><URDFElement z:Id="i304" i:type="Joint"><Attributes><Attribute z:Id="i305"><AttributeType>name</AttributeType><IsRequired>true</IsRequired><Value i:type="a:string" xmlns:a="http://www.w3.org/2001/XMLSchema">wheel_3_Joint</Value></Attribute><Attribute z:Id="i306"><AttributeType>type</AttributeType><IsRequired>true</IsRequired><Value i:type="a:string" xmlns:a="http://www.w3.org/2001/XMLSchema">continuous</Value></Attribute></Attributes><ChildElements><URDFElement z:Id="i307" i:type="Origin"><Attributes><Attribute z:Id="i308"><AttributeType>xyz</AttributeType><IsRequired>true</IsRequired><Value i:type="a:ArrayOfdouble" xmlns:a="http://schemas.microsoft.com/2003/10/Serialization/Arrays"><a:double>-0.054027</a:double><a:double>-0.2005</a:double><a:double>-0.050229</a:double></Value></Attribute><Attribute z:Id="i309"><AttributeType>rpy</AttributeType><IsRequired>true</IsRequired><Value i:type="a:ArrayOfdouble" xmlns:a="http://schemas.microsoft.com/2003/10/Serialization/Arrays"><a:double>-1.5708</a:double><a:double>-0.7854</a:double><a:double>3.1416</a:double></Value></Attribute></Attributes><ChildElements/><ElementName>origin</ElementName><required>false</required><RPYAttribute z:Ref="i309"/><XYZAttribute z:Ref="i308"/><isCustomized>false</isCustomized></URDFElement><URDFElement z:Id="i310" i:type="ParentLink"><Attributes><Attribute z:Id="i311"><AttributeType>link</AttributeType><IsRequired>true</IsRequired><Value i:type="a:string" xmlns:a="http://www.w3.org/2001/XMLSchema">base_Link</Value></Attribute></Attributes><ChildElements/><ElementName>parent</ElementName><required>true</required><NameAttribute z:Ref="i311"/></URDFElement><URDFElement z:Id="i312" i:type="ChildLink"><Attributes><Attribute z:Id="i313"><AttributeType>link</AttributeType><IsRequired>true</IsRequired><Value i:type="a:string" xmlns:a="http://www.w3.org/2001/XMLSchema">wheel_3_Link</Value></Attribute></Attributes><ChildElements/><ElementName>child</ElementName><required>true</required><NameAttribute z:Ref="i313"/></URDFElement><URDFElement z:Id="i314" i:type="Axis"><Attributes><Attribute z:Id="i315"><AttributeType>xyz</AttributeType><IsRequired>true</IsRequired><Value i:type="a:ArrayOfdouble" xmlns:a="http://schemas.microsoft.com/2003/10/Serialization/Arrays"><a:double>0</a:double><a:double>1</a:double><a:double>0</a:double></Value></Attribute></Attributes><ChildElements/><ElementName>axis</ElementName><required>false</required><XYZAttribute z:Ref="i315"/></URDFElement><URDFElement z:Id="i316" i:type="Limit"><Attributes><Attribute z:Id="i317"><AttributeType>lower</AttributeType><IsRequired>false</IsRequired><Value i:nil="true"/></Attribute><Attribute z:Id="i318"><AttributeType>upper</AttributeType><IsRequired>false</IsRequired><Value i:nil="true"/></Attribute><Attribute z:Id="i319"><AttributeType>effort</AttributeType><IsRequired>true</IsRequired><Value i:nil="true"/></Attribute><Attribute z:Id="i320"><AttributeType>velocity</AttributeType><IsRequired>true</IsRequired><Value i:nil="true"/></Attribute></Attributes><ChildElements/><ElementName>limit</ElementName><required>false</required><EffortAttribute z:Ref="i319"/><LowerAttribute z:Ref="i317"/><UpperAttribute z:Ref="i318"/><VelocityAttribute z:Ref="i320"/></URDFElement><URDFElement z:Id="i321" i:type="Calibration"><Attributes><Attribute z:Id="i322"><AttributeType>rising</AttributeType><IsRequired>false</IsRequired><Value i:nil="true"/></Attribute><Attribute z:Id="i323"><AttributeType>falling</AttributeType><IsRequired>false</IsRequired><Value i:nil="true"/></Attribute></Attributes><ChildElements/><ElementName>calibration</ElementName><required>false</required><FallingAttribute z:Ref="i323"/><RisingAttribute z:Ref="i322"/></URDFElement><URDFElement z:Id="i324" i:type="Dynamics"><Attributes><Attribute z:Id="i325"><AttributeType>damping</AttributeType><IsRequired>false</IsRequired><Value i:nil="true"/></Attribute><Attribute z:Id="i326"><AttributeType>friction</AttributeType><IsRequired>false</IsRequired><Value i:nil="true"/></Attribute></Attributes><ChildElements/><ElementName>dynamics</ElementName><required>false</required><DampingAttribute z:Ref="i325"/><FrictionAttribute z:Ref="i326"/></URDFElement><URDFElement z:Id="i327" i:type="SafetyController"><Attributes><Attribute z:Id="i328"><AttributeType>soft_upper_limit</AttributeType><IsRequired>false</IsRequired><Value i:nil="true"/></Attribute><Attribute z:Id="i329"><AttributeType>soft_lower_limit</AttributeType><IsRequired>false</IsRequired><Value i:nil="true"/></Attribute><Attribute z:Id="i330"><AttributeType>k_position</AttributeType><IsRequired>false</IsRequired><Value i:nil="true"/></Attribute><Attribute z:Id="i331"><AttributeType>k_velocity</AttributeType><IsRequired>true</IsRequired><Value i:nil="true"/></Attribute></Attributes><ChildElements/><ElementName>safety_controller</ElementName><required>false</required><KPositionAttribute z:Ref="i330"/><KVelocityAttribute z:Ref="i331"/><SoftLowerAttribute z:Ref="i329"/><SoftUpperAttribute z:Ref="i328"/></URDFElement><URDFElement z:Id="i332" i:type="Mimic"><Attributes><Attribute z:Id="i333"><AttributeType>joint</AttributeType><IsRequired>true</IsRequired><Value i:nil="true"/></Attribute><Attribute z:Id="i334"><AttributeType>multiplier</AttributeType><IsRequired>false</IsRequired><Value i:nil="true"/></Attribute><Attribute z:Id="i335"><AttributeType>offset</AttributeType><IsRequired>false</IsRequired><Value i:nil="true"/></Attribute></Attributes><ChildElements/><ElementName>mimic</ElementName><required>false</required><JointNameAttribute z:Ref="i333"/><MultiplierAttribute z:Ref="i334"/><OffsetAttribute z:Ref="i335"/></URDFElement></ChildElements><ElementName>joint</ElementName><required>false</required><Axis z:Ref="i314"/><AxisName>?????????1</AxisName><Calibration z:Ref="i321"/><Child z:Ref="i312"/><CoordinateSystemName>?????????2</CoordinateSystemName><Dynamics z:Ref="i324"/><Limit z:Ref="i316"/><Mimic z:Ref="i332"/><NameAttribute z:Ref="i305"/><Origin z:Ref="i307"/><Parent z:Ref="i310"/><Safety z:Ref="i327"/><TypeAttribute z:Ref="i306"/></URDFElement></ChildElements><ElementName>link</ElementName><required>true</required><Children/><Collision z:Ref="i297"/><Inertial z:Ref="i271"/><Joint z:Ref="i304"/><NameAttribute z:Ref="i270"/><Parent z:Ref="i1"/><STLQualityFine>false</STLQualityFine><SWComponentPIDs xmlns:a="http://schemas.microsoft.com/2003/10/Serialization/Arrays"><a:base64Binary>mDoAAAUAAAD//v8cdwBoAGUAZQBsACAAYQBzAHMAZQBtAGIAbAB5AC0ANABAAGEAcwBzAGUAbQBiAGwAeQAgAFYAMQAEAAAAEAAAAAEAAAABAAAAtQIAAA==</a:base64Binary></SWComponentPIDs><SWMainComponentPID i:nil="true"/><Visual z:Ref="i284"/><isFixedFrame>false</isFixedFrame><isIncomplete>false</isIncomplete></Link><Link z:Id="i336"><Attributes><Attribute z:Id="i337"><AttributeType>name</AttributeType><IsRequired>true</IsRequired><Value i:type="a:string" xmlns:a="http://www.w3.org/2001/XMLSchema">mouth_Link</Value></Attribute></Attributes><ChildElements><URDFElement z:Id="i338" i:type="Inertial"><Attributes/><ChildElements><URDFElement z:Id="i339" i:type="Origin"><Attributes><Attribute z:Id="i340"><AttributeType>xyz</AttributeType><IsRequired>true</IsRequired><Value i:type="a:ArrayOfdouble" xmlns:a="http://schemas.microsoft.com/2003/10/Serialization/Arrays"><a:double>0.0061665</a:double><a:double>-0.041178</a:double><a:double>0.033013</a:double></Value></Attribute><Attribute z:Id="i341"><AttributeType>rpy</AttributeType><IsRequired>true</IsRequired><Value i:type="a:ArrayOfdouble" xmlns:a="http://schemas.microsoft.com/2003/10/Serialization/Arrays"><a:double>0</a:double><a:double>0</a:double><a:double>0</a:double></Value></Attribute></Attributes><ChildElements/><ElementName>origin</ElementName><required>false</required><RPYAttribute z:Ref="i341"/><XYZAttribute z:Ref="i340"/><isCustomized>false</isCustomized></URDFElement><URDFElement z:Id="i342" i:type="Mass"><Attributes><Attribute z:Id="i343"><AttributeType>value</AttributeType><IsRequired>true</IsRequired><Value i:type="a:double" xmlns:a="http://www.w3.org/2001/XMLSchema">0.10952</Value></Attribute></Attributes><ChildElements/><ElementName>mass</ElementName><required>false</required><ValueAttribute z:Ref="i343"/></URDFElement><URDFElement z:Id="i344" i:type="Inertia"><Attributes><Attribute z:Id="i345"><AttributeType>ixx</AttributeType><IsRequired>true</IsRequired><Value i:type="a:double" xmlns:a="http://www.w3.org/2001/XMLSchema">4.8361E-05</Value></Attribute><Attribute z:Id="i346"><AttributeType>ixy</AttributeType><IsRequired>true</IsRequired><Value i:type="a:double" xmlns:a="http://www.w3.org/2001/XMLSchema">-3.4805E-08</Value></Attribute><Attribute z:Id="i347"><AttributeType>ixz</AttributeType><IsRequired>true</IsRequired><Value i:type="a:double" xmlns:a="http://www.w3.org/2001/XMLSchema">-1.004E-07</Value></Attribute><Attribute z:Id="i348"><AttributeType>iyy</AttributeType><IsRequired>true</IsRequired><Value i:type="a:double" xmlns:a="http://www.w3.org/2001/XMLSchema">1.5441E-05</Value></Attribute><Attribute z:Id="i349"><AttributeType>iyz</AttributeType><IsRequired>true</IsRequired><Value i:type="a:double" xmlns:a="http://www.w3.org/2001/XMLSchema">2.5967E-08</Value></Attribute><Attribute z:Id="i350"><AttributeType>izz</AttributeType><IsRequired>true</IsRequired><Value i:type="a:double" xmlns:a="http://www.w3.org/2001/XMLSchema">4.7443E-05</Value></Attribute></Attributes><ChildElements/><ElementName>inertia</ElementName><required>false</required><IxxAttribute z:Ref="i345"/><IxyAttribute z:Ref="i346"/><IxzAttribute z:Ref="i347"/><IyyAttribute z:Ref="i348"/><IyzAttribute z:Ref="i349"/><IzzAttribute z:Ref="i350"/></URDFElement></ChildElements><ElementName>inertial</ElementName><required>false</required><Inertia z:Ref="i344"/><Mass z:Ref="i342"/><Origin z:Ref="i339"/></URDFElement><URDFElement z:Id="i351" i:type="Visual"><Attributes/><ChildElements><URDFElement z:Id="i352" i:type="Origin"><Attributes><Attribute z:Id="i353"><AttributeType>xyz</AttributeType><IsRequired>true</IsRequired><Value i:type="a:ArrayOfdouble" xmlns:a="http://schemas.microsoft.com/2003/10/Serialization/Arrays"><a:double>0</a:double><a:double>0</a:double><a:double>0</a:double></Value></Attribute><Attribute z:Id="i354"><AttributeType>rpy</AttributeType><IsRequired>true</IsRequired><Value i:type="a:ArrayOfdouble" xmlns:a="http://schemas.microsoft.com/2003/10/Serialization/Arrays"><a:double>0</a:double><a:double>0</a:double><a:double>0</a:double></Value></Attribute></Attributes><ChildElements/><ElementName>origin</ElementName><required>false</required><RPYAttribute z:Ref="i354"/><XYZAttribute z:Ref="i353"/><isCustomized>false</isCustomized></URDFElement><URDFElement z:Id="i355" i:type="Geometry"><Attributes/><ChildElements><URDFElement z:Id="i356" i:type="Mesh"><Attributes><Attribute z:Id="i357"><AttributeType>filename</AttributeType><IsRequired>true</IsRequired><Value i:nil="true"/></Attribute></Attributes><ChildElements/><ElementName>mesh</ElementName><required>false</required><FilenameAttribute z:Ref="i357"/></URDFElement></ChildElements><ElementName>geometry</ElementName><required>true</required><Mesh z:Ref="i356"/></URDFElement><URDFElement z:Id="i358" i:type="Material"><Attributes><Attribute z:Id="i359"><AttributeType>name</AttributeType><IsRequired>true</IsRequired><Value i:type="a:string" xmlns:a="http://www.w3.org/2001/XMLSchema"/></Attribute></Attributes><ChildElements><URDFElement z:Id="i360" i:type="Color"><Attributes><Attribute z:Id="i361"><AttributeType>rgba</AttributeType><IsRequired>true</IsRequired><Value i:type="a:ArrayOfdouble" xmlns:a="http://schemas.microsoft.com/2003/10/Serialization/Arrays"><a:double>0.89804</a:double><a:double>0.91765</a:double><a:double>0.92941</a:double><a:double>1</a:double></Value></Attribute></Attributes><ChildElements/><ElementName>color</ElementName><required>false</required><RGBAAttribute z:Ref="i361"/></URDFElement><URDFElement z:Id="i362" i:type="Texture"><Attributes><Attribute z:Id="i363"><AttributeType>filename</AttributeType><IsRequired>true</IsRequired><Value i:nil="true"/></Attribute></Attributes><ChildElements/><ElementName>texture</ElementName><required>false</required><FilenameAttribute z:Ref="i363"/><wFilename/></URDFElement></ChildElements><ElementName>material</ElementName><required>false</required><Color z:Ref="i360"/><NameAttribute z:Ref="i359"/><Texture z:Ref="i362"/></URDFElement></ChildElements><ElementName>visual</ElementName><required>false</required><Geometry z:Ref="i355"/><Material z:Ref="i358"/><Origin z:Ref="i352"/></URDFElement><URDFElement z:Id="i364" i:type="Collision"><Attributes/><ChildElements><URDFElement z:Id="i365" i:type="Origin"><Attributes><Attribute z:Id="i366"><AttributeType>xyz</AttributeType><IsRequired>true</IsRequired><Value i:type="a:ArrayOfdouble" xmlns:a="http://schemas.microsoft.com/2003/10/Serialization/Arrays"><a:double>0</a:double><a:double>0</a:double><a:double>0</a:double></Value></Attribute><Attribute z:Id="i367"><AttributeType>rpy</AttributeType><IsRequired>true</IsRequired><Value i:type="a:ArrayOfdouble" xmlns:a="http://schemas.microsoft.com/2003/10/Serialization/Arrays"><a:double>0</a:double><a:double>0</a:double><a:double>0</a:double></Value></Attribute></Attributes><ChildElements/><ElementName>origin</ElementName><required>false</required><RPYAttribute z:Ref="i367"/><XYZAttribute z:Ref="i366"/><isCustomized>false</isCustomized></URDFElement><URDFElement z:Id="i368" i:type="Geometry"><Attributes/><ChildElements><URDFElement z:Id="i369" i:type="Mesh"><Attributes><Attribute z:Id="i370"><AttributeType>filename</AttributeType><IsRequired>true</IsRequired><Value i:nil="true"/></Attribute></Attributes><ChildElements/><ElementName>mesh</ElementName><required>false</required><FilenameAttribute z:Ref="i370"/></URDFElement></ChildElements><ElementName>geometry</ElementName><required>true</required><Mesh z:Ref="i369"/></URDFElement></ChildElements><ElementName>collision</ElementName><required>false</required><Geometry z:Ref="i368"/><Origin z:Ref="i365"/></URDFElement><URDFElement z:Id="i371" i:type="Joint"><Attributes><Attribute z:Id="i372"><AttributeType>name</AttributeType><IsRequired>true</IsRequired><Value i:type="a:string" xmlns:a="http://www.w3.org/2001/XMLSchema">mouth_Joint</Value></Attribute><Attribute z:Id="i373"><AttributeType>type</AttributeType><IsRequired>true</IsRequired><Value i:type="a:string" xmlns:a="http://www.w3.org/2001/XMLSchema">continuous</Value></Attribute></Attributes><ChildElements><URDFElement z:Id="i374" i:type="Origin"><Attributes><Attribute z:Id="i375"><AttributeType>xyz</AttributeType><IsRequired>true</IsRequired><Value i:type="a:ArrayOfdouble" xmlns:a="http://schemas.microsoft.com/2003/10/Serialization/Arrays"><a:double>-0.041816</a:double><a:double>-0.1893</a:double><a:double>0.057533</a:double></Value></Attribute><Attribute z:Id="i376"><AttributeType>rpy</AttributeType><IsRequired>true</IsRequired><Value i:type="a:ArrayOfdouble" xmlns:a="http://schemas.microsoft.com/2003/10/Serialization/Arrays"><a:double>1.5708</a:double><a:double>-1.5708</a:double><a:double>0</a:double></Value></Attribute></Attributes><ChildElements/><ElementName>origin</ElementName><required>false</required><RPYAttribute z:Ref="i376"/><XYZAttribute z:Ref="i375"/><isCustomized>false</isCustomized></URDFElement><URDFElement z:Id="i377" i:type="ParentLink"><Attributes><Attribute z:Id="i378"><AttributeType>link</AttributeType><IsRequired>true</IsRequired><Value i:type="a:string" xmlns:a="http://www.w3.org/2001/XMLSchema">base_Link</Value></Attribute></Attributes><ChildElements/><ElementName>parent</ElementName><required>true</required><NameAttribute z:Ref="i378"/></URDFElement><URDFElement z:Id="i379" i:type="ChildLink"><Attributes><Attribute z:Id="i380"><AttributeType>link</AttributeType><IsRequired>true</IsRequired><Value i:type="a:string" xmlns:a="http://www.w3.org/2001/XMLSchema">mouth_Link</Value></Attribute></Attributes><ChildElements/><ElementName>child</ElementName><required>true</required><NameAttribute z:Ref="i380"/></URDFElement><URDFElement z:Id="i381" i:type="Axis"><Attributes><Attribute z:Id="i382"><AttributeType>xyz</AttributeType><IsRequired>true</IsRequired><Value i:type="a:ArrayOfdouble" xmlns:a="http://schemas.microsoft.com/2003/10/Serialization/Arrays"><a:double>0</a:double><a:double>1</a:double><a:double>0</a:double></Value></Attribute></Attributes><ChildElements/><ElementName>axis</ElementName><required>false</required><XYZAttribute z:Ref="i382"/></URDFElement><URDFElement z:Id="i383" i:type="Limit"><Attributes><Attribute z:Id="i384"><AttributeType>lower</AttributeType><IsRequired>false</IsRequired><Value i:nil="true"/></Attribute><Attribute z:Id="i385"><AttributeType>upper</AttributeType><IsRequired>false</IsRequired><Value i:nil="true"/></Attribute><Attribute z:Id="i386"><AttributeType>effort</AttributeType><IsRequired>true</IsRequired><Value i:nil="true"/></Attribute><Attribute z:Id="i387"><AttributeType>velocity</AttributeType><IsRequired>true</IsRequired><Value i:nil="true"/></Attribute></Attributes><ChildElements/><ElementName>limit</ElementName><required>false</required><EffortAttribute z:Ref="i386"/><LowerAttribute z:Ref="i384"/><UpperAttribute z:Ref="i385"/><VelocityAttribute z:Ref="i387"/></URDFElement><URDFElement z:Id="i388" i:type="Calibration"><Attributes><Attribute z:Id="i389"><AttributeType>rising</AttributeType><IsRequired>false</IsRequired><Value i:nil="true"/></Attribute><Attribute z:Id="i390"><AttributeType>falling</AttributeType><IsRequired>false</IsRequired><Value i:nil="true"/></Attribute></Attributes><ChildElements/><ElementName>calibration</ElementName><required>false</required><FallingAttribute z:Ref="i390"/><RisingAttribute z:Ref="i389"/></URDFElement><URDFElement z:Id="i391" i:type="Dynamics"><Attributes><Attribute z:Id="i392"><AttributeType>damping</AttributeType><IsRequired>false</IsRequired><Value i:nil="true"/></Attribute><Attribute z:Id="i393"><AttributeType>friction</AttributeType><IsRequired>false</IsRequired><Value i:nil="true"/></Attribute></Attributes><ChildElements/><ElementName>dynamics</ElementName><required>false</required><DampingAttribute z:Ref="i392"/><FrictionAttribute z:Ref="i393"/></URDFElement><URDFElement z:Id="i394" i:type="SafetyController"><Attributes><Attribute z:Id="i395"><AttributeType>soft_upper_limit</AttributeType><IsRequired>false</IsRequired><Value i:nil="true"/></Attribute><Attribute z:Id="i396"><AttributeType>soft_lower_limit</AttributeType><IsRequired>false</IsRequired><Value i:nil="true"/></Attribute><Attribute z:Id="i397"><AttributeType>k_position</AttributeType><IsRequired>false</IsRequired><Value i:nil="true"/></Attribute><Attribute z:Id="i398"><AttributeType>k_velocity</AttributeType><IsRequired>true</IsRequired><Value i:nil="true"/></Attribute></Attributes><ChildElements/><ElementName>safety_controller</ElementName><required>false</required><KPositionAttribute z:Ref="i397"/><KVelocityAttribute z:Ref="i398"/><SoftLowerAttribute z:Ref="i396"/><SoftUpperAttribute z:Ref="i395"/></URDFElement><URDFElement z:Id="i399" i:type="Mimic"><Attributes><Attribute z:Id="i400"><AttributeType>joint</AttributeType><IsRequired>true</IsRequired><Value i:nil="true"/></Attribute><Attribute z:Id="i401"><AttributeType>multiplier</AttributeType><IsRequired>false</IsRequired><Value i:nil="true"/></Attribute><Attribute z:Id="i402"><AttributeType>offset</AttributeType><IsRequired>false</IsRequired><Value i:nil="true"/></Attribute></Attributes><ChildElements/><ElementName>mimic</ElementName><required>false</required><JointNameAttribute z:Ref="i400"/><MultiplierAttribute z:Ref="i401"/><OffsetAttribute z:Ref="i402"/></URDFElement></ChildElements><ElementName>joint</ElementName><required>false</required><Axis z:Ref="i381"/><AxisName>?????????7</AxisName><Calibration z:Ref="i388"/><Child z:Ref="i379"/><CoordinateSystemName>?????????7</CoordinateSystemName><Dynamics z:Ref="i391"/><Limit z:Ref="i383"/><Mimic z:Ref="i399"/><NameAttribute z:Ref="i372"/><Origin z:Ref="i374"/><Parent z:Ref="i377"/><Safety z:Ref="i394"/><TypeAttribute z:Ref="i373"/></URDFElement></ChildElements><ElementName>link</ElementName><required>true</required><Children><Link z:Id="i403"><Attributes><Attribute z:Id="i404"><AttributeType>name</AttributeType><IsRequired>true</IsRequired><Value i:type="a:string" xmlns:a="http://www.w3.org/2001/XMLSchema">dribble_Link</Value></Attribute></Attributes><ChildElements><URDFElement z:Id="i405" i:type="Inertial"><Attributes/><ChildElements><URDFElement z:Id="i406" i:type="Origin"><Attributes><Attribute z:Id="i407"><AttributeType>xyz</AttributeType><IsRequired>true</IsRequired><Value i:type="a:ArrayOfdouble" xmlns:a="http://schemas.microsoft.com/2003/10/Serialization/Arrays"><a:double>2.2549068568092356E-05</a:double><a:double>0.0019167619108323305</a:double><a:double>0.00014443174428210859</a:double></Value></Attribute><Attribute z:Id="i408"><AttributeType>rpy</AttributeType><IsRequired>true</IsRequired><Value i:type="a:ArrayOfdouble" xmlns:a="http://schemas.microsoft.com/2003/10/Serialization/Arrays"><a:double>0</a:double><a:double>0</a:double><a:double>0</a:double></Value></Attribute></Attributes><ChildElements/><ElementName>origin</ElementName><required>false</required><RPYAttribute z:Ref="i408"/><XYZAttribute z:Ref="i407"/><isCustomized>false</isCustomized></URDFElement><URDFElement z:Id="i409" i:type="Mass"><Attributes><Attribute z:Id="i410"><AttributeType>value</AttributeType><IsRequired>true</IsRequired><Value i:type="a:double" xmlns:a="http://www.w3.org/2001/XMLSchema">0.017856717715436888</Value></Attribute></Attributes><ChildElements/><ElementName>mass</ElementName><required>false</required><ValueAttribute z:Ref="i410"/></URDFElement><URDFElement z:Id="i411" i:type="Inertia"><Attributes><Attribute z:Id="i412"><AttributeType>ixx</AttributeType><IsRequired>true</IsRequired><Value i:type="a:double" xmlns:a="http://www.w3.org/2001/XMLSchema">7.3783809500449276E-06</Value></Attribute><Attribute z:Id="i413"><AttributeType>ixy</AttributeType><IsRequired>true</IsRequired><Value i:type="a:double" xmlns:a="http://www.w3.org/2001/XMLSchema">-7.9042215883974576E-10</Value></Attribute><Attribute z:Id="i414"><AttributeType>ixz</AttributeType><IsRequired>true</IsRequired><Value i:type="a:double" xmlns:a="http://www.w3.org/2001/XMLSchema">1.8567150504362987E-10</Value></Attribute><Attribute z:Id="i415"><AttributeType>iyy</AttributeType><IsRequired>true</IsRequired><Value i:type="a:double" xmlns:a="http://www.w3.org/2001/XMLSchema">2.5482459922263304E-07</Value></Attribute><Attribute z:Id="i416"><AttributeType>iyz</AttributeType><IsRequired>true</IsRequired><Value i:type="a:double" xmlns:a="http://www.w3.org/2001/XMLSchema">-3.6985791141700121E-09</Value></Attribute><Attribute z:Id="i417"><AttributeType>izz</AttributeType><IsRequired>true</IsRequired><Value i:type="a:double" xmlns:a="http://www.w3.org/2001/XMLSchema">7.3794838058904949E-06</Value></Attribute></Attributes><ChildElements/><ElementName>inertia</ElementName><required>false</required><IxxAttribute z:Ref="i412"/><IxyAttribute z:Ref="i413"/><IxzAttribute z:Ref="i414"/><IyyAttribute z:Ref="i415"/><IyzAttribute z:Ref="i416"/><IzzAttribute z:Ref="i417"/></URDFElement></ChildElements><ElementName>inertial</ElementName><required>false</required><Inertia z:Ref="i411"/><Mass z:Ref="i409"/><Origin z:Ref="i406"/></URDFElement><URDFElement z:Id="i418" i:type="Visual"><Attributes/><ChildElements><URDFElement z:Id="i419" i:type="Origin"><Attributes><Attribute z:Id="i420"><AttributeType>xyz</AttributeType><IsRequired>true</IsRequired><Value i:type="a:ArrayOfdouble" xmlns:a="http://schemas.microsoft.com/2003/10/Serialization/Arrays"><a:double>0</a:double><a:double>0</a:double><a:double>0</a:double></Value></Attribute><Attribute z:Id="i421"><AttributeType>rpy</AttributeType><IsRequired>true</IsRequired><Value i:type="a:ArrayOfdouble" xmlns:a="http://schemas.microsoft.com/2003/10/Serialization/Arrays"><a:double>0</a:double><a:double>0</a:double><a:double>0</a:double></Value></Attribute></Attributes><ChildElements/><ElementName>origin</ElementName><required>false</required><RPYAttribute z:Ref="i421"/><XYZAttribute z:Ref="i420"/><isCustomized>false</isCustomized></URDFElement><URDFElement z:Id="i422" i:type="Geometry"><Attributes/><ChildElements><URDFElement z:Id="i423" i:type="Mesh"><Attributes><Attribute z:Id="i424"><AttributeType>filename</AttributeType><IsRequired>true</IsRequired><Value i:nil="true"/></Attribute></Attributes><ChildElements/><ElementName>mesh</ElementName><required>false</required><FilenameAttribute z:Ref="i424"/></URDFElement></ChildElements><ElementName>geometry</ElementName><required>true</required><Mesh z:Ref="i423"/></URDFElement><URDFElement z:Id="i425" i:type="Material"><Attributes><Attribute z:Id="i426"><AttributeType>name</AttributeType><IsRequired>true</IsRequired><Value i:type="a:string" xmlns:a="http://www.w3.org/2001/XMLSchema"/></Attribute></Attributes><ChildElements><URDFElement z:Id="i427" i:type="Color"><Attributes><Attribute z:Id="i428"><AttributeType>rgba</AttributeType><IsRequired>true</IsRequired><Value i:type="a:ArrayOfdouble" xmlns:a="http://schemas.microsoft.com/2003/10/Serialization/Arrays"><a:double>1</a:double><a:double>1</a:double><a:double>1</a:double><a:double>1</a:double></Value></Attribute></Attributes><ChildElements/><ElementName>color</ElementName><required>false</required><RGBAAttribute z:Ref="i428"/></URDFElement><URDFElement z:Id="i429" i:type="Texture"><Attributes><Attribute z:Id="i430"><AttributeType>filename</AttributeType><IsRequired>true</IsRequired><Value i:nil="true"/></Attribute></Attributes><ChildElements/><ElementName>texture</ElementName><required>false</required><FilenameAttribute z:Ref="i430"/><wFilename/></URDFElement></ChildElements><ElementName>material</ElementName><required>false</required><Color z:Ref="i427"/><NameAttribute z:Ref="i426"/><Texture z:Ref="i429"/></URDFElement></ChildElements><ElementName>visual</ElementName><required>false</required><Geometry z:Ref="i422"/><Material z:Ref="i425"/><Origin z:Ref="i419"/></URDFElement><URDFElement z:Id="i431" i:type="Collision"><Attributes/><ChildElements><URDFElement z:Id="i432" i:type="Origin"><Attributes><Attribute z:Id="i433"><AttributeType>xyz</AttributeType><IsRequired>true</IsRequired><Value i:type="a:ArrayOfdouble" xmlns:a="http://schemas.microsoft.com/2003/10/Serialization/Arrays"><a:double>0</a:double><a:double>0</a:double><a:double>0</a:double></Value></Attribute><Attribute z:Id="i434"><AttributeType>rpy</AttributeType><IsRequired>true</IsRequired><Value i:type="a:ArrayOfdouble" xmlns:a="http://schemas.microsoft.com/2003/10/Serialization/Arrays"><a:double>0</a:double><a:double>0</a:double><a:double>0</a:double></Value></Attribute></Attributes><ChildElements/><ElementName>origin</ElementName><required>false</required><RPYAttribute z:Ref="i434"/><XYZAttribute z:Ref="i433"/><isCustomized>false</isCustomized></URDFElement><URDFElement z:Id="i435" i:type="Geometry"><Attributes/><ChildElements><URDFElement z:Id="i436" i:type="Mesh"><Attributes><Attribute z:Id="i437"><AttributeType>filename</AttributeType><IsRequired>true</IsRequired><Value i:nil="true"/></Attribute></Attributes><ChildElements/><ElementName>mesh</ElementName><required>false</required><FilenameAttribute z:Ref="i437"/></URDFElement></ChildElements><ElementName>geometry</ElementName><required>true</required><Mesh z:Ref="i436"/></URDFElement></ChildElements><ElementName>collision</ElementName><required>false</required><Geometry z:Ref="i435"/><Origin z:Ref="i432"/></URDFElement><URDFElement z:Id="i438" i:type="Joint"><Attributes><Attribute z:Id="i439"><AttributeType>name</AttributeType><IsRequired>true</IsRequired><Value i:type="a:string" xmlns:a="http://www.w3.org/2001/XMLSchema">dribble_Joint</Value></Attribute><Attribute z:Id="i440"><AttributeType>type</AttributeType><IsRequired>true</IsRequired><Value i:type="a:string" xmlns:a="http://www.w3.org/2001/XMLSchema">continuous</Value></Attribute></Attributes><ChildElements><URDFElement z:Id="i441" i:type="Origin"><Attributes><Attribute z:Id="i442"><AttributeType>xyz</AttributeType><IsRequired>true</IsRequired><Value i:type="a:ArrayOfdouble" xmlns:a="http://schemas.microsoft.com/2003/10/Serialization/Arrays"><a:double>0.015669</a:double><a:double>-0.0459</a:double><a:double>0.027271</a:double></Value></Attribute><Attribute z:Id="i443"><AttributeType>rpy</AttributeType><IsRequired>true</IsRequired><Value i:type="a:ArrayOfdouble" xmlns:a="http://schemas.microsoft.com/2003/10/Serialization/Arrays"><a:double>0</a:double><a:double>-0.18761</a:double><a:double>0</a:double></Value></Attribute></Attributes><ChildElements/><ElementName>origin</ElementName><required>false</required><RPYAttribute z:Ref="i443"/><XYZAttribute z:Ref="i442"/><isCustomized>false</isCustomized></URDFElement><URDFElement z:Id="i444" i:type="ParentLink"><Attributes><Attribute z:Id="i445"><AttributeType>link</AttributeType><IsRequired>true</IsRequired><Value i:type="a:string" xmlns:a="http://www.w3.org/2001/XMLSchema">mouth_Link</Value></Attribute></Attributes><ChildElements/><ElementName>parent</ElementName><required>true</required><NameAttribute z:Ref="i445"/></URDFElement><URDFElement z:Id="i446" i:type="ChildLink"><Attributes><Attribute z:Id="i447"><AttributeType>link</AttributeType><IsRequired>true</IsRequired><Value i:type="a:string" xmlns:a="http://www.w3.org/2001/XMLSchema">dribble_Link</Value></Attribute></Attributes><ChildElements/><ElementName>child</ElementName><required>true</required><NameAttribute z:Ref="i447"/></URDFElement><URDFElement z:Id="i448" i:type="Axis"><Attributes><Attribute z:Id="i449"><AttributeType>xyz</AttributeType><IsRequired>true</IsRequired><Value i:type="a:ArrayOfdouble" xmlns:a="http://schemas.microsoft.com/2003/10/Serialization/Arrays"><a:double>0</a:double><a:double>-1</a:double><a:double>0</a:double></Value></Attribute></Attributes><ChildElements/><ElementName>axis</ElementName><required>false</required><XYZAttribute z:Ref="i449"/></URDFElement><URDFElement z:Id="i450" i:type="Limit"><Attributes><Attribute z:Id="i451"><AttributeType>lower</AttributeType><IsRequired>false</IsRequired><Value i:nil="true"/></Attribute><Attribute z:Id="i452"><AttributeType>upper</AttributeType><IsRequired>false</IsRequired><Value i:nil="true"/></Attribute><Attribute z:Id="i453"><AttributeType>effort</AttributeType><IsRequired>true</IsRequired><Value i:nil="true"/></Attribute><Attribute z:Id="i454"><AttributeType>velocity</AttributeType><IsRequired>true</IsRequired><Value i:nil="true"/></Attribute></Attributes><ChildElements/><ElementName>limit</ElementName><required>false</required><EffortAttribute z:Ref="i453"/><LowerAttribute z:Ref="i451"/><UpperAttribute z:Ref="i452"/><VelocityAttribute z:Ref="i454"/></URDFElement><URDFElement z:Id="i455" i:type="Calibration"><Attributes><Attribute z:Id="i456"><AttributeType>rising</AttributeType><IsRequired>false</IsRequired><Value i:nil="true"/></Attribute><Attribute z:Id="i457"><AttributeType>falling</AttributeType><IsRequired>false</IsRequired><Value i:nil="true"/></Attribute></Attributes><ChildElements/><ElementName>calibration</ElementName><required>false</required><FallingAttribute z:Ref="i457"/><RisingAttribute z:Ref="i456"/></URDFElement><URDFElement z:Id="i458" i:type="Dynamics"><Attributes><Attribute z:Id="i459"><AttributeType>damping</AttributeType><IsRequired>false</IsRequired><Value i:nil="true"/></Attribute><Attribute z:Id="i460"><AttributeType>friction</AttributeType><IsRequired>false</IsRequired><Value i:nil="true"/></Attribute></Attributes><ChildElements/><ElementName>dynamics</ElementName><required>false</required><DampingAttribute z:Ref="i459"/><FrictionAttribute z:Ref="i460"/></URDFElement><URDFElement z:Id="i461" i:type="SafetyController"><Attributes><Attribute z:Id="i462"><AttributeType>soft_upper_limit</AttributeType><IsRequired>false</IsRequired><Value i:nil="true"/></Attribute><Attribute z:Id="i463"><AttributeType>soft_lower_limit</AttributeType><IsRequired>false</IsRequired><Value i:nil="true"/></Attribute><Attribute z:Id="i464"><AttributeType>k_position</AttributeType><IsRequired>false</IsRequired><Value i:nil="true"/></Attribute><Attribute z:Id="i465"><AttributeType>k_velocity</AttributeType><IsRequired>true</IsRequired><Value i:nil="true"/></Attribute></Attributes><ChildElements/><ElementName>safety_controller</ElementName><required>false</required><KPositionAttribute z:Ref="i464"/><KVelocityAttribute z:Ref="i465"/><SoftLowerAttribute z:Ref="i463"/><SoftUpperAttribute z:Ref="i462"/></URDFElement><URDFElement z:Id="i466" i:type="Mimic"><Attributes><Attribute z:Id="i467"><AttributeType>joint</AttributeType><IsRequired>true</IsRequired><Value i:nil="true"/></Attribute><Attribute z:Id="i468"><AttributeType>multiplier</AttributeType><IsRequired>false</IsRequired><Value i:nil="true"/></Attribute><Attribute z:Id="i469"><AttributeType>offset</AttributeType><IsRequired>false</IsRequired><Value i:nil="true"/></Attribute></Attributes><ChildElements/><ElementName>mimic</ElementName><required>false</required><JointNameAttribute z:Ref="i467"/><MultiplierAttribute z:Ref="i468"/><OffsetAttribute z:Ref="i469"/></URDFElement></ChildElements><ElementName>joint</ElementName><required>false</required><Axis z:Ref="i448"/><AxisName>?????????6</AxisName><Calibration z:Ref="i455"/><Child z:Ref="i446"/><CoordinateSystemName>?????????6</CoordinateSystemName><Dynamics z:Ref="i458"/><Limit z:Ref="i450"/><Mimic z:Ref="i466"/><NameAttribute z:Ref="i439"/><Origin z:Ref="i441"/><Parent z:Ref="i444"/><Safety z:Ref="i461"/><TypeAttribute z:Ref="i440"/></URDFElement></ChildElements><ElementName>link</ElementName><required>true</required><Children/><Collision z:Ref="i431"/><Inertial z:Ref="i405"/><Joint z:Ref="i438"/><NameAttribute z:Ref="i404"/><Parent z:Ref="i336"/><STLQualityFine>false</STLQualityFine><SWComponentPIDs xmlns:a="http://schemas.microsoft.com/2003/10/Serialization/Arrays"><a:base64Binary>mDoAAAUAAAD//v8xbQBvAHUAdABoACAAYQBzAHMAZQBtAGIAbAB5AC0AMQBAAGEAcwBzAGUAbQBiAGwAeQAgAFYAMQAvADhUA3Shey0AMQBAAG0AbwB1AHQAaAAgAGEAcwBzAGUAbQBiAGwAeQAEAAAAEAAAAAEAAAACAAAABgIAAIoAAAA=</a:base64Binary><a:base64Binary>mDoAAAUAAAD//v85bQBvAHUAdABoACAAYQBzAHMAZQBtAGIAbAB5AC0AMQBAAGEAcwBzAGUAbQBiAGwAeQAgAFYAMQAvAGQAcgBpAGIAYgBsAGUAIAByAG8AZAAtADEAQABtAG8AdQB0AGgAIABhAHMAcwBlAG0AYgBsAHkABAAAABAAAAABAAAAAgAAAAYCAAAeAAAA</a:base64Binary><a:base64Binary>mDoAAAUAAAD//v81bQBvAHUAdABoACAAYQBzAHMAZQBtAGIAbAB5AC0AMQBAAGEAcwBzAGUAbQBiAGwAeQAgAFYAMQAvAE0AUgAxADAANQBaAFoALQAxAEAAbQBvAHUAdABoACAAYQBzAHMAZQBtAGIAbAB5AAQAAAAQAAAAAQAAAAIAAAAGAgAAYwAAAA==</a:base64Binary><a:base64Binary>mDoAAAUAAAD//v83bQBvAHUAdABoACAAYQBzAHMAZQBtAGIAbAB5AC0AMQBAAGEAcwBzAGUAbQBiAGwAeQAgAFYAMQAvAE0AMAAuADUAVAAyADMAXwAyAC0AMQBAAG0AbwB1AHQAaAAgAGEAcwBzAGUAbQBiAGwAeQAEAAAAEAAAAAEAAAACAAAABgIAAFwAAAA=</a:base64Binary><a:base64Binary>mDoAAAUAAAD//v81bQBvAHUAdABoACAAYQBzAHMAZQBtAGIAbAB5AC0AMQBAAGEAcwBzAGUAbQBiAGwAeQAgAFYAMQAvAE0AUgAxADAANQBaAFoALQAyAEAAbQBvAHUAdABoACAAYQBzAHMAZQBtAGIAbAB5AAQAAAAQAAAAAQAAAAIAAAAGAgAAZAAAAA==</a:base64Binary></SWComponentPIDs><SWMainComponentPID i:nil="true"/><Visual z:Ref="i418"/><isFixedFrame>false</isFixedFrame><isIncomplete>false</isIncomplete></Link></Children><Collision z:Ref="i364"/><Inertial z:Ref="i338"/><Joint z:Ref="i371"/><NameAttribute z:Ref="i337"/><Parent z:Ref="i1"/><STLQualityFine>false</STLQualityFine><SWComponentPIDs xmlns:a="http://schemas.microsoft.com/2003/10/Serialization/Arrays"><a:base64Binary>mDoAAAUAAAD//v89bQBvAHUAdABoACAAYQBzAHMAZQBtAGIAbAB5AC0AMQBAAGEAcwBzAGUAbQBiAGwAeQAgAFYAMQAvAGQAcgBpAGIAYgBsAGUAIABzAGgAZQBsAGYAXwAyAC0AMQBAAG0AbwB1AHQAaAAgAGEAcwBzAGUAbQBiAGwAeQAEAAAAEAAAAAEAAAACAAAABgIAACAAAAA=</a:base64Binary><a:base64Binary>mDoAAAUAAAD//v89bQBvAHUAdABoACAAYQBzAHMAZQBtAGIAbAB5AC0AMQBAAGEAcwBzAGUAbQBiAGwAeQAgAFYAMQAvAGQAcgBpAGIAYgBsAGUAIABzAGgAZQBsAGYAXwAxAC0AMQBAAG0AbwB1AHQAaAAgAGEAcwBzAGUAbQBiAGwAeQAEAAAAEAAAAAEAAAACAAAABgIAAB8AAAA=</a:base64Binary><a:base64Binary>mDoAAAUAAAD//v86bQBvAHUAdABoACAAYQBzAHMAZQBtAGIAbAB5AC0AMQBAAGEAcwBzAGUAbQBiAGwAeQAgAFYAMQAvAGMAYQByAGIAbwBuACAAcwBoAGUAbABmAC0AMQBAAG0AbwB1AHQAaAAgAGEAcwBzAGUAbQBiAGwAeQAEAAAAEAAAAAEAAAACAAAABgIAABoAAAA=</a:base64Binary><a:base64Binary>mDoAAAUAAAD//v87bQBvAHUAdABoACAAYQBzAHMAZQBtAGIAbAB5AC0AMQBAAGEAcwBzAGUAbQBiAGwAeQAgAFYAMQAvAGQAcgBpAGIAYgBsAGUAIABtAG8AdABvAHIALQAxAEAAbQBvAHUAdABoACAAYQBzAHMAZQBtAGIAbAB5AAQAAAAQAAAAAQAAAAIAAAAGAgAAHQAAAA==</a:base64Binary><a:base64Binary>mDoAAAUAAAD//v89bQBvAHUAdABoACAAYQBzAHMAZQBtAGIAbAB5AC0AMQBAAGEAcwBzAGUAbQBiAGwAeQAgAFYAMQAvAG0AbwB0AG8AcgAgAGMAbwBuAG4AZQBjAHQAbwByAC0AMQBAAG0AbwB1AHQAaAAgAGEAcwBzAGUAbQBiAGwAeQAEAAAAEAAAAAEAAAACAAAABgIAAFEAAAA=</a:base64Binary><a:base64Binary>mDoAAAUAAAD//v8xbQBvAHUAdABoACAAYQBzAHMAZQBtAGIAbAB5AC0AMQBAAGEAcwBzAGUAbQBiAGwAeQAgAFYAMQAvADhUA3Shey0AMQBAAG0AbwB1AHQAaAAgAGEAcwBzAGUAbQBiAGwAeQAEAAAAEAAAAAEAAAACAAAABgIAAIoAAAA=</a:base64Binary><a:base64Binary>mDoAAAUAAAD//v85bQBvAHUAdABoACAAYQBzAHMAZQBtAGIAbAB5AC0AMQBAAGEAcwBzAGUAbQBiAGwAeQAgAFYAMQAvAGQAcgBpAGIAYgBsAGUAIAByAG8AZAAtADEAQABtAG8AdQB0AGgAIABhAHMAcwBlAG0AYgBsAHkABAAAABAAAAABAAAAAgAAAAYCAAAeAAAA</a:base64Binary><a:base64Binary>mDoAAAUAAAD//v81bQBvAHUAdABoACAAYQBzAHMAZQBtAGIAbAB5AC0AMQBAAGEAcwBzAGUAbQBiAGwAeQAgAFYAMQAvAE0AUgAxADAANQBaAFoALQAxAEAAbQBvAHUAdABoACAAYQBzAHMAZQBtAGIAbAB5AAQAAAAQAAAAAQAAAAIAAAAGAgAAYwAAAA==</a:base64Binary><a:base64Binary>mDoAAAUAAAD//v83bQBvAHUAdABoACAAYQBzAHMAZQBtAGIAbAB5AC0AMQBAAGEAcwBzAGUAbQBiAGwAeQAgAFYAMQAvAE0AMAAuADUAVAAyADMAXwAyAC0AMQBAAG0AbwB1AHQAaAAgAGEAcwBzAGUAbQBiAGwAeQAEAAAAEAAAAAEAAAACAAAABgIAAFwAAAA=</a:base64Binary><a:base64Binary>mDoAAAUAAAD//v81bQBvAHUAdABoACAAYQBzAHMAZQBtAGIAbAB5AC0AMQBAAGEAcwBzAGUAbQBiAGwAeQAgAFYAMQAvAE0AMAAuADUAVAAyADcALQAxAEAAbQBvAHUAdABoACAAYQBzAHMAZQBtAGIAbAB5AAQAAAAQAAAAAQAAAAIAAAAGAgAAWwAAAA==</a:base64Binary><a:base64Binary>mDoAAAUAAAD//v83bQBvAHUAdABoACAAYQBzAHMAZQBtAGIAbAB5AC0AMQBAAGEAcwBzAGUAbQBiAGwAeQAgAFYAMQAvAE0AMAAuADUAVAAyADMAXwAxAC0AMQBAAG0AbwB1AHQAaAAgAGEAcwBzAGUAbQBiAGwAeQAEAAAAEAAAAAEAAAACAAAABgIAACQAAAA=</a:base64Binary><a:base64Binary>mDoAAAUAAAD//v81bQBvAHUAdABoACAAYQBzAHMAZQBtAGIAbAB5AC0AMQBAAGEAcwBzAGUAbQBiAGwAeQAgAFYAMQAvAE0AUgAxADAANQBaAFoALQAyAEAAbQBvAHUAdABoACAAYQBzAHMAZQBtAGIAbAB5AAQAAAAQAAAAAQAAAAIAAAAGAgAAZAAAAA==</a:base64Binary></SWComponentPIDs><SWMainComponentPID i:nil="true"/><Visual z:Ref="i351"/><isFixedFrame>false</isFixedFrame><isIncomplete>false</isIncomplete></Link></Children><Collision z:Ref="i29"/><Inertial z:Ref="i3"/><Joint z:Ref="i36"/><NameAttribute z:Ref="i2"/><Parent i:nil="true"/><STLQualityFine>false</STLQualityFine><SWComponentPIDs xmlns:a="http://schemas.microsoft.com/2003/10/Serialization/Arrays"><a:base64Binary>mDoAAAUAAAD//v8XYgBhAHMAZQBwAGwAYQB0AGUALQAxAEAAYQBzAHMAZQBtAGIAbAB5ACAAVgAxAAQAAAAQAAAAAQAAAAEAAAAZAAAA</a:base64Binary><a:base64Binary>mDoAAAUAAAD//v8iawBpAGMAawAgAHMAeQBzAHQAZQBtACAAYQBzAHMAZQBtAGIAbAB5AC0AMQBAAGEAcwBzAGUAbQBiAGwAeQAgAFYAMQAEAAAAEAAAAAEAAAABAAAACgIAAA==</a:base64Binary><a:base64Binary>mDoAAAUAAAD//v81bQBvAHQAbwByACAAYQBzAHMAZQBtAGIAbAB5AC0AMwBAAGEAcwBzAGUAbQBiAGwAeQAgAFYAMQAvAGcAZQBhAHIAYgBvAHgALQAxAEAAbQBvAHQAbwByACAAYQBzAHMAZQBtAGIAbAB5AAQAAAAQAAAAAQAAAAIAAAASAgAAGQAAAA==</a:base64Binary><a:base64Binary>mDoAAAUAAAD//v83bQBvAHQAbwByACAAYQBzAHMAZQBtAGIAbAB5AC0AMwBAAGEAcwBzAGUAbQBiAGwAeQAgAFYAMQAvAGcAYQBzAGsAZQB0ACAATQA0AC0AMQBAAG0AbwB0AG8AcgAgAGEAcwBzAGUAbQBiAGwAeQAEAAAAEAAAAAEAAAACAAAAEgIAAB0AAAA=</a:base64Binary><a:base64Binary>mDoAAAUAAAD//v8ybQBvAHQAbwByACAAYQBzAHMAZQBtAGIAbAB5AC0AMwBAAGEAcwBzAGUAbQBiAGwAeQAgAFYAMQAvAE0ANAAtADUALQAyAEAAbQBvAHQAbwByACAAYQBzAHMAZQBtAGIAbAB5AAQAAAAQAAAAAQAAAAIAAAASAgAAKwAAAA==</a:base64Binary><a:base64Binary>mDoAAAUAAAD//v80bQBvAHQAbwByACAAYQBzAHMAZQBtAGIAbAB5AC0AMwBAAGEAcwBzAGUAbQBiAGwAeQAgAFYAMQAvAEUATQA0ADMAMQA3AC0AMQBAAG0AbwB0AG8AcgAgAGEAcwBzAGUAbQBiAGwAeQAEAAAAEAAAAAEAAAACAAAAEgIAAC8AAAA=</a:base64Binary><a:base64Binary>mDoAAAUAAAD//v8+bQBvAHQAbwByACAAYQBzAHMAZQBtAGIAbAB5AC0AMwBAAGEAcwBzAGUAbQBiAGwAeQAgAFYAMQAvAHMAbQBhAGwAbAAgAGcAZQBhAHIAIABuAHkAbABvAG4ALQAxAEAAbQBvAHQAbwByACAAYQBzAHMAZQBtAGIAbAB5AAQAAAAQAAAAAQAAAAIAAAASAgAAMAAAAA==</a:base64Binary><a:base64Binary>mDoAAAUAAAD//v86bQBvAHQAbwByACAAYQBzAHMAZQBtAGIAbAB5AC0AMwBAAGEAcwBzAGUAbQBiAGwAeQAgAFYAMQAvAG0AbwB0AG8AcgAgAGQAcgBpAHYAZQByAC0AMQBAAG0AbwB0AG8AcgAgAGEAcwBzAGUAbQBiAGwAeQAEAAAAEAAAAAEAAAACAAAAEgIAADkAAAA=</a:base64Binary><a:base64Binary>mDoAAAUAAAD//v9FbQBvAHQAbwByACAAYQBzAHMAZQBtAGIAbAB5ACAAbQBpAHIAcgBvAHIALQAyAEAAYQBzAHMAZQBtAGIAbAB5ACAAVgAxAC8AZwBhAHMAawBlAHQAIABNADQALQAxAEAAbQBvAHQAbwByACAAYQBzAHMAZQBtAGIAbAB5ACAAbQBpAHIAcgBvAHIABAAAABAAAAABAAAAAgAAABgCAAAdAAAA</a:base64Binary><a:base64Binary>mDoAAAUAAAD//v9AbQBvAHQAbwByACAAYQBzAHMAZQBtAGIAbAB5ACAAbQBpAHIAcgBvAHIALQAyAEAAYQBzAHMAZQBtAGIAbAB5ACAAVgAxAC8ATQA0AC0ANQAtADIAQABtAG8AdABvAHIAIABhAHMAcwBlAG0AYgBsAHkAIABtAGkAcgByAG8AcgAEAAAAEAAAAAEAAAACAAAAGAIAACsAAAA=</a:base64Binary><a:base64Binary>mDoAAAUAAAD//v9CbQBvAHQAbwByACAAYQBzAHMAZQBtAGIAbAB5ACAAbQBpAHIAcgBvAHIALQAyAEAAYQBzAHMAZQBtAGIAbAB5ACAAVgAxAC8ARQBNADQAMwAxADcALQAxAEAAbQBvAHQAbwByACAAYQBzAHMAZQBtAGIAbAB5ACAAbQBpAHIAcgBvAHIABAAAABAAAAABAAAAAgAAABgCAAAvAAAA</a:base64Binary><a:base64Binary>mDoAAAUAAAD//v9MbQBvAHQAbwByACAAYQBzAHMAZQBtAGIAbAB5ACAAbQBpAHIAcgBvAHIALQAyAEAAYQBzAHMAZQBtAGIAbAB5ACAAVgAxAC8AcwBtAGEAbABsACAAZwBlAGEAcgAgAG4AeQBsAG8AbgAtADEAQABtAG8AdABvAHIAIABhAHMAcwBlAG0AYgBsAHkAIABtAGkAcgByAG8AcgAEAAAAEAAAAAEAAAACAAAAGAIAADAAAAA=</a:base64Binary><a:base64Binary>mDoAAAUAAAD//v9IbQBvAHQAbwByACAAYQBzAHMAZQBtAGIAbAB5ACAAbQBpAHIAcgBvAHIALQAyAEAAYQBzAHMAZQBtAGIAbAB5ACAAVgAxAC8AbQBvAHQAbwByACAAZAByAGkAdgBlAHIALQAxAEAAbQBvAHQAbwByACAAYQBzAHMAZQBtAGIAbAB5ACAAbQBpAHIAcgBvAHIABAAAABAAAAABAAAAAgAAABgCAAA5AAAA</a:base64Binary><a:base64Binary>mDoAAAUAAAD//v9KbQBvAHQAbwByACAAYQBzAHMAZQBtAGIAbAB5ACAAbQBpAHIAcgBvAHIALQAyAEAAYQBzAHMAZQBtAGIAbAB5ACAAVgAxAC8AZwBlAGEAcgBiAG8AeAAgAG0AaQByAHIAbwByAC0AMQBAAG0AbwB0AG8AcgAgAGEAcwBzAGUAbQBiAGwAeQAgAG0AaQByAHIAbwByAAQAAAAQAAAAAQAAAAIAAAAYAgAAPwAAAA==</a:base64Binary><a:base64Binary>mDoAAAUAAAD//v9FbQBvAHQAbwByACAAYQBzAHMAZQBtAGIAbAB5ACAAbQBpAHIAcgBvAHIALQAzAEAAYQBzAHMAZQBtAGIAbAB5ACAAVgAxAC8AZwBhAHMAawBlAHQAIABNADQALQAxAEAAbQBvAHQAbwByACAAYQBzAHMAZQBtAGIAbAB5ACAAbQBpAHIAcgBvAHIABAAAABAAAAABAAAAAgAAAB4CAAAdAAAA</a:base64Binary><a:base64Binary>mDoAAAUAAAD//v9AbQBvAHQAbwByACAAYQBzAHMAZQBtAGIAbAB5ACAAbQBpAHIAcgBvAHIALQAzAEAAYQBzAHMAZQBtAGIAbAB5ACAAVgAxAC8ATQA0AC0ANQAtADIAQABtAG8AdABvAHIAIABhAHMAcwBlAG0AYgBsAHkAIABtAGkAcgByAG8AcgAEAAAAEAAAAAEAAAACAAAAHgIAACsAAAA=</a:base64Binary><a:base64Binary>mDoAAAUAAAD//v9CbQBvAHQAbwByACAAYQBzAHMAZQBtAGIAbAB5ACAAbQBpAHIAcgBvAHIALQAzAEAAYQBzAHMAZQBtAGIAbAB5ACAAVgAxAC8ARQBNADQAMwAxADcALQAxAEAAbQBvAHQAbwByACAAYQBzAHMAZQBtAGIAbAB5ACAAbQBpAHIAcgBvAHIABAAAABAAAAABAAAAAgAAAB4CAAAvAAAA</a:base64Binary><a:base64Binary>mDoAAAUAAAD//v9MbQBvAHQAbwByACAAYQBzAHMAZQBtAGIAbAB5ACAAbQBpAHIAcgBvAHIALQAzAEAAYQBzAHMAZQBtAGIAbAB5ACAAVgAxAC8AcwBtAGEAbABsACAAZwBlAGEAcgAgAG4AeQBsAG8AbgAtADEAQABtAG8AdABvAHIAIABhAHMAcwBlAG0AYgBsAHkAIABtAGkAcgByAG8AcgAEAAAAEAAAAAEAAAACAAAAHgIAADAAAAA=</a:base64Binary><a:base64Binary>mDoAAAUAAAD//v9IbQBvAHQAbwByACAAYQBzAHMAZQBtAGIAbAB5ACAAbQBpAHIAcgBvAHIALQAzAEAAYQBzAHMAZQBtAGIAbAB5ACAAVgAxAC8AbQBvAHQAbwByACAAZAByAGkAdgBlAHIALQAxAEAAbQBvAHQAbwByACAAYQBzAHMAZQBtAGIAbAB5ACAAbQBpAHIAcgBvAHIABAAAABAAAAABAAAAAgAAAB4CAAA5AAAA</a:base64Binary><a:base64Binary>mDoAAAUAAAD//v9KbQBvAHQAbwByACAAYQBzAHMAZQBtAGIAbAB5ACAAbQBpAHIAcgBvAHIALQAzAEAAYQBzAHMAZQBtAGIAbAB5ACAAVgAxAC8AZwBlAGEAcgBiAG8AeAAgAG0AaQByAHIAbwByAC0AMQBAAG0AbwB0AG8AcgAgAGEAcwBzAGUAbQBiAGwAeQAgAG0AaQByAHIAbwByAAQAAAAQAAAAAQAAAAIAAAAeAgAAPwAAAA==</a:base64Binary><a:base64Binary>mDoAAAUAAAD//v81bQBvAHQAbwByACAAYQBzAHMAZQBtAGIAbAB5AC0ANABAAGEAcwBzAGUAbQBiAGwAeQAgAFYAMQAvAGcAZQBhAHIAYgBvAHgALQAxAEAAbQBvAHQAbwByACAAYQBzAHMAZQBtAGIAbAB5AAQAAAAQAAAAAQAAAAIAAAAdAgAAGQAAAA==</a:base64Binary><a:base64Binary>mDoAAAUAAAD//v83bQBvAHQAbwByACAAYQBzAHMAZQBtAGIAbAB5AC0ANABAAGEAcwBzAGUAbQBiAGwAeQAgAFYAMQAvAGcAYQBzAGsAZQB0ACAATQA0AC0AMQBAAG0AbwB0AG8AcgAgAGEAcwBzAGUAbQBiAGwAeQAEAAAAEAAAAAEAAAACAAAAHQIAAB0AAAA=</a:base64Binary><a:base64Binary>mDoAAAUAAAD//v8ybQBvAHQAbwByACAAYQBzAHMAZQBtAGIAbAB5AC0ANABAAGEAcwBzAGUAbQBiAGwAeQAgAFYAMQAvAE0ANAAtADUALQAyAEAAbQBvAHQAbwByACAAYQBzAHMAZQBtAGIAbAB5AAQAAAAQAAAAAQAAAAIAAAAdAgAAKwAAAA==</a:base64Binary><a:base64Binary>mDoAAAUAAAD//v80bQBvAHQAbwByACAAYQBzAHMAZQBtAGIAbAB5AC0ANABAAGEAcwBzAGUAbQBiAGwAeQAgAFYAMQAvAEUATQA0ADMAMQA3AC0AMQBAAG0AbwB0AG8AcgAgAGEAcwBzAGUAbQBiAGwAeQAEAAAAEAAAAAEAAAACAAAAHQIAAC8AAAA=</a:base64Binary><a:base64Binary>mDoAAAUAAAD//v8+bQBvAHQAbwByACAAYQBzAHMAZQBtAGIAbAB5AC0ANABAAGEAcwBzAGUAbQBiAGwAeQAgAFYAMQAvAHMAbQBhAGwAbAAgAGcAZQBhAHIAIABuAHkAbABvAG4ALQAxAEAAbQBvAHQAbwByACAAYQBzAHMAZQBtAGIAbAB5AAQAAAAQAAAAAQAAAAIAAAAdAgAAMAAAAA==</a:base64Binary><a:base64Binary>mDoAAAUAAAD//v86bQBvAHQAbwByACAAYQBzAHMAZQBtAGIAbAB5AC0ANABAAGEAcwBzAGUAbQBiAGwAeQAgAFYAMQAvAG0AbwB0AG8AcgAgAGQAcgBpAHYAZQByAC0AMQBAAG0AbwB0AG8AcgAgAGEAcwBzAGUAbQBiAGwAeQAEAAAAEAAAAAEAAAACAAAAHQIAADkAAAA=</a:base64Binary><a:base64Binary>mDoAAAUAAAD//v8hdQBwAHAAZQByAHAAbABhAHQAZQAgAC0AIABjAG8AcAB5AGUAZAAtADEAQABhAHMAcwBlAG0AYgBsAHkAIABWADEABAAAABAAAAABAAAAAQAAACwCAAA=</a:base64Binary><a:base64Binary>mDoAAAUAAAD//v8gYwBhAHAAYQBsAGkAYwBpAHQAeQAgAHMAdQBwAHAAbwByAHQALQAxAEAAYQBzAHMAZQBtAGIAbAB5ACAAVgAxAAQAAAAQAAAAAQAAAAEAAABpAgAA</a:base64Binary><a:base64Binary>mDoAAAUAAAD//v8XZABvAHcAbgBzAHQAcgB1AHQALQAzAEAAYQBzAHMAZQBtAGIAbAB5ACAAVgAxAAQAAAAQAAAAAQAAAAEAAABAAgAA</a:base64Binary><a:base64Binary>mDoAAAUAAAD//v8XZABvAHcAbgBzAHQAcgB1AHQALQA0AEAAYQBzAHMAZQBtAGIAbAB5ACAAVgAxAAQAAAAQAAAAAQAAAAEAAABCAgAA</a:base64Binary><a:base64Binary>mDoAAAUAAAD//v8XZABvAHcAbgBzAHQAcgB1AHQALQA2AEAAYQBzAHMAZQBtAGIAbAB5ACAAVgAxAAQAAAAQAAAAAQAAAAEAAABjAgAA</a:base64Binary><a:base64Binary>mDoAAAUAAAD//v8XZABvAHcAbgBzAHQAcgB1AHQALQA1AEAAYQBzAHMAZQBtAGIAbAB5ACAAVgAxAAQAAAAQAAAAAQAAAAEAAABhAgAA</a:base64Binary><a:base64Binary>mDoAAAUAAAD//v8gYwBhAHAAYQBsAGkAYwBpAHQAeQAgAHMAdQBwAHAAbwByAHQALQAyAEAAYQBzAHMAZQBtAGIAbAB5ACAAVgAxAAQAAAAQAAAAAQAAAAEAAABtAgAA</a:base64Binary><a:base64Binary>mDoAAAUAAAD//v8XZABvAHcAbgBzAHQAcgB1AHQALQAyAEAAYQBzAHMAZQBtAGIAbAB5ACAAVgAxAAQAAAAQAAAAAQAAAAEAAAA8AgAA</a:base64Binary><a:base64Binary>mDoAAAUAAAD//v8XZABvAHcAbgBzAHQAcgB1AHQALQAxAEAAYQBzAHMAZQBtAGIAbAB5ACAAVgAxAAQAAAAQAAAAAQAAAAEAAAA5AgAA</a:base64Binary><a:base64Binary>mDoAAAUAAAD//v8bYgBhAHQAdABlAHIAeQAgAGMAbwB2AGUAcgAtADEAQABhAHMAcwBlAG0AYgBsAHkAIABWADEABAAAABAAAAABAAAAAQAAADACAAA=</a:base64Binary><a:base64Binary>mDoAAAUAAAD//v8YdQBwAHAAZQByAHMAdAByAHUAdAAtADEAQABhAHMAcwBlAG0AYgBsAHkAIABWADEABAAAABAAAAABAAAAAQAAAHoCAAA=</a:base64Binary><a:base64Binary>mDoAAAUAAAD//v8YdQBwAHAAZQByAHMAdAByAHUAdAAtADIAQABhAHMAcwBlAG0AYgBsAHkAIABWADEABAAAABAAAAABAAAAAQAAAI0CAAA=</a:base64Binary><a:base64Binary>mDoAAAUAAAD//v8+bQBvAHUAdABoACAAYQBzAHMAZQBtAGIAbAB5AC0AMQBAAGEAcwBzAGUAbQBiAGwAeQAgAFYAMQAvAGYAbABhAHQAIABnAHUAaQBkAGUAIABiAGwAbwBjAGsALQAxAEAAbQBvAHUAdABoACAAYQBzAHMAZQBtAGIAbAB5AAQAAAAQAAAAAQAAAAIAAAAGAgAAIgAAAA==</a:base64Binary><a:base64Binary>mDoAAAUAAAD//v9FbQBvAHUAdABoACAAYQBzAHMAZQBtAGIAbAB5AC0AMQBAAGEAcwBzAGUAbQBiAGwAeQAgAFYAMQAvAGYAbABhAHQAIABnAHUAaQBkAGUAIABiAGwAbwBjAGsAIABtAGkAcgByAG8AcgAtADEAQABtAG8AdQB0AGgAIABhAHMAcwBlAG0AYgBsAHkABAAAABAAAAABAAAAAgAAAAYCAAAjAAAA</a:base64Binary><a:base64Binary>mDoAAAUAAAD//v86bQBvAHUAdABoACAAYQBzAHMAZQBtAGIAbAB5AC0AMQBAAGEAcwBzAGUAbQBiAGwAeQAgAFYAMQAvAGMAaABpAHAAIABzAHAAaQBuAGQAbABlAC0AMgBAAG0AbwB1AHQAaAAgAGEAcwBzAGUAbQBiAGwAeQAEAAAAEAAAAAEAAAACAAAABgIAACcAAAA=</a:base64Binary><a:base64Binary>mDoAAAUAAAD//v88bQBvAHUAdABoACAAYQBzAHMAZQBtAGIAbAB5AC0AMQBAAGEAcwBzAGUAbQBiAGwAeQAgAFYAMQAvAGMAaABpAHAAIABzAGgAbwBsAHYAZQBfADQANQAtADEAQABtAG8AdQB0AGgAIABhAHMAcwBlAG0AYgBsAHkABAAAABAAAAABAAAAAgAAAAYCAAAbAAAA</a:base64Binary><a:base64Binary>mDoAAAUAAAD//v89bQBvAHUAdABoACAAYQBzAHMAZQBtAGIAbAB5AC0AMQBAAGEAcwBzAGUAbQBiAGwAeQAgAFYAMQAvAGQAcgBpAGIAYgBsAGUAIABzAHAAaQBuAGQAbABlAC0AMgBAAG0AbwB1AHQAaAAgAGEAcwBzAGUAbQBiAGwAeQAEAAAAEAAAAAEAAAACAAAABgIAACgAAAA=</a:base64Binary><a:base64Binary>mDoAAAUAAAD//v89bQBvAHUAdABoACAAYQBzAHMAZQBtAGIAbAB5AC0AMQBAAGEAcwBzAGUAbQBiAGwAeQAgAFYAMQAvAGQAcgBpAGIAYgBsAGUAIABzAHAAaQBuAGQAbABlAC0AMQBAAG0AbwB1AHQAaAAgAGEAcwBzAGUAbQBiAGwAeQAEAAAAEAAAAAEAAAACAAAABgIAACEAAAA=</a:base64Binary><a:base64Binary>mDoAAAUAAAD//v86bQBvAHUAdABoACAAYQBzAHMAZQBtAGIAbAB5AC0AMQBAAGEAcwBzAGUAbQBiAGwAeQAgAFYAMQAvAGMAaABpAHAAIABzAHAAaQBuAGQAbABlAC0AMQBAAG0AbwB1AHQAaAAgAGEAcwBzAGUAbQBiAGwAeQAEAAAAEAAAAAEAAAACAAAABgIAABwAAAA=</a:base64Binary></SWComponentPIDs><SWMainComponentPID i:nil="true"/><Visual z:Ref="i16"/><isFixedFrame>false</isFixedFrame><isIncomplete>false</isIncomplete></Link>
2025-08-18 21:11:55,652 INFO  ExportHelperExtension.cs: 347 - Creating joint wheel_0_Link
2025-08-18 21:11:55,962 WARN  ExportHelperExtension.cs: 351 - Creating joint from parent base_Link to child wheel_0_Link failed
2025-08-18 21:11:56,168 INFO  ExportHelperExtension.cs: 347 - Creating joint wheel_1_Link
2025-08-18 21:11:56,250 WARN  ExportHelperExtension.cs: 351 - Creating joint from parent base_Link to child wheel_1_Link failed
2025-08-18 21:11:56,463 INFO  ExportHelperExtension.cs: 347 - Creating joint wheel_2_Link
2025-08-18 21:11:56,550 WARN  ExportHelperExtension.cs: 351 - Creating joint from parent base_Link to child wheel_2_Link failed
2025-08-18 21:11:56,757 INFO  ExportHelperExtension.cs: 347 - Creating joint wheel_3_Link
2025-08-18 21:11:56,841 WARN  ExportHelperExtension.cs: 351 - Creating joint from parent base_Link to child wheel_3_Link failed
2025-08-18 21:11:57,047 INFO  ExportHelperExtension.cs: 347 - Creating joint mouth_Link
2025-08-18 21:11:57,124 WARN  ExportHelperExtension.cs: 351 - Creating joint from parent base_Link to child mouth_Link failed
2025-08-18 21:11:57,207 INFO  ExportHelperExtension.cs: 347 - Creating joint dribble_Link
2025-08-18 21:11:57,294 WARN  ExportHelperExtension.cs: 351 - Creating joint from parent mouth_Link to child dribble_Link failed
2025-08-18 21:11:57,425 INFO  ExportHelperExtension.cs: 1125 - Retrieving features of type [CoordSys] from assembly V1.SLDASM
2025-08-18 21:11:57,429 INFO  ExportHelperExtension.cs: 1136 - Found 126 in assembly V1.SLDASM
2025-08-18 21:11:57,429 INFO  ExportHelperExtension.cs: 1145 - Found 8 features of type [CoordSys] in assembly V1.SLDASM
2025-08-18 21:11:57,429 INFO  ExportHelperExtension.cs: 1148 - Proceeding through assembly components
2025-08-18 21:11:57,430 INFO  ExportHelperExtension.cs: 1160 - 23 components to check
2025-08-18 21:11:57,430 INFO  ExportHelperExtension.cs: 1125 - Retrieving features of type [CoordSys] from kick system assembly-1
2025-08-18 21:11:57,430 INFO  ExportHelperExtension.cs: 1136 - Found 45 in kick system assembly-1
2025-08-18 21:11:57,431 INFO  ExportHelperExtension.cs: 1145 - Found 0 features of type [CoordSys] in kick system assembly-1
2025-08-18 21:11:57,431 INFO  ExportHelperExtension.cs: 1125 - Retrieving features of type [CoordSys] from baseplate-1
2025-08-18 21:11:57,431 INFO  ExportHelperExtension.cs: 1136 - Found 90 in baseplate-1
2025-08-18 21:11:57,432 INFO  ExportHelperExtension.cs: 1145 - Found 0 features of type [CoordSys] in baseplate-1
2025-08-18 21:11:57,432 INFO  ExportHelperExtension.cs: 1125 - Retrieving features of type [CoordSys] from mouth assembly-1
2025-08-18 21:11:57,432 INFO  ExportHelperExtension.cs: 1136 - Found 101 in mouth assembly-1
2025-08-18 21:11:57,433 INFO  ExportHelperExtension.cs: 1145 - Found 0 features of type [CoordSys] in mouth assembly-1
2025-08-18 21:11:57,433 INFO  ExportHelperExtension.cs: 1125 - Retrieving features of type [CoordSys] from upperplate - copyed-1
2025-08-18 21:11:57,434 INFO  ExportHelperExtension.cs: 1136 - Found 101 in upperplate - copyed-1
2025-08-18 21:11:57,434 INFO  ExportHelperExtension.cs: 1145 - Found 0 features of type [CoordSys] in upperplate - copyed-1
2025-08-18 21:11:57,434 INFO  ExportHelperExtension.cs: 1125 - Retrieving features of type [CoordSys] from capalicity support-1
2025-08-18 21:11:57,435 INFO  ExportHelperExtension.cs: 1136 - Found 42 in capalicity support-1
2025-08-18 21:11:57,435 INFO  ExportHelperExtension.cs: 1145 - Found 0 features of type [CoordSys] in capalicity support-1
2025-08-18 21:11:57,439 INFO  ExportHelperExtension.cs: 1125 - Retrieving features of type [CoordSys] from downstrut-3
2025-08-18 21:11:57,460 INFO  ExportHelperExtension.cs: 1136 - Found 36 in downstrut-3
2025-08-18 21:11:57,462 INFO  ExportHelperExtension.cs: 1145 - Found 0 features of type [CoordSys] in downstrut-3
2025-08-18 21:11:57,462 INFO  ExportHelperExtension.cs: 1125 - Retrieving features of type [CoordSys] from downstrut-2
2025-08-18 21:11:57,462 INFO  ExportHelperExtension.cs: 1136 - Found 36 in downstrut-2
2025-08-18 21:11:57,463 INFO  ExportHelperExtension.cs: 1145 - Found 0 features of type [CoordSys] in downstrut-2
2025-08-18 21:11:57,463 INFO  ExportHelperExtension.cs: 1125 - Retrieving features of type [CoordSys] from battery cover-1
2025-08-18 21:11:57,463 INFO  ExportHelperExtension.cs: 1136 - Found 65 in battery cover-1
2025-08-18 21:11:57,464 INFO  ExportHelperExtension.cs: 1145 - Found 0 features of type [CoordSys] in battery cover-1
2025-08-18 21:11:57,464 INFO  ExportHelperExtension.cs: 1125 - Retrieving features of type [CoordSys] from motor assembly-4
2025-08-18 21:11:57,464 INFO  ExportHelperExtension.cs: 1136 - Found 41 in motor assembly-4
2025-08-18 21:11:57,464 INFO  ExportHelperExtension.cs: 1145 - Found 0 features of type [CoordSys] in motor assembly-4
2025-08-18 21:11:57,464 INFO  ExportHelperExtension.cs: 1125 - Retrieving features of type [CoordSys] from downstrut-1
2025-08-18 21:11:57,464 INFO  ExportHelperExtension.cs: 1136 - Found 36 in downstrut-1
2025-08-18 21:11:57,464 INFO  ExportHelperExtension.cs: 1145 - Found 0 features of type [CoordSys] in downstrut-1
2025-08-18 21:11:57,464 INFO  ExportHelperExtension.cs: 1125 - Retrieving features of type [CoordSys] from downstrut-5
2025-08-18 21:11:57,464 INFO  ExportHelperExtension.cs: 1136 - Found 36 in downstrut-5
2025-08-18 21:11:57,466 INFO  ExportHelperExtension.cs: 1145 - Found 0 features of type [CoordSys] in downstrut-5
2025-08-18 21:11:57,466 INFO  ExportHelperExtension.cs: 1125 - Retrieving features of type [CoordSys] from motor assembly-3
2025-08-18 21:11:57,466 INFO  ExportHelperExtension.cs: 1136 - Found 41 in motor assembly-3
2025-08-18 21:11:57,466 INFO  ExportHelperExtension.cs: 1145 - Found 0 features of type [CoordSys] in motor assembly-3
2025-08-18 21:11:57,467 INFO  ExportHelperExtension.cs: 1125 - Retrieving features of type [CoordSys] from motor assembly mirror-2
2025-08-18 21:11:57,467 INFO  ExportHelperExtension.cs: 1136 - Found 41 in motor assembly mirror-2
2025-08-18 21:11:57,467 INFO  ExportHelperExtension.cs: 1145 - Found 0 features of type [CoordSys] in motor assembly mirror-2
2025-08-18 21:11:57,467 INFO  ExportHelperExtension.cs: 1125 - Retrieving features of type [CoordSys] from motor assembly mirror-3
2025-08-18 21:11:57,468 INFO  ExportHelperExtension.cs: 1136 - Found 41 in motor assembly mirror-3
2025-08-18 21:11:57,468 INFO  ExportHelperExtension.cs: 1145 - Found 0 features of type [CoordSys] in motor assembly mirror-3
2025-08-18 21:11:57,468 INFO  ExportHelperExtension.cs: 1125 - Retrieving features of type [CoordSys] from downstrut-4
2025-08-18 21:11:57,468 INFO  ExportHelperExtension.cs: 1136 - Found 36 in downstrut-4
2025-08-18 21:11:57,468 INFO  ExportHelperExtension.cs: 1145 - Found 0 features of type [CoordSys] in downstrut-4
2025-08-18 21:11:57,469 INFO  ExportHelperExtension.cs: 1125 - Retrieving features of type [CoordSys] from downstrut-6
2025-08-18 21:11:57,469 INFO  ExportHelperExtension.cs: 1136 - Found 36 in downstrut-6
2025-08-18 21:11:57,469 INFO  ExportHelperExtension.cs: 1145 - Found 0 features of type [CoordSys] in downstrut-6
2025-08-18 21:11:57,469 INFO  ExportHelperExtension.cs: 1125 - Retrieving features of type [CoordSys] from wheel assembly-2
2025-08-18 21:11:57,470 INFO  ExportHelperExtension.cs: 1136 - Found 96 in wheel assembly-2
2025-08-18 21:11:57,470 INFO  ExportHelperExtension.cs: 1145 - Found 0 features of type [CoordSys] in wheel assembly-2
2025-08-18 21:11:57,470 INFO  ExportHelperExtension.cs: 1125 - Retrieving features of type [CoordSys] from wheel assembly-4
2025-08-18 21:11:57,470 INFO  ExportHelperExtension.cs: 1136 - Found 96 in wheel assembly-4
2025-08-18 21:11:57,471 INFO  ExportHelperExtension.cs: 1145 - Found 0 features of type [CoordSys] in wheel assembly-4
2025-08-18 21:11:57,471 INFO  ExportHelperExtension.cs: 1125 - Retrieving features of type [CoordSys] from capalicity support-2
2025-08-18 21:11:57,471 INFO  ExportHelperExtension.cs: 1136 - Found 42 in capalicity support-2
2025-08-18 21:11:57,472 INFO  ExportHelperExtension.cs: 1145 - Found 0 features of type [CoordSys] in capalicity support-2
2025-08-18 21:11:57,472 INFO  ExportHelperExtension.cs: 1125 - Retrieving features of type [CoordSys] from wheel assembly-1
2025-08-18 21:11:57,472 INFO  ExportHelperExtension.cs: 1136 - Found 96 in wheel assembly-1
2025-08-18 21:11:57,473 INFO  ExportHelperExtension.cs: 1145 - Found 0 features of type [CoordSys] in wheel assembly-1
2025-08-18 21:11:57,473 INFO  ExportHelperExtension.cs: 1125 - Retrieving features of type [CoordSys] from upperstrut-2
2025-08-18 21:11:57,473 INFO  ExportHelperExtension.cs: 1136 - Found 32 in upperstrut-2
2025-08-18 21:11:57,473 INFO  ExportHelperExtension.cs: 1145 - Found 0 features of type [CoordSys] in upperstrut-2
2025-08-18 21:11:57,474 INFO  ExportHelperExtension.cs: 1125 - Retrieving features of type [CoordSys] from upperstrut-1
2025-08-18 21:11:57,474 INFO  ExportHelperExtension.cs: 1136 - Found 32 in upperstrut-1
2025-08-18 21:11:57,474 INFO  ExportHelperExtension.cs: 1145 - Found 0 features of type [CoordSys] in upperstrut-1
2025-08-18 21:11:57,474 INFO  ExportHelperExtension.cs: 1125 - Retrieving features of type [CoordSys] from wheel assembly-3
2025-08-18 21:11:57,475 INFO  ExportHelperExtension.cs: 1136 - Found 96 in wheel assembly-3
2025-08-18 21:11:57,475 INFO  ExportHelperExtension.cs: 1145 - Found 0 features of type [CoordSys] in wheel assembly-3
2025-08-18 21:11:57,475 INFO  ExportHelperExtension.cs: 1125 - Retrieving features of type [RefAxis] from assembly V1.SLDASM
2025-08-18 21:11:57,476 INFO  ExportHelperExtension.cs: 1136 - Found 126 in assembly V1.SLDASM
2025-08-18 21:11:57,476 INFO  ExportHelperExtension.cs: 1145 - Found 6 features of type [RefAxis] in assembly V1.SLDASM
2025-08-18 21:11:57,477 INFO  ExportHelperExtension.cs: 1148 - Proceeding through assembly components
2025-08-18 21:11:57,477 INFO  ExportHelperExtension.cs: 1160 - 23 components to check
2025-08-18 21:11:57,477 INFO  ExportHelperExtension.cs: 1125 - Retrieving features of type [RefAxis] from kick system assembly-1
2025-08-18 21:11:57,477 INFO  ExportHelperExtension.cs: 1136 - Found 45 in kick system assembly-1
2025-08-18 21:11:57,477 INFO  ExportHelperExtension.cs: 1145 - Found 0 features of type [RefAxis] in kick system assembly-1
2025-08-18 21:11:57,477 INFO  ExportHelperExtension.cs: 1125 - Retrieving features of type [RefAxis] from baseplate-1
2025-08-18 21:11:57,478 INFO  ExportHelperExtension.cs: 1136 - Found 90 in baseplate-1
2025-08-18 21:11:57,478 INFO  ExportHelperExtension.cs: 1145 - Found 0 features of type [RefAxis] in baseplate-1
2025-08-18 21:11:57,478 INFO  ExportHelperExtension.cs: 1125 - Retrieving features of type [RefAxis] from mouth assembly-1
2025-08-18 21:11:57,479 INFO  ExportHelperExtension.cs: 1136 - Found 101 in mouth assembly-1
2025-08-18 21:11:57,479 INFO  ExportHelperExtension.cs: 1145 - Found 0 features of type [RefAxis] in mouth assembly-1
2025-08-18 21:11:57,479 INFO  ExportHelperExtension.cs: 1125 - Retrieving features of type [RefAxis] from upperplate - copyed-1
2025-08-18 21:11:57,480 INFO  ExportHelperExtension.cs: 1136 - Found 101 in upperplate - copyed-1
2025-08-18 21:11:57,480 INFO  ExportHelperExtension.cs: 1145 - Found 0 features of type [RefAxis] in upperplate - copyed-1
2025-08-18 21:11:57,481 INFO  ExportHelperExtension.cs: 1125 - Retrieving features of type [RefAxis] from capalicity support-1
2025-08-18 21:11:57,481 INFO  ExportHelperExtension.cs: 1136 - Found 42 in capalicity support-1
2025-08-18 21:11:57,481 INFO  ExportHelperExtension.cs: 1145 - Found 0 features of type [RefAxis] in capalicity support-1
2025-08-18 21:11:57,481 INFO  ExportHelperExtension.cs: 1125 - Retrieving features of type [RefAxis] from downstrut-3
2025-08-18 21:11:57,481 INFO  ExportHelperExtension.cs: 1136 - Found 36 in downstrut-3
2025-08-18 21:11:57,482 INFO  ExportHelperExtension.cs: 1145 - Found 0 features of type [RefAxis] in downstrut-3
2025-08-18 21:11:57,482 INFO  ExportHelperExtension.cs: 1125 - Retrieving features of type [RefAxis] from downstrut-2
2025-08-18 21:11:57,482 INFO  ExportHelperExtension.cs: 1136 - Found 36 in downstrut-2
2025-08-18 21:11:57,482 INFO  ExportHelperExtension.cs: 1145 - Found 0 features of type [RefAxis] in downstrut-2
2025-08-18 21:11:57,483 INFO  ExportHelperExtension.cs: 1125 - Retrieving features of type [RefAxis] from battery cover-1
2025-08-18 21:11:57,483 INFO  ExportHelperExtension.cs: 1136 - Found 65 in battery cover-1
2025-08-18 21:11:57,483 INFO  ExportHelperExtension.cs: 1145 - Found 0 features of type [RefAxis] in battery cover-1
2025-08-18 21:11:57,483 INFO  ExportHelperExtension.cs: 1125 - Retrieving features of type [RefAxis] from motor assembly-4
2025-08-18 21:11:57,483 INFO  ExportHelperExtension.cs: 1136 - Found 41 in motor assembly-4
2025-08-18 21:11:57,484 INFO  ExportHelperExtension.cs: 1145 - Found 0 features of type [RefAxis] in motor assembly-4
2025-08-18 21:11:57,484 INFO  ExportHelperExtension.cs: 1125 - Retrieving features of type [RefAxis] from downstrut-1
2025-08-18 21:11:57,484 INFO  ExportHelperExtension.cs: 1136 - Found 36 in downstrut-1
2025-08-18 21:11:57,485 INFO  ExportHelperExtension.cs: 1145 - Found 0 features of type [RefAxis] in downstrut-1
2025-08-18 21:11:57,485 INFO  ExportHelperExtension.cs: 1125 - Retrieving features of type [RefAxis] from downstrut-5
2025-08-18 21:11:57,485 INFO  ExportHelperExtension.cs: 1136 - Found 36 in downstrut-5
2025-08-18 21:11:57,485 INFO  ExportHelperExtension.cs: 1145 - Found 0 features of type [RefAxis] in downstrut-5
2025-08-18 21:11:57,485 INFO  ExportHelperExtension.cs: 1125 - Retrieving features of type [RefAxis] from motor assembly-3
2025-08-18 21:11:57,486 INFO  ExportHelperExtension.cs: 1136 - Found 41 in motor assembly-3
2025-08-18 21:11:57,486 INFO  ExportHelperExtension.cs: 1145 - Found 0 features of type [RefAxis] in motor assembly-3
2025-08-18 21:11:57,486 INFO  ExportHelperExtension.cs: 1125 - Retrieving features of type [RefAxis] from motor assembly mirror-2
2025-08-18 21:11:57,487 INFO  ExportHelperExtension.cs: 1136 - Found 41 in motor assembly mirror-2
2025-08-18 21:11:57,487 INFO  ExportHelperExtension.cs: 1145 - Found 0 features of type [RefAxis] in motor assembly mirror-2
2025-08-18 21:11:57,487 INFO  ExportHelperExtension.cs: 1125 - Retrieving features of type [RefAxis] from motor assembly mirror-3
2025-08-18 21:11:57,487 INFO  ExportHelperExtension.cs: 1136 - Found 41 in motor assembly mirror-3
2025-08-18 21:11:57,488 INFO  ExportHelperExtension.cs: 1145 - Found 0 features of type [RefAxis] in motor assembly mirror-3
2025-08-18 21:11:57,488 INFO  ExportHelperExtension.cs: 1125 - Retrieving features of type [RefAxis] from downstrut-4
2025-08-18 21:11:57,488 INFO  ExportHelperExtension.cs: 1136 - Found 36 in downstrut-4
2025-08-18 21:11:57,488 INFO  ExportHelperExtension.cs: 1145 - Found 0 features of type [RefAxis] in downstrut-4
2025-08-18 21:11:57,489 INFO  ExportHelperExtension.cs: 1125 - Retrieving features of type [RefAxis] from downstrut-6
2025-08-18 21:11:57,489 INFO  ExportHelperExtension.cs: 1136 - Found 36 in downstrut-6
2025-08-18 21:11:57,489 INFO  ExportHelperExtension.cs: 1145 - Found 0 features of type [RefAxis] in downstrut-6
2025-08-18 21:11:57,489 INFO  ExportHelperExtension.cs: 1125 - Retrieving features of type [RefAxis] from wheel assembly-2
2025-08-18 21:11:57,489 INFO  ExportHelperExtension.cs: 1136 - Found 96 in wheel assembly-2
2025-08-18 21:11:57,490 INFO  ExportHelperExtension.cs: 1145 - Found 0 features of type [RefAxis] in wheel assembly-2
2025-08-18 21:11:57,490 INFO  ExportHelperExtension.cs: 1125 - Retrieving features of type [RefAxis] from wheel assembly-4
2025-08-18 21:11:57,490 INFO  ExportHelperExtension.cs: 1136 - Found 96 in wheel assembly-4
2025-08-18 21:11:57,491 INFO  ExportHelperExtension.cs: 1145 - Found 0 features of type [RefAxis] in wheel assembly-4
2025-08-18 21:11:57,494 INFO  ExportHelperExtension.cs: 1125 - Retrieving features of type [RefAxis] from capalicity support-2
2025-08-18 21:11:57,495 INFO  ExportHelperExtension.cs: 1136 - Found 42 in capalicity support-2
2025-08-18 21:11:57,495 INFO  ExportHelperExtension.cs: 1145 - Found 0 features of type [RefAxis] in capalicity support-2
2025-08-18 21:11:57,495 INFO  ExportHelperExtension.cs: 1125 - Retrieving features of type [RefAxis] from wheel assembly-1
2025-08-18 21:11:57,495 INFO  ExportHelperExtension.cs: 1136 - Found 96 in wheel assembly-1
2025-08-18 21:11:57,496 INFO  ExportHelperExtension.cs: 1145 - Found 0 features of type [RefAxis] in wheel assembly-1
2025-08-18 21:11:57,496 INFO  ExportHelperExtension.cs: 1125 - Retrieving features of type [RefAxis] from upperstrut-2
2025-08-18 21:11:57,510 INFO  ExportHelperExtension.cs: 1136 - Found 32 in upperstrut-2
2025-08-18 21:11:57,511 INFO  ExportHelperExtension.cs: 1145 - Found 0 features of type [RefAxis] in upperstrut-2
2025-08-18 21:11:57,511 INFO  ExportHelperExtension.cs: 1125 - Retrieving features of type [RefAxis] from upperstrut-1
2025-08-18 21:11:57,511 INFO  ExportHelperExtension.cs: 1136 - Found 32 in upperstrut-1
2025-08-18 21:11:57,511 INFO  ExportHelperExtension.cs: 1145 - Found 0 features of type [RefAxis] in upperstrut-1
2025-08-18 21:11:57,512 INFO  ExportHelperExtension.cs: 1125 - Retrieving features of type [RefAxis] from wheel assembly-3
2025-08-18 21:11:57,512 INFO  ExportHelperExtension.cs: 1136 - Found 96 in wheel assembly-3
2025-08-18 21:11:57,512 INFO  ExportHelperExtension.cs: 1145 - Found 0 features of type [RefAxis] in wheel assembly-3
2025-08-18 21:11:57,569 INFO  ExportPropertyManager.cs: 1142 - AfterClose called. This method no longer throws an Exception. It just silently does nothing. Ok, except for this logging message
2025-08-18 21:16:43,157 INFO  AssemblyExportForm.cs: 253 - Completing URDF export
2025-08-18 21:16:43,164 INFO  ConfigurationSerialization.cs: 276 - URDF Configuration found
<Link z:Id="i1" xmlns="http://schemas.datacontract.org/2004/07/SW2URDF" xmlns:i="http://www.w3.org/2001/XMLSchema-instance" xmlns:z="http://schemas.microsoft.com/2003/10/Serialization/"><Attributes><Attribute z:Id="i2"><AttributeType>name</AttributeType><IsRequired>true</IsRequired><Value i:type="a:string" xmlns:a="http://www.w3.org/2001/XMLSchema">base_Link</Value></Attribute></Attributes><ChildElements><URDFElement z:Id="i3" i:type="Inertial"><Attributes/><ChildElements><URDFElement z:Id="i4" i:type="Origin"><Attributes><Attribute z:Id="i5"><AttributeType>xyz</AttributeType><IsRequired>true</IsRequired><Value i:type="a:ArrayOfdouble" xmlns:a="http://schemas.microsoft.com/2003/10/Serialization/Arrays"><a:double>0.0018334</a:double><a:double>-0.0042155</a:double><a:double>0.20822</a:double></Value></Attribute><Attribute z:Id="i6"><AttributeType>rpy</AttributeType><IsRequired>true</IsRequired><Value i:type="a:ArrayOfdouble" xmlns:a="http://schemas.microsoft.com/2003/10/Serialization/Arrays"><a:double>0</a:double><a:double>0</a:double><a:double>0</a:double></Value></Attribute></Attributes><ChildElements/><ElementName>origin</ElementName><required>false</required><RPYAttribute z:Ref="i6"/><XYZAttribute z:Ref="i5"/><isCustomized>false</isCustomized></URDFElement><URDFElement z:Id="i7" i:type="Mass"><Attributes><Attribute z:Id="i8"><AttributeType>value</AttributeType><IsRequired>true</IsRequired><Value i:type="a:double" xmlns:a="http://www.w3.org/2001/XMLSchema">0.57022</Value></Attribute></Attributes><ChildElements/><ElementName>mass</ElementName><required>false</required><ValueAttribute z:Ref="i8"/></URDFElement><URDFElement z:Id="i9" i:type="Inertia"><Attributes><Attribute z:Id="i10"><AttributeType>ixx</AttributeType><IsRequired>true</IsRequired><Value i:type="a:double" xmlns:a="http://www.w3.org/2001/XMLSchema">0.00030247</Value></Attribute><Attribute z:Id="i11"><AttributeType>ixy</AttributeType><IsRequired>true</IsRequired><Value i:type="a:double" xmlns:a="http://www.w3.org/2001/XMLSchema">-1.4512E-08</Value></Attribute><Attribute z:Id="i12"><AttributeType>ixz</AttributeType><IsRequired>true</IsRequired><Value i:type="a:double" xmlns:a="http://www.w3.org/2001/XMLSchema">-1.4229E-11</Value></Attribute><Attribute z:Id="i13"><AttributeType>iyy</AttributeType><IsRequired>true</IsRequired><Value i:type="a:double" xmlns:a="http://www.w3.org/2001/XMLSchema">0.00032529</Value></Attribute><Attribute z:Id="i14"><AttributeType>iyz</AttributeType><IsRequired>true</IsRequired><Value i:type="a:double" xmlns:a="http://www.w3.org/2001/XMLSchema">5.6387E-07</Value></Attribute><Attribute z:Id="i15"><AttributeType>izz</AttributeType><IsRequired>true</IsRequired><Value i:type="a:double" xmlns:a="http://www.w3.org/2001/XMLSchema">0.00055201</Value></Attribute></Attributes><ChildElements/><ElementName>inertia</ElementName><required>false</required><IxxAttribute z:Ref="i10"/><IxyAttribute z:Ref="i11"/><IxzAttribute z:Ref="i12"/><IyyAttribute z:Ref="i13"/><IyzAttribute z:Ref="i14"/><IzzAttribute z:Ref="i15"/></URDFElement></ChildElements><ElementName>inertial</ElementName><required>false</required><Inertia z:Ref="i9"/><Mass z:Ref="i7"/><Origin z:Ref="i4"/></URDFElement><URDFElement z:Id="i16" i:type="Visual"><Attributes/><ChildElements><URDFElement z:Id="i17" i:type="Origin"><Attributes><Attribute z:Id="i18"><AttributeType>xyz</AttributeType><IsRequired>true</IsRequired><Value i:type="a:ArrayOfdouble" xmlns:a="http://schemas.microsoft.com/2003/10/Serialization/Arrays"><a:double>0</a:double><a:double>0</a:double><a:double>0</a:double></Value></Attribute><Attribute z:Id="i19"><AttributeType>rpy</AttributeType><IsRequired>true</IsRequired><Value i:type="a:ArrayOfdouble" xmlns:a="http://schemas.microsoft.com/2003/10/Serialization/Arrays"><a:double>0</a:double><a:double>0</a:double><a:double>0</a:double></Value></Attribute></Attributes><ChildElements/><ElementName>origin</ElementName><required>false</required><RPYAttribute z:Ref="i19"/><XYZAttribute z:Ref="i18"/><isCustomized>false</isCustomized></URDFElement><URDFElement z:Id="i20" i:type="Geometry"><Attributes/><ChildElements><URDFElement z:Id="i21" i:type="Mesh"><Attributes><Attribute z:Id="i22"><AttributeType>filename</AttributeType><IsRequired>true</IsRequired><Value i:nil="true"/></Attribute></Attributes><ChildElements/><ElementName>mesh</ElementName><required>false</required><FilenameAttribute z:Ref="i22"/></URDFElement></ChildElements><ElementName>geometry</ElementName><required>true</required><Mesh z:Ref="i21"/></URDFElement><URDFElement z:Id="i23" i:type="Material"><Attributes><Attribute z:Id="i24"><AttributeType>name</AttributeType><IsRequired>true</IsRequired><Value i:type="a:string" xmlns:a="http://www.w3.org/2001/XMLSchema"/></Attribute></Attributes><ChildElements><URDFElement z:Id="i25" i:type="Color"><Attributes><Attribute z:Id="i26"><AttributeType>rgba</AttributeType><IsRequired>true</IsRequired><Value i:type="a:ArrayOfdouble" xmlns:a="http://schemas.microsoft.com/2003/10/Serialization/Arrays"><a:double>1</a:double><a:double>1</a:double><a:double>1</a:double><a:double>1</a:double></Value></Attribute></Attributes><ChildElements/><ElementName>color</ElementName><required>false</required><RGBAAttribute z:Ref="i26"/></URDFElement><URDFElement z:Id="i27" i:type="Texture"><Attributes><Attribute z:Id="i28"><AttributeType>filename</AttributeType><IsRequired>true</IsRequired><Value i:nil="true"/></Attribute></Attributes><ChildElements/><ElementName>texture</ElementName><required>false</required><FilenameAttribute z:Ref="i28"/><wFilename/></URDFElement></ChildElements><ElementName>material</ElementName><required>false</required><Color z:Ref="i25"/><NameAttribute z:Ref="i24"/><Texture z:Ref="i27"/></URDFElement></ChildElements><ElementName>visual</ElementName><required>false</required><Geometry z:Ref="i20"/><Material z:Ref="i23"/><Origin z:Ref="i17"/></URDFElement><URDFElement z:Id="i29" i:type="Collision"><Attributes/><ChildElements><URDFElement z:Id="i30" i:type="Origin"><Attributes><Attribute z:Id="i31"><AttributeType>xyz</AttributeType><IsRequired>true</IsRequired><Value i:type="a:ArrayOfdouble" xmlns:a="http://schemas.microsoft.com/2003/10/Serialization/Arrays"><a:double>0</a:double><a:double>0</a:double><a:double>0</a:double></Value></Attribute><Attribute z:Id="i32"><AttributeType>rpy</AttributeType><IsRequired>true</IsRequired><Value i:type="a:ArrayOfdouble" xmlns:a="http://schemas.microsoft.com/2003/10/Serialization/Arrays"><a:double>0</a:double><a:double>0</a:double><a:double>0</a:double></Value></Attribute></Attributes><ChildElements/><ElementName>origin</ElementName><required>false</required><RPYAttribute z:Ref="i32"/><XYZAttribute z:Ref="i31"/><isCustomized>false</isCustomized></URDFElement><URDFElement z:Id="i33" i:type="Geometry"><Attributes/><ChildElements><URDFElement z:Id="i34" i:type="Mesh"><Attributes><Attribute z:Id="i35"><AttributeType>filename</AttributeType><IsRequired>true</IsRequired><Value i:nil="true"/></Attribute></Attributes><ChildElements/><ElementName>mesh</ElementName><required>false</required><FilenameAttribute z:Ref="i35"/></URDFElement></ChildElements><ElementName>geometry</ElementName><required>true</required><Mesh z:Ref="i34"/></URDFElement></ChildElements><ElementName>collision</ElementName><required>false</required><Geometry z:Ref="i33"/><Origin z:Ref="i30"/></URDFElement><URDFElement z:Id="i36" i:type="Joint"><Attributes><Attribute z:Id="i37"><AttributeType>name</AttributeType><IsRequired>true</IsRequired><Value i:type="a:string" xmlns:a="http://www.w3.org/2001/XMLSchema"/></Attribute><Attribute z:Id="i38"><AttributeType>type</AttributeType><IsRequired>true</IsRequired><Value i:type="a:string" xmlns:a="http://www.w3.org/2001/XMLSchema"/></Attribute></Attributes><ChildElements><URDFElement z:Id="i39" i:type="Origin"><Attributes><Attribute z:Id="i40"><AttributeType>xyz</AttributeType><IsRequired>true</IsRequired><Value i:type="a:ArrayOfdouble" xmlns:a="http://schemas.microsoft.com/2003/10/Serialization/Arrays"><a:double>0</a:double><a:double>0</a:double><a:double>0</a:double></Value></Attribute><Attribute z:Id="i41"><AttributeType>rpy</AttributeType><IsRequired>true</IsRequired><Value i:type="a:ArrayOfdouble" xmlns:a="http://schemas.microsoft.com/2003/10/Serialization/Arrays"><a:double>0</a:double><a:double>0</a:double><a:double>0</a:double></Value></Attribute></Attributes><ChildElements/><ElementName>origin</ElementName><required>false</required><RPYAttribute z:Ref="i41"/><XYZAttribute z:Ref="i40"/><isCustomized>false</isCustomized></URDFElement><URDFElement z:Id="i42" i:type="ParentLink"><Attributes><Attribute z:Id="i43"><AttributeType>link</AttributeType><IsRequired>true</IsRequired><Value i:type="a:string" xmlns:a="http://www.w3.org/2001/XMLSchema"/></Attribute></Attributes><ChildElements/><ElementName>parent</ElementName><required>true</required><NameAttribute z:Ref="i43"/></URDFElement><URDFElement z:Id="i44" i:type="ChildLink"><Attributes><Attribute z:Id="i45"><AttributeType>link</AttributeType><IsRequired>true</IsRequired><Value i:type="a:string" xmlns:a="http://www.w3.org/2001/XMLSchema"/></Attribute></Attributes><ChildElements/><ElementName>child</ElementName><required>true</required><NameAttribute z:Ref="i45"/></URDFElement><URDFElement z:Id="i46" i:type="Axis"><Attributes><Attribute z:Id="i47"><AttributeType>xyz</AttributeType><IsRequired>true</IsRequired><Value i:type="a:ArrayOfdouble" xmlns:a="http://schemas.microsoft.com/2003/10/Serialization/Arrays"><a:double>0</a:double><a:double>0</a:double><a:double>0</a:double></Value></Attribute></Attributes><ChildElements/><ElementName>axis</ElementName><required>false</required><XYZAttribute z:Ref="i47"/></URDFElement><URDFElement z:Id="i48" i:type="Limit"><Attributes><Attribute z:Id="i49"><AttributeType>lower</AttributeType><IsRequired>false</IsRequired><Value i:nil="true"/></Attribute><Attribute z:Id="i50"><AttributeType>upper</AttributeType><IsRequired>false</IsRequired><Value i:nil="true"/></Attribute><Attribute z:Id="i51"><AttributeType>effort</AttributeType><IsRequired>true</IsRequired><Value i:nil="true"/></Attribute><Attribute z:Id="i52"><AttributeType>velocity</AttributeType><IsRequired>true</IsRequired><Value i:nil="true"/></Attribute></Attributes><ChildElements/><ElementName>limit</ElementName><required>false</required><EffortAttribute z:Ref="i51"/><LowerAttribute z:Ref="i49"/><UpperAttribute z:Ref="i50"/><VelocityAttribute z:Ref="i52"/></URDFElement><URDFElement z:Id="i53" i:type="Calibration"><Attributes><Attribute z:Id="i54"><AttributeType>rising</AttributeType><IsRequired>false</IsRequired><Value i:nil="true"/></Attribute><Attribute z:Id="i55"><AttributeType>falling</AttributeType><IsRequired>false</IsRequired><Value i:nil="true"/></Attribute></Attributes><ChildElements/><ElementName>calibration</ElementName><required>false</required><FallingAttribute z:Ref="i55"/><RisingAttribute z:Ref="i54"/></URDFElement><URDFElement z:Id="i56" i:type="Dynamics"><Attributes><Attribute z:Id="i57"><AttributeType>damping</AttributeType><IsRequired>false</IsRequired><Value i:nil="true"/></Attribute><Attribute z:Id="i58"><AttributeType>friction</AttributeType><IsRequired>false</IsRequired><Value i:nil="true"/></Attribute></Attributes><ChildElements/><ElementName>dynamics</ElementName><required>false</required><DampingAttribute z:Ref="i57"/><FrictionAttribute z:Ref="i58"/></URDFElement><URDFElement z:Id="i59" i:type="SafetyController"><Attributes><Attribute z:Id="i60"><AttributeType>soft_upper_limit</AttributeType><IsRequired>false</IsRequired><Value i:nil="true"/></Attribute><Attribute z:Id="i61"><AttributeType>soft_lower_limit</AttributeType><IsRequired>false</IsRequired><Value i:nil="true"/></Attribute><Attribute z:Id="i62"><AttributeType>k_position</AttributeType><IsRequired>false</IsRequired><Value i:nil="true"/></Attribute><Attribute z:Id="i63"><AttributeType>k_velocity</AttributeType><IsRequired>true</IsRequired><Value i:nil="true"/></Attribute></Attributes><ChildElements/><ElementName>safety_controller</ElementName><required>false</required><KPositionAttribute z:Ref="i62"/><KVelocityAttribute z:Ref="i63"/><SoftLowerAttribute z:Ref="i61"/><SoftUpperAttribute z:Ref="i60"/></URDFElement><URDFElement z:Id="i64" i:type="Mimic"><Attributes><Attribute z:Id="i65"><AttributeType>joint</AttributeType><IsRequired>true</IsRequired><Value i:nil="true"/></Attribute><Attribute z:Id="i66"><AttributeType>multiplier</AttributeType><IsRequired>false</IsRequired><Value i:nil="true"/></Attribute><Attribute z:Id="i67"><AttributeType>offset</AttributeType><IsRequired>false</IsRequired><Value i:nil="true"/></Attribute></Attributes><ChildElements/><ElementName>mimic</ElementName><required>false</required><JointNameAttribute z:Ref="i65"/><MultiplierAttribute z:Ref="i66"/><OffsetAttribute z:Ref="i67"/></URDFElement></ChildElements><ElementName>joint</ElementName><required>false</required><Axis z:Ref="i46"/><AxisName/><Calibration z:Ref="i53"/><Child z:Ref="i44"/><CoordinateSystemName>?????????1</CoordinateSystemName><Dynamics z:Ref="i56"/><Limit z:Ref="i48"/><Mimic z:Ref="i64"/><NameAttribute z:Ref="i37"/><Origin z:Ref="i39"/><Parent z:Ref="i42"/><Safety z:Ref="i59"/><TypeAttribute z:Ref="i38"/></URDFElement></ChildElements><ElementName>link</ElementName><required>true</required><Children><Link z:Id="i68"><Attributes><Attribute z:Id="i69"><AttributeType>name</AttributeType><IsRequired>true</IsRequired><Value i:type="a:string" xmlns:a="http://www.w3.org/2001/XMLSchema">wheel_0_Link</Value></Attribute></Attributes><ChildElements><URDFElement z:Id="i70" i:type="Inertial"><Attributes/><ChildElements><URDFElement z:Id="i71" i:type="Origin"><Attributes><Attribute z:Id="i72"><AttributeType>xyz</AttributeType><IsRequired>true</IsRequired><Value i:type="a:ArrayOfdouble" xmlns:a="http://schemas.microsoft.com/2003/10/Serialization/Arrays"><a:double>-2.6664E-06</a:double><a:double>-0.00078965</a:double><a:double>3.6623E-06</a:double></Value></Attribute><Attribute z:Id="i73"><AttributeType>rpy</AttributeType><IsRequired>true</IsRequired><Value i:type="a:ArrayOfdouble" xmlns:a="http://schemas.microsoft.com/2003/10/Serialization/Arrays"><a:double>0</a:double><a:double>0</a:double><a:double>0</a:double></Value></Attribute></Attributes><ChildElements/><ElementName>origin</ElementName><required>false</required><RPYAttribute z:Ref="i73"/><XYZAttribute z:Ref="i72"/><isCustomized>false</isCustomized></URDFElement><URDFElement z:Id="i74" i:type="Mass"><Attributes><Attribute z:Id="i75"><AttributeType>value</AttributeType><IsRequired>true</IsRequired><Value i:type="a:double" xmlns:a="http://www.w3.org/2001/XMLSchema">0.02299</Value></Attribute></Attributes><ChildElements/><ElementName>mass</ElementName><required>false</required><ValueAttribute z:Ref="i75"/></URDFElement><URDFElement z:Id="i76" i:type="Inertia"><Attributes><Attribute z:Id="i77"><AttributeType>ixx</AttributeType><IsRequired>true</IsRequired><Value i:type="a:double" xmlns:a="http://www.w3.org/2001/XMLSchema">2.5133E-06</Value></Attribute><Attribute z:Id="i78"><AttributeType>ixy</AttributeType><IsRequired>true</IsRequired><Value i:type="a:double" xmlns:a="http://www.w3.org/2001/XMLSchema">1.7743E-16</Value></Attribute><Attribute z:Id="i79"><AttributeType>ixz</AttributeType><IsRequired>true</IsRequired><Value i:type="a:double" xmlns:a="http://www.w3.org/2001/XMLSchema">-1.1098E-17</Value></Attribute><Attribute z:Id="i80"><AttributeType>iyy</AttributeType><IsRequired>true</IsRequired><Value i:type="a:double" xmlns:a="http://www.w3.org/2001/XMLSchema">4.7981E-06</Value></Attribute><Attribute z:Id="i81"><AttributeType>iyz</AttributeType><IsRequired>true</IsRequired><Value i:type="a:double" xmlns:a="http://www.w3.org/2001/XMLSchema">2.7395E-17</Value></Attribute><Attribute z:Id="i82"><AttributeType>izz</AttributeType><IsRequired>true</IsRequired><Value i:type="a:double" xmlns:a="http://www.w3.org/2001/XMLSchema">2.5133E-06</Value></Attribute></Attributes><ChildElements/><ElementName>inertia</ElementName><required>false</required><IxxAttribute z:Ref="i77"/><IxyAttribute z:Ref="i78"/><IxzAttribute z:Ref="i79"/><IyyAttribute z:Ref="i80"/><IyzAttribute z:Ref="i81"/><IzzAttribute z:Ref="i82"/></URDFElement></ChildElements><ElementName>inertial</ElementName><required>false</required><Inertia z:Ref="i76"/><Mass z:Ref="i74"/><Origin z:Ref="i71"/></URDFElement><URDFElement z:Id="i83" i:type="Visual"><Attributes/><ChildElements><URDFElement z:Id="i84" i:type="Origin"><Attributes><Attribute z:Id="i85"><AttributeType>xyz</AttributeType><IsRequired>true</IsRequired><Value i:type="a:ArrayOfdouble" xmlns:a="http://schemas.microsoft.com/2003/10/Serialization/Arrays"><a:double>0</a:double><a:double>0</a:double><a:double>0</a:double></Value></Attribute><Attribute z:Id="i86"><AttributeType>rpy</AttributeType><IsRequired>true</IsRequired><Value i:type="a:ArrayOfdouble" xmlns:a="http://schemas.microsoft.com/2003/10/Serialization/Arrays"><a:double>0</a:double><a:double>0</a:double><a:double>0</a:double></Value></Attribute></Attributes><ChildElements/><ElementName>origin</ElementName><required>false</required><RPYAttribute z:Ref="i86"/><XYZAttribute z:Ref="i85"/><isCustomized>false</isCustomized></URDFElement><URDFElement z:Id="i87" i:type="Geometry"><Attributes/><ChildElements><URDFElement z:Id="i88" i:type="Mesh"><Attributes><Attribute z:Id="i89"><AttributeType>filename</AttributeType><IsRequired>true</IsRequired><Value i:nil="true"/></Attribute></Attributes><ChildElements/><ElementName>mesh</ElementName><required>false</required><FilenameAttribute z:Ref="i89"/></URDFElement></ChildElements><ElementName>geometry</ElementName><required>true</required><Mesh z:Ref="i88"/></URDFElement><URDFElement z:Id="i90" i:type="Material"><Attributes><Attribute z:Id="i91"><AttributeType>name</AttributeType><IsRequired>true</IsRequired><Value i:type="a:string" xmlns:a="http://www.w3.org/2001/XMLSchema"/></Attribute></Attributes><ChildElements><URDFElement z:Id="i92" i:type="Color"><Attributes><Attribute z:Id="i93"><AttributeType>rgba</AttributeType><IsRequired>true</IsRequired><Value i:type="a:ArrayOfdouble" xmlns:a="http://schemas.microsoft.com/2003/10/Serialization/Arrays"><a:double>1</a:double><a:double>1</a:double><a:double>1</a:double><a:double>1</a:double></Value></Attribute></Attributes><ChildElements/><ElementName>color</ElementName><required>false</required><RGBAAttribute z:Ref="i93"/></URDFElement><URDFElement z:Id="i94" i:type="Texture"><Attributes><Attribute z:Id="i95"><AttributeType>filename</AttributeType><IsRequired>true</IsRequired><Value i:nil="true"/></Attribute></Attributes><ChildElements/><ElementName>texture</ElementName><required>false</required><FilenameAttribute z:Ref="i95"/><wFilename/></URDFElement></ChildElements><ElementName>material</ElementName><required>false</required><Color z:Ref="i92"/><NameAttribute z:Ref="i91"/><Texture z:Ref="i94"/></URDFElement></ChildElements><ElementName>visual</ElementName><required>false</required><Geometry z:Ref="i87"/><Material z:Ref="i90"/><Origin z:Ref="i84"/></URDFElement><URDFElement z:Id="i96" i:type="Collision"><Attributes/><ChildElements><URDFElement z:Id="i97" i:type="Origin"><Attributes><Attribute z:Id="i98"><AttributeType>xyz</AttributeType><IsRequired>true</IsRequired><Value i:type="a:ArrayOfdouble" xmlns:a="http://schemas.microsoft.com/2003/10/Serialization/Arrays"><a:double>0</a:double><a:double>0</a:double><a:double>0</a:double></Value></Attribute><Attribute z:Id="i99"><AttributeType>rpy</AttributeType><IsRequired>true</IsRequired><Value i:type="a:ArrayOfdouble" xmlns:a="http://schemas.microsoft.com/2003/10/Serialization/Arrays"><a:double>0</a:double><a:double>0</a:double><a:double>0</a:double></Value></Attribute></Attributes><ChildElements/><ElementName>origin</ElementName><required>false</required><RPYAttribute z:Ref="i99"/><XYZAttribute z:Ref="i98"/><isCustomized>false</isCustomized></URDFElement><URDFElement z:Id="i100" i:type="Geometry"><Attributes/><ChildElements><URDFElement z:Id="i101" i:type="Mesh"><Attributes><Attribute z:Id="i102"><AttributeType>filename</AttributeType><IsRequired>true</IsRequired><Value i:nil="true"/></Attribute></Attributes><ChildElements/><ElementName>mesh</ElementName><required>false</required><FilenameAttribute z:Ref="i102"/></URDFElement></ChildElements><ElementName>geometry</ElementName><required>true</required><Mesh z:Ref="i101"/></URDFElement></ChildElements><ElementName>collision</ElementName><required>false</required><Geometry z:Ref="i100"/><Origin z:Ref="i97"/></URDFElement><URDFElement z:Id="i103" i:type="Joint"><Attributes><Attribute z:Id="i104"><AttributeType>name</AttributeType><IsRequired>true</IsRequired><Value i:type="a:string" xmlns:a="http://www.w3.org/2001/XMLSchema">wheel_0_Joint</Value></Attribute><Attribute z:Id="i105"><AttributeType>type</AttributeType><IsRequired>true</IsRequired><Value i:type="a:string" xmlns:a="http://www.w3.org/2001/XMLSchema">continuous</Value></Attribute></Attributes><ChildElements><URDFElement z:Id="i106" i:type="Origin"><Attributes><Attribute z:Id="i107"><AttributeType>xyz</AttributeType><IsRequired>true</IsRequired><Value i:type="a:ArrayOfdouble" xmlns:a="http://schemas.microsoft.com/2003/10/Serialization/Arrays"><a:double>-0.065162</a:double><a:double>-0.2005</a:double><a:double>0.047496</a:double></Value></Attribute><Attribute z:Id="i108"><AttributeType>rpy</AttributeType><IsRequired>true</IsRequired><Value i:type="a:ArrayOfdouble" xmlns:a="http://schemas.microsoft.com/2003/10/Serialization/Arrays"><a:double>1.5708</a:double><a:double>-1.0123</a:double><a:double>0</a:double></Value></Attribute></Attributes><ChildElements/><ElementName>origin</ElementName><required>false</required><RPYAttribute z:Ref="i108"/><XYZAttribute z:Ref="i107"/><isCustomized>false</isCustomized></URDFElement><URDFElement z:Id="i109" i:type="ParentLink"><Attributes><Attribute z:Id="i110"><AttributeType>link</AttributeType><IsRequired>true</IsRequired><Value i:type="a:string" xmlns:a="http://www.w3.org/2001/XMLSchema">base_Link</Value></Attribute></Attributes><ChildElements/><ElementName>parent</ElementName><required>true</required><NameAttribute z:Ref="i110"/></URDFElement><URDFElement z:Id="i111" i:type="ChildLink"><Attributes><Attribute z:Id="i112"><AttributeType>link</AttributeType><IsRequired>true</IsRequired><Value i:type="a:string" xmlns:a="http://www.w3.org/2001/XMLSchema">wheel_0_Link</Value></Attribute></Attributes><ChildElements/><ElementName>child</ElementName><required>true</required><NameAttribute z:Ref="i112"/></URDFElement><URDFElement z:Id="i113" i:type="Axis"><Attributes><Attribute z:Id="i114"><AttributeType>xyz</AttributeType><IsRequired>true</IsRequired><Value i:type="a:ArrayOfdouble" xmlns:a="http://schemas.microsoft.com/2003/10/Serialization/Arrays"><a:double>0</a:double><a:double>1</a:double><a:double>0</a:double></Value></Attribute></Attributes><ChildElements/><ElementName>axis</ElementName><required>false</required><XYZAttribute z:Ref="i114"/></URDFElement><URDFElement z:Id="i115" i:type="Limit"><Attributes><Attribute z:Id="i116"><AttributeType>lower</AttributeType><IsRequired>false</IsRequired><Value i:nil="true"/></Attribute><Attribute z:Id="i117"><AttributeType>upper</AttributeType><IsRequired>false</IsRequired><Value i:nil="true"/></Attribute><Attribute z:Id="i118"><AttributeType>effort</AttributeType><IsRequired>true</IsRequired><Value i:nil="true"/></Attribute><Attribute z:Id="i119"><AttributeType>velocity</AttributeType><IsRequired>true</IsRequired><Value i:nil="true"/></Attribute></Attributes><ChildElements/><ElementName>limit</ElementName><required>false</required><EffortAttribute z:Ref="i118"/><LowerAttribute z:Ref="i116"/><UpperAttribute z:Ref="i117"/><VelocityAttribute z:Ref="i119"/></URDFElement><URDFElement z:Id="i120" i:type="Calibration"><Attributes><Attribute z:Id="i121"><AttributeType>rising</AttributeType><IsRequired>false</IsRequired><Value i:nil="true"/></Attribute><Attribute z:Id="i122"><AttributeType>falling</AttributeType><IsRequired>false</IsRequired><Value i:nil="true"/></Attribute></Attributes><ChildElements/><ElementName>calibration</ElementName><required>false</required><FallingAttribute z:Ref="i122"/><RisingAttribute z:Ref="i121"/></URDFElement><URDFElement z:Id="i123" i:type="Dynamics"><Attributes><Attribute z:Id="i124"><AttributeType>damping</AttributeType><IsRequired>false</IsRequired><Value i:nil="true"/></Attribute><Attribute z:Id="i125"><AttributeType>friction</AttributeType><IsRequired>false</IsRequired><Value i:nil="true"/></Attribute></Attributes><ChildElements/><ElementName>dynamics</ElementName><required>false</required><DampingAttribute z:Ref="i124"/><FrictionAttribute z:Ref="i125"/></URDFElement><URDFElement z:Id="i126" i:type="SafetyController"><Attributes><Attribute z:Id="i127"><AttributeType>soft_upper_limit</AttributeType><IsRequired>false</IsRequired><Value i:nil="true"/></Attribute><Attribute z:Id="i128"><AttributeType>soft_lower_limit</AttributeType><IsRequired>false</IsRequired><Value i:nil="true"/></Attribute><Attribute z:Id="i129"><AttributeType>k_position</AttributeType><IsRequired>false</IsRequired><Value i:nil="true"/></Attribute><Attribute z:Id="i130"><AttributeType>k_velocity</AttributeType><IsRequired>true</IsRequired><Value i:nil="true"/></Attribute></Attributes><ChildElements/><ElementName>safety_controller</ElementName><required>false</required><KPositionAttribute z:Ref="i129"/><KVelocityAttribute z:Ref="i130"/><SoftLowerAttribute z:Ref="i128"/><SoftUpperAttribute z:Ref="i127"/></URDFElement><URDFElement z:Id="i131" i:type="Mimic"><Attributes><Attribute z:Id="i132"><AttributeType>joint</AttributeType><IsRequired>true</IsRequired><Value i:nil="true"/></Attribute><Attribute z:Id="i133"><AttributeType>multiplier</AttributeType><IsRequired>false</IsRequired><Value i:nil="true"/></Attribute><Attribute z:Id="i134"><AttributeType>offset</AttributeType><IsRequired>false</IsRequired><Value i:nil="true"/></Attribute></Attributes><ChildElements/><ElementName>mimic</ElementName><required>false</required><JointNameAttribute z:Ref="i132"/><MultiplierAttribute z:Ref="i133"/><OffsetAttribute z:Ref="i134"/></URDFElement></ChildElements><ElementName>joint</ElementName><required>false</required><Axis z:Ref="i113"/><AxisName>?????????8</AxisName><Calibration z:Ref="i120"/><Child z:Ref="i111"/><CoordinateSystemName>?????????8</CoordinateSystemName><Dynamics z:Ref="i123"/><Limit z:Ref="i115"/><Mimic z:Ref="i131"/><NameAttribute z:Ref="i104"/><Origin z:Ref="i106"/><Parent z:Ref="i109"/><Safety z:Ref="i126"/><TypeAttribute z:Ref="i105"/></URDFElement></ChildElements><ElementName>link</ElementName><required>true</required><Children/><Collision z:Ref="i96"/><Inertial z:Ref="i70"/><Joint z:Ref="i103"/><NameAttribute z:Ref="i69"/><Parent z:Ref="i1"/><STLQualityFine>false</STLQualityFine><SWComponentPIDs xmlns:a="http://schemas.microsoft.com/2003/10/Serialization/Arrays"><a:base64Binary>mDoAAAUAAAD//v8cdwBoAGUAZQBsACAAYQBzAHMAZQBtAGIAbAB5AC0AMQBAAGEAcwBzAGUAbQBiAGwAeQAgAFYAMQAEAAAAEAAAAAEAAAABAAAAqgIAAA==</a:base64Binary></SWComponentPIDs><SWMainComponentPID i:nil="true"/><Visual z:Ref="i83"/><isFixedFrame>false</isFixedFrame><isIncomplete>false</isIncomplete></Link><Link z:Id="i135"><Attributes><Attribute z:Id="i136"><AttributeType>name</AttributeType><IsRequired>true</IsRequired><Value i:type="a:string" xmlns:a="http://www.w3.org/2001/XMLSchema">wheel_1_Link</Value></Attribute></Attributes><ChildElements><URDFElement z:Id="i137" i:type="Inertial"><Attributes/><ChildElements><URDFElement z:Id="i138" i:type="Origin"><Attributes><Attribute z:Id="i139"><AttributeType>xyz</AttributeType><IsRequired>true</IsRequired><Value i:type="a:ArrayOfdouble" xmlns:a="http://schemas.microsoft.com/2003/10/Serialization/Arrays"><a:double>2.6144E-06</a:double><a:double>-0.00078965</a:double><a:double>3.6996E-06</a:double></Value></Attribute><Attribute z:Id="i140"><AttributeType>rpy</AttributeType><IsRequired>true</IsRequired><Value i:type="a:ArrayOfdouble" xmlns:a="http://schemas.microsoft.com/2003/10/Serialization/Arrays"><a:double>0</a:double><a:double>0</a:double><a:double>0</a:double></Value></Attribute></Attributes><ChildElements/><ElementName>origin</ElementName><required>false</required><RPYAttribute z:Ref="i140"/><XYZAttribute z:Ref="i139"/><isCustomized>false</isCustomized></URDFElement><URDFElement z:Id="i141" i:type="Mass"><Attributes><Attribute z:Id="i142"><AttributeType>value</AttributeType><IsRequired>true</IsRequired><Value i:type="a:double" xmlns:a="http://www.w3.org/2001/XMLSchema">0.02299</Value></Attribute></Attributes><ChildElements/><ElementName>mass</ElementName><required>false</required><ValueAttribute z:Ref="i142"/></URDFElement><URDFElement z:Id="i143" i:type="Inertia"><Attributes><Attribute z:Id="i144"><AttributeType>ixx</AttributeType><IsRequired>true</IsRequired><Value i:type="a:double" xmlns:a="http://www.w3.org/2001/XMLSchema">2.5133E-06</Value></Attribute><Attribute z:Id="i145"><AttributeType>ixy</AttributeType><IsRequired>true</IsRequired><Value i:type="a:double" xmlns:a="http://www.w3.org/2001/XMLSchema">-2.0145E-16</Value></Attribute><Attribute z:Id="i146"><AttributeType>ixz</AttributeType><IsRequired>true</IsRequired><Value i:type="a:double" xmlns:a="http://www.w3.org/2001/XMLSchema">-4.8584E-17</Value></Attribute><Attribute z:Id="i147"><AttributeType>iyy</AttributeType><IsRequired>true</IsRequired><Value i:type="a:double" xmlns:a="http://www.w3.org/2001/XMLSchema">4.7981E-06</Value></Attribute><Attribute z:Id="i148"><AttributeType>iyz</AttributeType><IsRequired>true</IsRequired><Value i:type="a:double" xmlns:a="http://www.w3.org/2001/XMLSchema">-1.4492E-16</Value></Attribute><Attribute z:Id="i149"><AttributeType>izz</AttributeType><IsRequired>true</IsRequired><Value i:type="a:double" xmlns:a="http://www.w3.org/2001/XMLSchema">2.5133E-06</Value></Attribute></Attributes><ChildElements/><ElementName>inertia</ElementName><required>false</required><IxxAttribute z:Ref="i144"/><IxyAttribute z:Ref="i145"/><IxzAttribute z:Ref="i146"/><IyyAttribute z:Ref="i147"/><IyzAttribute z:Ref="i148"/><IzzAttribute z:Ref="i149"/></URDFElement></ChildElements><ElementName>inertial</ElementName><required>false</required><Inertia z:Ref="i143"/><Mass z:Ref="i141"/><Origin z:Ref="i138"/></URDFElement><URDFElement z:Id="i150" i:type="Visual"><Attributes/><ChildElements><URDFElement z:Id="i151" i:type="Origin"><Attributes><Attribute z:Id="i152"><AttributeType>xyz</AttributeType><IsRequired>true</IsRequired><Value i:type="a:ArrayOfdouble" xmlns:a="http://schemas.microsoft.com/2003/10/Serialization/Arrays"><a:double>0</a:double><a:double>0</a:double><a:double>0</a:double></Value></Attribute><Attribute z:Id="i153"><AttributeType>rpy</AttributeType><IsRequired>true</IsRequired><Value i:type="a:ArrayOfdouble" xmlns:a="http://schemas.microsoft.com/2003/10/Serialization/Arrays"><a:double>0</a:double><a:double>0</a:double><a:double>0</a:double></Value></Attribute></Attributes><ChildElements/><ElementName>origin</ElementName><required>false</required><RPYAttribute z:Ref="i153"/><XYZAttribute z:Ref="i152"/><isCustomized>false</isCustomized></URDFElement><URDFElement z:Id="i154" i:type="Geometry"><Attributes/><ChildElements><URDFElement z:Id="i155" i:type="Mesh"><Attributes><Attribute z:Id="i156"><AttributeType>filename</AttributeType><IsRequired>true</IsRequired><Value i:nil="true"/></Attribute></Attributes><ChildElements/><ElementName>mesh</ElementName><required>false</required><FilenameAttribute z:Ref="i156"/></URDFElement></ChildElements><ElementName>geometry</ElementName><required>true</required><Mesh z:Ref="i155"/></URDFElement><URDFElement z:Id="i157" i:type="Material"><Attributes><Attribute z:Id="i158"><AttributeType>name</AttributeType><IsRequired>true</IsRequired><Value i:type="a:string" xmlns:a="http://www.w3.org/2001/XMLSchema"/></Attribute></Attributes><ChildElements><URDFElement z:Id="i159" i:type="Color"><Attributes><Attribute z:Id="i160"><AttributeType>rgba</AttributeType><IsRequired>true</IsRequired><Value i:type="a:ArrayOfdouble" xmlns:a="http://schemas.microsoft.com/2003/10/Serialization/Arrays"><a:double>1</a:double><a:double>1</a:double><a:double>1</a:double><a:double>1</a:double></Value></Attribute></Attributes><ChildElements/><ElementName>color</ElementName><required>false</required><RGBAAttribute z:Ref="i160"/></URDFElement><URDFElement z:Id="i161" i:type="Texture"><Attributes><Attribute z:Id="i162"><AttributeType>filename</AttributeType><IsRequired>true</IsRequired><Value i:nil="true"/></Attribute></Attributes><ChildElements/><ElementName>texture</ElementName><required>false</required><FilenameAttribute z:Ref="i162"/><wFilename/></URDFElement></ChildElements><ElementName>material</ElementName><required>false</required><Color z:Ref="i159"/><NameAttribute z:Ref="i158"/><Texture z:Ref="i161"/></URDFElement></ChildElements><ElementName>visual</ElementName><required>false</required><Geometry z:Ref="i154"/><Material z:Ref="i157"/><Origin z:Ref="i151"/></URDFElement><URDFElement z:Id="i163" i:type="Collision"><Attributes/><ChildElements><URDFElement z:Id="i164" i:type="Origin"><Attributes><Attribute z:Id="i165"><AttributeType>xyz</AttributeType><IsRequired>true</IsRequired><Value i:type="a:ArrayOfdouble" xmlns:a="http://schemas.microsoft.com/2003/10/Serialization/Arrays"><a:double>0</a:double><a:double>0</a:double><a:double>0</a:double></Value></Attribute><Attribute z:Id="i166"><AttributeType>rpy</AttributeType><IsRequired>true</IsRequired><Value i:type="a:ArrayOfdouble" xmlns:a="http://schemas.microsoft.com/2003/10/Serialization/Arrays"><a:double>0</a:double><a:double>0</a:double><a:double>0</a:double></Value></Attribute></Attributes><ChildElements/><ElementName>origin</ElementName><required>false</required><RPYAttribute z:Ref="i166"/><XYZAttribute z:Ref="i165"/><isCustomized>false</isCustomized></URDFElement><URDFElement z:Id="i167" i:type="Geometry"><Attributes/><ChildElements><URDFElement z:Id="i168" i:type="Mesh"><Attributes><Attribute z:Id="i169"><AttributeType>filename</AttributeType><IsRequired>true</IsRequired><Value i:nil="true"/></Attribute></Attributes><ChildElements/><ElementName>mesh</ElementName><required>false</required><FilenameAttribute z:Ref="i169"/></URDFElement></ChildElements><ElementName>geometry</ElementName><required>true</required><Mesh z:Ref="i168"/></URDFElement></ChildElements><ElementName>collision</ElementName><required>false</required><Geometry z:Ref="i167"/><Origin z:Ref="i164"/></URDFElement><URDFElement z:Id="i170" i:type="Joint"><Attributes><Attribute z:Id="i171"><AttributeType>name</AttributeType><IsRequired>true</IsRequired><Value i:type="a:string" xmlns:a="http://www.w3.org/2001/XMLSchema">wheel_1_Joint</Value></Attribute><Attribute z:Id="i172"><AttributeType>type</AttributeType><IsRequired>true</IsRequired><Value i:type="a:string" xmlns:a="http://www.w3.org/2001/XMLSchema">continuous</Value></Attribute></Attributes><ChildElements><URDFElement z:Id="i173" i:type="Origin"><Attributes><Attribute z:Id="i174"><AttributeType>xyz</AttributeType><IsRequired>true</IsRequired><Value i:type="a:ArrayOfdouble" xmlns:a="http://schemas.microsoft.com/2003/10/Serialization/Arrays"><a:double>0.06883</a:double><a:double>-0.2005</a:double><a:double>0.047496</a:double></Value></Attribute><Attribute z:Id="i175"><AttributeType>rpy</AttributeType><IsRequired>true</IsRequired><Value i:type="a:ArrayOfdouble" xmlns:a="http://schemas.microsoft.com/2003/10/Serialization/Arrays"><a:double>1.5708</a:double><a:double>1.0123</a:double><a:double>0</a:double></Value></Attribute></Attributes><ChildElements/><ElementName>origin</ElementName><required>false</required><RPYAttribute z:Ref="i175"/><XYZAttribute z:Ref="i174"/><isCustomized>false</isCustomized></URDFElement><URDFElement z:Id="i176" i:type="ParentLink"><Attributes><Attribute z:Id="i177"><AttributeType>link</AttributeType><IsRequired>true</IsRequired><Value i:type="a:string" xmlns:a="http://www.w3.org/2001/XMLSchema">base_Link</Value></Attribute></Attributes><ChildElements/><ElementName>parent</ElementName><required>true</required><NameAttribute z:Ref="i177"/></URDFElement><URDFElement z:Id="i178" i:type="ChildLink"><Attributes><Attribute z:Id="i179"><AttributeType>link</AttributeType><IsRequired>true</IsRequired><Value i:type="a:string" xmlns:a="http://www.w3.org/2001/XMLSchema">wheel_1_Link</Value></Attribute></Attributes><ChildElements/><ElementName>child</ElementName><required>true</required><NameAttribute z:Ref="i179"/></URDFElement><URDFElement z:Id="i180" i:type="Axis"><Attributes><Attribute z:Id="i181"><AttributeType>xyz</AttributeType><IsRequired>true</IsRequired><Value i:type="a:ArrayOfdouble" xmlns:a="http://schemas.microsoft.com/2003/10/Serialization/Arrays"><a:double>0</a:double><a:double>1</a:double><a:double>0</a:double></Value></Attribute></Attributes><ChildElements/><ElementName>axis</ElementName><required>false</required><XYZAttribute z:Ref="i181"/></URDFElement><URDFElement z:Id="i182" i:type="Limit"><Attributes><Attribute z:Id="i183"><AttributeType>lower</AttributeType><IsRequired>false</IsRequired><Value i:nil="true"/></Attribute><Attribute z:Id="i184"><AttributeType>upper</AttributeType><IsRequired>false</IsRequired><Value i:nil="true"/></Attribute><Attribute z:Id="i185"><AttributeType>effort</AttributeType><IsRequired>true</IsRequired><Value i:nil="true"/></Attribute><Attribute z:Id="i186"><AttributeType>velocity</AttributeType><IsRequired>true</IsRequired><Value i:nil="true"/></Attribute></Attributes><ChildElements/><ElementName>limit</ElementName><required>false</required><EffortAttribute z:Ref="i185"/><LowerAttribute z:Ref="i183"/><UpperAttribute z:Ref="i184"/><VelocityAttribute z:Ref="i186"/></URDFElement><URDFElement z:Id="i187" i:type="Calibration"><Attributes><Attribute z:Id="i188"><AttributeType>rising</AttributeType><IsRequired>false</IsRequired><Value i:nil="true"/></Attribute><Attribute z:Id="i189"><AttributeType>falling</AttributeType><IsRequired>false</IsRequired><Value i:nil="true"/></Attribute></Attributes><ChildElements/><ElementName>calibration</ElementName><required>false</required><FallingAttribute z:Ref="i189"/><RisingAttribute z:Ref="i188"/></URDFElement><URDFElement z:Id="i190" i:type="Dynamics"><Attributes><Attribute z:Id="i191"><AttributeType>damping</AttributeType><IsRequired>false</IsRequired><Value i:nil="true"/></Attribute><Attribute z:Id="i192"><AttributeType>friction</AttributeType><IsRequired>false</IsRequired><Value i:nil="true"/></Attribute></Attributes><ChildElements/><ElementName>dynamics</ElementName><required>false</required><DampingAttribute z:Ref="i191"/><FrictionAttribute z:Ref="i192"/></URDFElement><URDFElement z:Id="i193" i:type="SafetyController"><Attributes><Attribute z:Id="i194"><AttributeType>soft_upper_limit</AttributeType><IsRequired>false</IsRequired><Value i:nil="true"/></Attribute><Attribute z:Id="i195"><AttributeType>soft_lower_limit</AttributeType><IsRequired>false</IsRequired><Value i:nil="true"/></Attribute><Attribute z:Id="i196"><AttributeType>k_position</AttributeType><IsRequired>false</IsRequired><Value i:nil="true"/></Attribute><Attribute z:Id="i197"><AttributeType>k_velocity</AttributeType><IsRequired>true</IsRequired><Value i:nil="true"/></Attribute></Attributes><ChildElements/><ElementName>safety_controller</ElementName><required>false</required><KPositionAttribute z:Ref="i196"/><KVelocityAttribute z:Ref="i197"/><SoftLowerAttribute z:Ref="i195"/><SoftUpperAttribute z:Ref="i194"/></URDFElement><URDFElement z:Id="i198" i:type="Mimic"><Attributes><Attribute z:Id="i199"><AttributeType>joint</AttributeType><IsRequired>true</IsRequired><Value i:nil="true"/></Attribute><Attribute z:Id="i200"><AttributeType>multiplier</AttributeType><IsRequired>false</IsRequired><Value i:nil="true"/></Attribute><Attribute z:Id="i201"><AttributeType>offset</AttributeType><IsRequired>false</IsRequired><Value i:nil="true"/></Attribute></Attributes><ChildElements/><ElementName>mimic</ElementName><required>false</required><JointNameAttribute z:Ref="i199"/><MultiplierAttribute z:Ref="i200"/><OffsetAttribute z:Ref="i201"/></URDFElement></ChildElements><ElementName>joint</ElementName><required>false</required><Axis z:Ref="i180"/><AxisName>?????????3</AxisName><Calibration z:Ref="i187"/><Child z:Ref="i178"/><CoordinateSystemName>?????????5</CoordinateSystemName><Dynamics z:Ref="i190"/><Limit z:Ref="i182"/><Mimic z:Ref="i198"/><NameAttribute z:Ref="i171"/><Origin z:Ref="i173"/><Parent z:Ref="i176"/><Safety z:Ref="i193"/><TypeAttribute z:Ref="i172"/></URDFElement></ChildElements><ElementName>link</ElementName><required>true</required><Children/><Collision z:Ref="i163"/><Inertial z:Ref="i137"/><Joint z:Ref="i170"/><NameAttribute z:Ref="i136"/><Parent z:Ref="i1"/><STLQualityFine>false</STLQualityFine><SWComponentPIDs xmlns:a="http://schemas.microsoft.com/2003/10/Serialization/Arrays"><a:base64Binary>mDoAAAUAAAD//v8cdwBoAGUAZQBsACAAYQBzAHMAZQBtAGIAbAB5AC0AMgBAAGEAcwBzAGUAbQBiAGwAeQAgAFYAMQAEAAAAEAAAAAEAAAABAAAArwIAAA==</a:base64Binary></SWComponentPIDs><SWMainComponentPID i:nil="true"/><Visual z:Ref="i150"/><isFixedFrame>false</isFixedFrame><isIncomplete>false</isIncomplete></Link><Link z:Id="i202"><Attributes><Attribute z:Id="i203"><AttributeType>name</AttributeType><IsRequired>true</IsRequired><Value i:type="a:string" xmlns:a="http://www.w3.org/2001/XMLSchema">wheel_2_Link</Value></Attribute></Attributes><ChildElements><URDFElement z:Id="i204" i:type="Inertial"><Attributes/><ChildElements><URDFElement z:Id="i205" i:type="Origin"><Attributes><Attribute z:Id="i206"><AttributeType>xyz</AttributeType><IsRequired>true</IsRequired><Value i:type="a:ArrayOfdouble" xmlns:a="http://schemas.microsoft.com/2003/10/Serialization/Arrays"><a:double>-1.1542E-06</a:double><a:double>-0.00078965</a:double><a:double>-4.3806E-06</a:double></Value></Attribute><Attribute z:Id="i207"><AttributeType>rpy</AttributeType><IsRequired>true</IsRequired><Value i:type="a:ArrayOfdouble" xmlns:a="http://schemas.microsoft.com/2003/10/Serialization/Arrays"><a:double>0</a:double><a:double>0</a:double><a:double>0</a:double></Value></Attribute></Attributes><ChildElements/><ElementName>origin</ElementName><required>false</required><RPYAttribute z:Ref="i207"/><XYZAttribute z:Ref="i206"/><isCustomized>false</isCustomized></URDFElement><URDFElement z:Id="i208" i:type="Mass"><Attributes><Attribute z:Id="i209"><AttributeType>value</AttributeType><IsRequired>true</IsRequired><Value i:type="a:double" xmlns:a="http://www.w3.org/2001/XMLSchema">0.02299</Value></Attribute></Attributes><ChildElements/><ElementName>mass</ElementName><required>false</required><ValueAttribute z:Ref="i209"/></URDFElement><URDFElement z:Id="i210" i:type="Inertia"><Attributes><Attribute z:Id="i211"><AttributeType>ixx</AttributeType><IsRequired>true</IsRequired><Value i:type="a:double" xmlns:a="http://www.w3.org/2001/XMLSchema">2.5133E-06</Value></Attribute><Attribute z:Id="i212"><AttributeType>ixy</AttributeType><IsRequired>true</IsRequired><Value i:type="a:double" xmlns:a="http://www.w3.org/2001/XMLSchema">3.2706E-17</Value></Attribute><Attribute z:Id="i213"><AttributeType>ixz</AttributeType><IsRequired>true</IsRequired><Value i:type="a:double" xmlns:a="http://www.w3.org/2001/XMLSchema">-1.1877E-18</Value></Attribute><Attribute z:Id="i214"><AttributeType>iyy</AttributeType><IsRequired>true</IsRequired><Value i:type="a:double" xmlns:a="http://www.w3.org/2001/XMLSchema">4.7981E-06</Value></Attribute><Attribute z:Id="i215"><AttributeType>iyz</AttributeType><IsRequired>true</IsRequired><Value i:type="a:double" xmlns:a="http://www.w3.org/2001/XMLSchema">6.5586E-17</Value></Attribute><Attribute z:Id="i216"><AttributeType>izz</AttributeType><IsRequired>true</IsRequired><Value i:type="a:double" xmlns:a="http://www.w3.org/2001/XMLSchema">2.5133E-06</Value></Attribute></Attributes><ChildElements/><ElementName>inertia</ElementName><required>false</required><IxxAttribute z:Ref="i211"/><IxyAttribute z:Ref="i212"/><IxzAttribute z:Ref="i213"/><IyyAttribute z:Ref="i214"/><IyzAttribute z:Ref="i215"/><IzzAttribute z:Ref="i216"/></URDFElement></ChildElements><ElementName>inertial</ElementName><required>false</required><Inertia z:Ref="i210"/><Mass z:Ref="i208"/><Origin z:Ref="i205"/></URDFElement><URDFElement z:Id="i217" i:type="Visual"><Attributes/><ChildElements><URDFElement z:Id="i218" i:type="Origin"><Attributes><Attribute z:Id="i219"><AttributeType>xyz</AttributeType><IsRequired>true</IsRequired><Value i:type="a:ArrayOfdouble" xmlns:a="http://schemas.microsoft.com/2003/10/Serialization/Arrays"><a:double>0</a:double><a:double>0</a:double><a:double>0</a:double></Value></Attribute><Attribute z:Id="i220"><AttributeType>rpy</AttributeType><IsRequired>true</IsRequired><Value i:type="a:ArrayOfdouble" xmlns:a="http://schemas.microsoft.com/2003/10/Serialization/Arrays"><a:double>0</a:double><a:double>0</a:double><a:double>0</a:double></Value></Attribute></Attributes><ChildElements/><ElementName>origin</ElementName><required>false</required><RPYAttribute z:Ref="i220"/><XYZAttribute z:Ref="i219"/><isCustomized>false</isCustomized></URDFElement><URDFElement z:Id="i221" i:type="Geometry"><Attributes/><ChildElements><URDFElement z:Id="i222" i:type="Mesh"><Attributes><Attribute z:Id="i223"><AttributeType>filename</AttributeType><IsRequired>true</IsRequired><Value i:nil="true"/></Attribute></Attributes><ChildElements/><ElementName>mesh</ElementName><required>false</required><FilenameAttribute z:Ref="i223"/></URDFElement></ChildElements><ElementName>geometry</ElementName><required>true</required><Mesh z:Ref="i222"/></URDFElement><URDFElement z:Id="i224" i:type="Material"><Attributes><Attribute z:Id="i225"><AttributeType>name</AttributeType><IsRequired>true</IsRequired><Value i:type="a:string" xmlns:a="http://www.w3.org/2001/XMLSchema"/></Attribute></Attributes><ChildElements><URDFElement z:Id="i226" i:type="Color"><Attributes><Attribute z:Id="i227"><AttributeType>rgba</AttributeType><IsRequired>true</IsRequired><Value i:type="a:ArrayOfdouble" xmlns:a="http://schemas.microsoft.com/2003/10/Serialization/Arrays"><a:double>1</a:double><a:double>1</a:double><a:double>1</a:double><a:double>1</a:double></Value></Attribute></Attributes><ChildElements/><ElementName>color</ElementName><required>false</required><RGBAAttribute z:Ref="i227"/></URDFElement><URDFElement z:Id="i228" i:type="Texture"><Attributes><Attribute z:Id="i229"><AttributeType>filename</AttributeType><IsRequired>true</IsRequired><Value i:nil="true"/></Attribute></Attributes><ChildElements/><ElementName>texture</ElementName><required>false</required><FilenameAttribute z:Ref="i229"/><wFilename/></URDFElement></ChildElements><ElementName>material</ElementName><required>false</required><Color z:Ref="i226"/><NameAttribute z:Ref="i225"/><Texture z:Ref="i228"/></URDFElement></ChildElements><ElementName>visual</ElementName><required>false</required><Geometry z:Ref="i221"/><Material z:Ref="i224"/><Origin z:Ref="i218"/></URDFElement><URDFElement z:Id="i230" i:type="Collision"><Attributes/><ChildElements><URDFElement z:Id="i231" i:type="Origin"><Attributes><Attribute z:Id="i232"><AttributeType>xyz</AttributeType><IsRequired>true</IsRequired><Value i:type="a:ArrayOfdouble" xmlns:a="http://schemas.microsoft.com/2003/10/Serialization/Arrays"><a:double>0</a:double><a:double>0</a:double><a:double>0</a:double></Value></Attribute><Attribute z:Id="i233"><AttributeType>rpy</AttributeType><IsRequired>true</IsRequired><Value i:type="a:ArrayOfdouble" xmlns:a="http://schemas.microsoft.com/2003/10/Serialization/Arrays"><a:double>0</a:double><a:double>0</a:double><a:double>0</a:double></Value></Attribute></Attributes><ChildElements/><ElementName>origin</ElementName><required>false</required><RPYAttribute z:Ref="i233"/><XYZAttribute z:Ref="i232"/><isCustomized>false</isCustomized></URDFElement><URDFElement z:Id="i234" i:type="Geometry"><Attributes/><ChildElements><URDFElement z:Id="i235" i:type="Mesh"><Attributes><Attribute z:Id="i236"><AttributeType>filename</AttributeType><IsRequired>true</IsRequired><Value i:nil="true"/></Attribute></Attributes><ChildElements/><ElementName>mesh</ElementName><required>false</required><FilenameAttribute z:Ref="i236"/></URDFElement></ChildElements><ElementName>geometry</ElementName><required>true</required><Mesh z:Ref="i235"/></URDFElement></ChildElements><ElementName>collision</ElementName><required>false</required><Geometry z:Ref="i234"/><Origin z:Ref="i231"/></URDFElement><URDFElement z:Id="i237" i:type="Joint"><Attributes><Attribute z:Id="i238"><AttributeType>name</AttributeType><IsRequired>true</IsRequired><Value i:type="a:string" xmlns:a="http://www.w3.org/2001/XMLSchema">wheel_2_Joint</Value></Attribute><Attribute z:Id="i239"><AttributeType>type</AttributeType><IsRequired>true</IsRequired><Value i:type="a:string" xmlns:a="http://www.w3.org/2001/XMLSchema">continuous</Value></Attribute></Attributes><ChildElements><URDFElement z:Id="i240" i:type="Origin"><Attributes><Attribute z:Id="i241"><AttributeType>xyz</AttributeType><IsRequired>true</IsRequired><Value i:type="a:ArrayOfdouble" xmlns:a="http://schemas.microsoft.com/2003/10/Serialization/Arrays"><a:double>0.057695</a:double><a:double>-0.2005</a:double><a:double>-0.050229</a:double></Value></Attribute><Attribute z:Id="i242"><AttributeType>rpy</AttributeType><IsRequired>true</IsRequired><Value i:type="a:ArrayOfdouble" xmlns:a="http://schemas.microsoft.com/2003/10/Serialization/Arrays"><a:double>-1.5708</a:double><a:double>0.7854</a:double><a:double>-3.1416</a:double></Value></Attribute></Attributes><ChildElements/><ElementName>origin</ElementName><required>false</required><RPYAttribute z:Ref="i242"/><XYZAttribute z:Ref="i241"/><isCustomized>false</isCustomized></URDFElement><URDFElement z:Id="i243" i:type="ParentLink"><Attributes><Attribute z:Id="i244"><AttributeType>link</AttributeType><IsRequired>true</IsRequired><Value i:type="a:string" xmlns:a="http://www.w3.org/2001/XMLSchema">base_Link</Value></Attribute></Attributes><ChildElements/><ElementName>parent</ElementName><required>true</required><NameAttribute z:Ref="i244"/></URDFElement><URDFElement z:Id="i245" i:type="ChildLink"><Attributes><Attribute z:Id="i246"><AttributeType>link</AttributeType><IsRequired>true</IsRequired><Value i:type="a:string" xmlns:a="http://www.w3.org/2001/XMLSchema">wheel_2_Link</Value></Attribute></Attributes><ChildElements/><ElementName>child</ElementName><required>true</required><NameAttribute z:Ref="i246"/></URDFElement><URDFElement z:Id="i247" i:type="Axis"><Attributes><Attribute z:Id="i248"><AttributeType>xyz</AttributeType><IsRequired>true</IsRequired><Value i:type="a:ArrayOfdouble" xmlns:a="http://schemas.microsoft.com/2003/10/Serialization/Arrays"><a:double>0</a:double><a:double>1</a:double><a:double>0</a:double></Value></Attribute></Attributes><ChildElements/><ElementName>axis</ElementName><required>false</required><XYZAttribute z:Ref="i248"/></URDFElement><URDFElement z:Id="i249" i:type="Limit"><Attributes><Attribute z:Id="i250"><AttributeType>lower</AttributeType><IsRequired>false</IsRequired><Value i:nil="true"/></Attribute><Attribute z:Id="i251"><AttributeType>upper</AttributeType><IsRequired>false</IsRequired><Value i:nil="true"/></Attribute><Attribute z:Id="i252"><AttributeType>effort</AttributeType><IsRequired>true</IsRequired><Value i:nil="true"/></Attribute><Attribute z:Id="i253"><AttributeType>velocity</AttributeType><IsRequired>true</IsRequired><Value i:nil="true"/></Attribute></Attributes><ChildElements/><ElementName>limit</ElementName><required>false</required><EffortAttribute z:Ref="i252"/><LowerAttribute z:Ref="i250"/><UpperAttribute z:Ref="i251"/><VelocityAttribute z:Ref="i253"/></URDFElement><URDFElement z:Id="i254" i:type="Calibration"><Attributes><Attribute z:Id="i255"><AttributeType>rising</AttributeType><IsRequired>false</IsRequired><Value i:nil="true"/></Attribute><Attribute z:Id="i256"><AttributeType>falling</AttributeType><IsRequired>false</IsRequired><Value i:nil="true"/></Attribute></Attributes><ChildElements/><ElementName>calibration</ElementName><required>false</required><FallingAttribute z:Ref="i256"/><RisingAttribute z:Ref="i255"/></URDFElement><URDFElement z:Id="i257" i:type="Dynamics"><Attributes><Attribute z:Id="i258"><AttributeType>damping</AttributeType><IsRequired>false</IsRequired><Value i:nil="true"/></Attribute><Attribute z:Id="i259"><AttributeType>friction</AttributeType><IsRequired>false</IsRequired><Value i:nil="true"/></Attribute></Attributes><ChildElements/><ElementName>dynamics</ElementName><required>false</required><DampingAttribute z:Ref="i258"/><FrictionAttribute z:Ref="i259"/></URDFElement><URDFElement z:Id="i260" i:type="SafetyController"><Attributes><Attribute z:Id="i261"><AttributeType>soft_upper_limit</AttributeType><IsRequired>false</IsRequired><Value i:nil="true"/></Attribute><Attribute z:Id="i262"><AttributeType>soft_lower_limit</AttributeType><IsRequired>false</IsRequired><Value i:nil="true"/></Attribute><Attribute z:Id="i263"><AttributeType>k_position</AttributeType><IsRequired>false</IsRequired><Value i:nil="true"/></Attribute><Attribute z:Id="i264"><AttributeType>k_velocity</AttributeType><IsRequired>true</IsRequired><Value i:nil="true"/></Attribute></Attributes><ChildElements/><ElementName>safety_controller</ElementName><required>false</required><KPositionAttribute z:Ref="i263"/><KVelocityAttribute z:Ref="i264"/><SoftLowerAttribute z:Ref="i262"/><SoftUpperAttribute z:Ref="i261"/></URDFElement><URDFElement z:Id="i265" i:type="Mimic"><Attributes><Attribute z:Id="i266"><AttributeType>joint</AttributeType><IsRequired>true</IsRequired><Value i:nil="true"/></Attribute><Attribute z:Id="i267"><AttributeType>multiplier</AttributeType><IsRequired>false</IsRequired><Value i:nil="true"/></Attribute><Attribute z:Id="i268"><AttributeType>offset</AttributeType><IsRequired>false</IsRequired><Value i:nil="true"/></Attribute></Attributes><ChildElements/><ElementName>mimic</ElementName><required>false</required><JointNameAttribute z:Ref="i266"/><MultiplierAttribute z:Ref="i267"/><OffsetAttribute z:Ref="i268"/></URDFElement></ChildElements><ElementName>joint</ElementName><required>false</required><Axis z:Ref="i247"/><AxisName>?????????5</AxisName><Calibration z:Ref="i254"/><Child z:Ref="i245"/><CoordinateSystemName>?????????3</CoordinateSystemName><Dynamics z:Ref="i257"/><Limit z:Ref="i249"/><Mimic z:Ref="i265"/><NameAttribute z:Ref="i238"/><Origin z:Ref="i240"/><Parent z:Ref="i243"/><Safety z:Ref="i260"/><TypeAttribute z:Ref="i239"/></URDFElement></ChildElements><ElementName>link</ElementName><required>true</required><Children/><Collision z:Ref="i230"/><Inertial z:Ref="i204"/><Joint z:Ref="i237"/><NameAttribute z:Ref="i203"/><Parent z:Ref="i1"/><STLQualityFine>false</STLQualityFine><SWComponentPIDs xmlns:a="http://schemas.microsoft.com/2003/10/Serialization/Arrays"><a:base64Binary>mDoAAAUAAAD//v8cdwBoAGUAZQBsACAAYQBzAHMAZQBtAGIAbAB5AC0AMwBAAGEAcwBzAGUAbQBiAGwAeQAgAFYAMQAEAAAAEAAAAAEAAAABAAAAsgIAAA==</a:base64Binary></SWComponentPIDs><SWMainComponentPID i:nil="true"/><Visual z:Ref="i217"/><isFixedFrame>false</isFixedFrame><isIncomplete>false</isIncomplete></Link><Link z:Id="i269"><Attributes><Attribute z:Id="i270"><AttributeType>name</AttributeType><IsRequired>true</IsRequired><Value i:type="a:string" xmlns:a="http://www.w3.org/2001/XMLSchema">wheel_3_Link</Value></Attribute></Attributes><ChildElements><URDFElement z:Id="i271" i:type="Inertial"><Attributes/><ChildElements><URDFElement z:Id="i272" i:type="Origin"><Attributes><Attribute z:Id="i273"><AttributeType>xyz</AttributeType><IsRequired>true</IsRequired><Value i:type="a:ArrayOfdouble" xmlns:a="http://schemas.microsoft.com/2003/10/Serialization/Arrays"><a:double>-2.9604E-06</a:double><a:double>-0.00078965</a:double><a:double>3.429E-06</a:double></Value></Attribute><Attribute z:Id="i274"><AttributeType>rpy</AttributeType><IsRequired>true</IsRequired><Value i:type="a:ArrayOfdouble" xmlns:a="http://schemas.microsoft.com/2003/10/Serialization/Arrays"><a:double>0</a:double><a:double>0</a:double><a:double>0</a:double></Value></Attribute></Attributes><ChildElements/><ElementName>origin</ElementName><required>false</required><RPYAttribute z:Ref="i274"/><XYZAttribute z:Ref="i273"/><isCustomized>false</isCustomized></URDFElement><URDFElement z:Id="i275" i:type="Mass"><Attributes><Attribute z:Id="i276"><AttributeType>value</AttributeType><IsRequired>true</IsRequired><Value i:type="a:double" xmlns:a="http://www.w3.org/2001/XMLSchema">0.02299</Value></Attribute></Attributes><ChildElements/><ElementName>mass</ElementName><required>false</required><ValueAttribute z:Ref="i276"/></URDFElement><URDFElement z:Id="i277" i:type="Inertia"><Attributes><Attribute z:Id="i278"><AttributeType>ixx</AttributeType><IsRequired>true</IsRequired><Value i:type="a:double" xmlns:a="http://www.w3.org/2001/XMLSchema">2.5133E-06</Value></Attribute><Attribute z:Id="i279"><AttributeType>ixy</AttributeType><IsRequired>true</IsRequired><Value i:type="a:double" xmlns:a="http://www.w3.org/2001/XMLSchema">3.5575E-17</Value></Attribute><Attribute z:Id="i280"><AttributeType>ixz</AttributeType><IsRequired>true</IsRequired><Value i:type="a:double" xmlns:a="http://www.w3.org/2001/XMLSchema">-1.4435E-17</Value></Attribute><Attribute z:Id="i281"><AttributeType>iyy</AttributeType><IsRequired>true</IsRequired><Value i:type="a:double" xmlns:a="http://www.w3.org/2001/XMLSchema">4.7981E-06</Value></Attribute><Attribute z:Id="i282"><AttributeType>iyz</AttributeType><IsRequired>true</IsRequired><Value i:type="a:double" xmlns:a="http://www.w3.org/2001/XMLSchema">-6.407E-17</Value></Attribute><Attribute z:Id="i283"><AttributeType>izz</AttributeType><IsRequired>true</IsRequired><Value i:type="a:double" xmlns:a="http://www.w3.org/2001/XMLSchema">2.5133E-06</Value></Attribute></Attributes><ChildElements/><ElementName>inertia</ElementName><required>false</required><IxxAttribute z:Ref="i278"/><IxyAttribute z:Ref="i279"/><IxzAttribute z:Ref="i280"/><IyyAttribute z:Ref="i281"/><IyzAttribute z:Ref="i282"/><IzzAttribute z:Ref="i283"/></URDFElement></ChildElements><ElementName>inertial</ElementName><required>false</required><Inertia z:Ref="i277"/><Mass z:Ref="i275"/><Origin z:Ref="i272"/></URDFElement><URDFElement z:Id="i284" i:type="Visual"><Attributes/><ChildElements><URDFElement z:Id="i285" i:type="Origin"><Attributes><Attribute z:Id="i286"><AttributeType>xyz</AttributeType><IsRequired>true</IsRequired><Value i:type="a:ArrayOfdouble" xmlns:a="http://schemas.microsoft.com/2003/10/Serialization/Arrays"><a:double>0</a:double><a:double>0</a:double><a:double>0</a:double></Value></Attribute><Attribute z:Id="i287"><AttributeType>rpy</AttributeType><IsRequired>true</IsRequired><Value i:type="a:ArrayOfdouble" xmlns:a="http://schemas.microsoft.com/2003/10/Serialization/Arrays"><a:double>0</a:double><a:double>0</a:double><a:double>0</a:double></Value></Attribute></Attributes><ChildElements/><ElementName>origin</ElementName><required>false</required><RPYAttribute z:Ref="i287"/><XYZAttribute z:Ref="i286"/><isCustomized>false</isCustomized></URDFElement><URDFElement z:Id="i288" i:type="Geometry"><Attributes/><ChildElements><URDFElement z:Id="i289" i:type="Mesh"><Attributes><Attribute z:Id="i290"><AttributeType>filename</AttributeType><IsRequired>true</IsRequired><Value i:nil="true"/></Attribute></Attributes><ChildElements/><ElementName>mesh</ElementName><required>false</required><FilenameAttribute z:Ref="i290"/></URDFElement></ChildElements><ElementName>geometry</ElementName><required>true</required><Mesh z:Ref="i289"/></URDFElement><URDFElement z:Id="i291" i:type="Material"><Attributes><Attribute z:Id="i292"><AttributeType>name</AttributeType><IsRequired>true</IsRequired><Value i:type="a:string" xmlns:a="http://www.w3.org/2001/XMLSchema"/></Attribute></Attributes><ChildElements><URDFElement z:Id="i293" i:type="Color"><Attributes><Attribute z:Id="i294"><AttributeType>rgba</AttributeType><IsRequired>true</IsRequired><Value i:type="a:ArrayOfdouble" xmlns:a="http://schemas.microsoft.com/2003/10/Serialization/Arrays"><a:double>1</a:double><a:double>1</a:double><a:double>1</a:double><a:double>1</a:double></Value></Attribute></Attributes><ChildElements/><ElementName>color</ElementName><required>false</required><RGBAAttribute z:Ref="i294"/></URDFElement><URDFElement z:Id="i295" i:type="Texture"><Attributes><Attribute z:Id="i296"><AttributeType>filename</AttributeType><IsRequired>true</IsRequired><Value i:nil="true"/></Attribute></Attributes><ChildElements/><ElementName>texture</ElementName><required>false</required><FilenameAttribute z:Ref="i296"/><wFilename/></URDFElement></ChildElements><ElementName>material</ElementName><required>false</required><Color z:Ref="i293"/><NameAttribute z:Ref="i292"/><Texture z:Ref="i295"/></URDFElement></ChildElements><ElementName>visual</ElementName><required>false</required><Geometry z:Ref="i288"/><Material z:Ref="i291"/><Origin z:Ref="i285"/></URDFElement><URDFElement z:Id="i297" i:type="Collision"><Attributes/><ChildElements><URDFElement z:Id="i298" i:type="Origin"><Attributes><Attribute z:Id="i299"><AttributeType>xyz</AttributeType><IsRequired>true</IsRequired><Value i:type="a:ArrayOfdouble" xmlns:a="http://schemas.microsoft.com/2003/10/Serialization/Arrays"><a:double>0</a:double><a:double>0</a:double><a:double>0</a:double></Value></Attribute><Attribute z:Id="i300"><AttributeType>rpy</AttributeType><IsRequired>true</IsRequired><Value i:type="a:ArrayOfdouble" xmlns:a="http://schemas.microsoft.com/2003/10/Serialization/Arrays"><a:double>0</a:double><a:double>0</a:double><a:double>0</a:double></Value></Attribute></Attributes><ChildElements/><ElementName>origin</ElementName><required>false</required><RPYAttribute z:Ref="i300"/><XYZAttribute z:Ref="i299"/><isCustomized>false</isCustomized></URDFElement><URDFElement z:Id="i301" i:type="Geometry"><Attributes/><ChildElements><URDFElement z:Id="i302" i:type="Mesh"><Attributes><Attribute z:Id="i303"><AttributeType>filename</AttributeType><IsRequired>true</IsRequired><Value i:nil="true"/></Attribute></Attributes><ChildElements/><ElementName>mesh</ElementName><required>false</required><FilenameAttribute z:Ref="i303"/></URDFElement></ChildElements><ElementName>geometry</ElementName><required>true</required><Mesh z:Ref="i302"/></URDFElement></ChildElements><ElementName>collision</ElementName><required>false</required><Geometry z:Ref="i301"/><Origin z:Ref="i298"/></URDFElement><URDFElement z:Id="i304" i:type="Joint"><Attributes><Attribute z:Id="i305"><AttributeType>name</AttributeType><IsRequired>true</IsRequired><Value i:type="a:string" xmlns:a="http://www.w3.org/2001/XMLSchema">wheel_3_Joint</Value></Attribute><Attribute z:Id="i306"><AttributeType>type</AttributeType><IsRequired>true</IsRequired><Value i:type="a:string" xmlns:a="http://www.w3.org/2001/XMLSchema">continuous</Value></Attribute></Attributes><ChildElements><URDFElement z:Id="i307" i:type="Origin"><Attributes><Attribute z:Id="i308"><AttributeType>xyz</AttributeType><IsRequired>true</IsRequired><Value i:type="a:ArrayOfdouble" xmlns:a="http://schemas.microsoft.com/2003/10/Serialization/Arrays"><a:double>-0.054027</a:double><a:double>-0.2005</a:double><a:double>-0.050229</a:double></Value></Attribute><Attribute z:Id="i309"><AttributeType>rpy</AttributeType><IsRequired>true</IsRequired><Value i:type="a:ArrayOfdouble" xmlns:a="http://schemas.microsoft.com/2003/10/Serialization/Arrays"><a:double>-1.5708</a:double><a:double>-0.7854</a:double><a:double>3.1416</a:double></Value></Attribute></Attributes><ChildElements/><ElementName>origin</ElementName><required>false</required><RPYAttribute z:Ref="i309"/><XYZAttribute z:Ref="i308"/><isCustomized>false</isCustomized></URDFElement><URDFElement z:Id="i310" i:type="ParentLink"><Attributes><Attribute z:Id="i311"><AttributeType>link</AttributeType><IsRequired>true</IsRequired><Value i:type="a:string" xmlns:a="http://www.w3.org/2001/XMLSchema">base_Link</Value></Attribute></Attributes><ChildElements/><ElementName>parent</ElementName><required>true</required><NameAttribute z:Ref="i311"/></URDFElement><URDFElement z:Id="i312" i:type="ChildLink"><Attributes><Attribute z:Id="i313"><AttributeType>link</AttributeType><IsRequired>true</IsRequired><Value i:type="a:string" xmlns:a="http://www.w3.org/2001/XMLSchema">wheel_3_Link</Value></Attribute></Attributes><ChildElements/><ElementName>child</ElementName><required>true</required><NameAttribute z:Ref="i313"/></URDFElement><URDFElement z:Id="i314" i:type="Axis"><Attributes><Attribute z:Id="i315"><AttributeType>xyz</AttributeType><IsRequired>true</IsRequired><Value i:type="a:ArrayOfdouble" xmlns:a="http://schemas.microsoft.com/2003/10/Serialization/Arrays"><a:double>0</a:double><a:double>1</a:double><a:double>0</a:double></Value></Attribute></Attributes><ChildElements/><ElementName>axis</ElementName><required>false</required><XYZAttribute z:Ref="i315"/></URDFElement><URDFElement z:Id="i316" i:type="Limit"><Attributes><Attribute z:Id="i317"><AttributeType>lower</AttributeType><IsRequired>false</IsRequired><Value i:nil="true"/></Attribute><Attribute z:Id="i318"><AttributeType>upper</AttributeType><IsRequired>false</IsRequired><Value i:nil="true"/></Attribute><Attribute z:Id="i319"><AttributeType>effort</AttributeType><IsRequired>true</IsRequired><Value i:nil="true"/></Attribute><Attribute z:Id="i320"><AttributeType>velocity</AttributeType><IsRequired>true</IsRequired><Value i:nil="true"/></Attribute></Attributes><ChildElements/><ElementName>limit</ElementName><required>false</required><EffortAttribute z:Ref="i319"/><LowerAttribute z:Ref="i317"/><UpperAttribute z:Ref="i318"/><VelocityAttribute z:Ref="i320"/></URDFElement><URDFElement z:Id="i321" i:type="Calibration"><Attributes><Attribute z:Id="i322"><AttributeType>rising</AttributeType><IsRequired>false</IsRequired><Value i:nil="true"/></Attribute><Attribute z:Id="i323"><AttributeType>falling</AttributeType><IsRequired>false</IsRequired><Value i:nil="true"/></Attribute></Attributes><ChildElements/><ElementName>calibration</ElementName><required>false</required><FallingAttribute z:Ref="i323"/><RisingAttribute z:Ref="i322"/></URDFElement><URDFElement z:Id="i324" i:type="Dynamics"><Attributes><Attribute z:Id="i325"><AttributeType>damping</AttributeType><IsRequired>false</IsRequired><Value i:nil="true"/></Attribute><Attribute z:Id="i326"><AttributeType>friction</AttributeType><IsRequired>false</IsRequired><Value i:nil="true"/></Attribute></Attributes><ChildElements/><ElementName>dynamics</ElementName><required>false</required><DampingAttribute z:Ref="i325"/><FrictionAttribute z:Ref="i326"/></URDFElement><URDFElement z:Id="i327" i:type="SafetyController"><Attributes><Attribute z:Id="i328"><AttributeType>soft_upper_limit</AttributeType><IsRequired>false</IsRequired><Value i:nil="true"/></Attribute><Attribute z:Id="i329"><AttributeType>soft_lower_limit</AttributeType><IsRequired>false</IsRequired><Value i:nil="true"/></Attribute><Attribute z:Id="i330"><AttributeType>k_position</AttributeType><IsRequired>false</IsRequired><Value i:nil="true"/></Attribute><Attribute z:Id="i331"><AttributeType>k_velocity</AttributeType><IsRequired>true</IsRequired><Value i:nil="true"/></Attribute></Attributes><ChildElements/><ElementName>safety_controller</ElementName><required>false</required><KPositionAttribute z:Ref="i330"/><KVelocityAttribute z:Ref="i331"/><SoftLowerAttribute z:Ref="i329"/><SoftUpperAttribute z:Ref="i328"/></URDFElement><URDFElement z:Id="i332" i:type="Mimic"><Attributes><Attribute z:Id="i333"><AttributeType>joint</AttributeType><IsRequired>true</IsRequired><Value i:nil="true"/></Attribute><Attribute z:Id="i334"><AttributeType>multiplier</AttributeType><IsRequired>false</IsRequired><Value i:nil="true"/></Attribute><Attribute z:Id="i335"><AttributeType>offset</AttributeType><IsRequired>false</IsRequired><Value i:nil="true"/></Attribute></Attributes><ChildElements/><ElementName>mimic</ElementName><required>false</required><JointNameAttribute z:Ref="i333"/><MultiplierAttribute z:Ref="i334"/><OffsetAttribute z:Ref="i335"/></URDFElement></ChildElements><ElementName>joint</ElementName><required>false</required><Axis z:Ref="i314"/><AxisName>?????????1</AxisName><Calibration z:Ref="i321"/><Child z:Ref="i312"/><CoordinateSystemName>?????????2</CoordinateSystemName><Dynamics z:Ref="i324"/><Limit z:Ref="i316"/><Mimic z:Ref="i332"/><NameAttribute z:Ref="i305"/><Origin z:Ref="i307"/><Parent z:Ref="i310"/><Safety z:Ref="i327"/><TypeAttribute z:Ref="i306"/></URDFElement></ChildElements><ElementName>link</ElementName><required>true</required><Children/><Collision z:Ref="i297"/><Inertial z:Ref="i271"/><Joint z:Ref="i304"/><NameAttribute z:Ref="i270"/><Parent z:Ref="i1"/><STLQualityFine>false</STLQualityFine><SWComponentPIDs xmlns:a="http://schemas.microsoft.com/2003/10/Serialization/Arrays"><a:base64Binary>mDoAAAUAAAD//v8cdwBoAGUAZQBsACAAYQBzAHMAZQBtAGIAbAB5AC0ANABAAGEAcwBzAGUAbQBiAGwAeQAgAFYAMQAEAAAAEAAAAAEAAAABAAAAtQIAAA==</a:base64Binary></SWComponentPIDs><SWMainComponentPID i:nil="true"/><Visual z:Ref="i284"/><isFixedFrame>false</isFixedFrame><isIncomplete>false</isIncomplete></Link><Link z:Id="i336"><Attributes><Attribute z:Id="i337"><AttributeType>name</AttributeType><IsRequired>true</IsRequired><Value i:type="a:string" xmlns:a="http://www.w3.org/2001/XMLSchema">mouth_Link</Value></Attribute></Attributes><ChildElements><URDFElement z:Id="i338" i:type="Inertial"><Attributes/><ChildElements><URDFElement z:Id="i339" i:type="Origin"><Attributes><Attribute z:Id="i340"><AttributeType>xyz</AttributeType><IsRequired>true</IsRequired><Value i:type="a:ArrayOfdouble" xmlns:a="http://schemas.microsoft.com/2003/10/Serialization/Arrays"><a:double>0.0061665</a:double><a:double>-0.041178</a:double><a:double>0.033013</a:double></Value></Attribute><Attribute z:Id="i341"><AttributeType>rpy</AttributeType><IsRequired>true</IsRequired><Value i:type="a:ArrayOfdouble" xmlns:a="http://schemas.microsoft.com/2003/10/Serialization/Arrays"><a:double>0</a:double><a:double>0</a:double><a:double>0</a:double></Value></Attribute></Attributes><ChildElements/><ElementName>origin</ElementName><required>false</required><RPYAttribute z:Ref="i341"/><XYZAttribute z:Ref="i340"/><isCustomized>false</isCustomized></URDFElement><URDFElement z:Id="i342" i:type="Mass"><Attributes><Attribute z:Id="i343"><AttributeType>value</AttributeType><IsRequired>true</IsRequired><Value i:type="a:double" xmlns:a="http://www.w3.org/2001/XMLSchema">0.10952</Value></Attribute></Attributes><ChildElements/><ElementName>mass</ElementName><required>false</required><ValueAttribute z:Ref="i343"/></URDFElement><URDFElement z:Id="i344" i:type="Inertia"><Attributes><Attribute z:Id="i345"><AttributeType>ixx</AttributeType><IsRequired>true</IsRequired><Value i:type="a:double" xmlns:a="http://www.w3.org/2001/XMLSchema">4.8361E-05</Value></Attribute><Attribute z:Id="i346"><AttributeType>ixy</AttributeType><IsRequired>true</IsRequired><Value i:type="a:double" xmlns:a="http://www.w3.org/2001/XMLSchema">-3.4805E-08</Value></Attribute><Attribute z:Id="i347"><AttributeType>ixz</AttributeType><IsRequired>true</IsRequired><Value i:type="a:double" xmlns:a="http://www.w3.org/2001/XMLSchema">-1.004E-07</Value></Attribute><Attribute z:Id="i348"><AttributeType>iyy</AttributeType><IsRequired>true</IsRequired><Value i:type="a:double" xmlns:a="http://www.w3.org/2001/XMLSchema">1.5441E-05</Value></Attribute><Attribute z:Id="i349"><AttributeType>iyz</AttributeType><IsRequired>true</IsRequired><Value i:type="a:double" xmlns:a="http://www.w3.org/2001/XMLSchema">2.5967E-08</Value></Attribute><Attribute z:Id="i350"><AttributeType>izz</AttributeType><IsRequired>true</IsRequired><Value i:type="a:double" xmlns:a="http://www.w3.org/2001/XMLSchema">4.7443E-05</Value></Attribute></Attributes><ChildElements/><ElementName>inertia</ElementName><required>false</required><IxxAttribute z:Ref="i345"/><IxyAttribute z:Ref="i346"/><IxzAttribute z:Ref="i347"/><IyyAttribute z:Ref="i348"/><IyzAttribute z:Ref="i349"/><IzzAttribute z:Ref="i350"/></URDFElement></ChildElements><ElementName>inertial</ElementName><required>false</required><Inertia z:Ref="i344"/><Mass z:Ref="i342"/><Origin z:Ref="i339"/></URDFElement><URDFElement z:Id="i351" i:type="Visual"><Attributes/><ChildElements><URDFElement z:Id="i352" i:type="Origin"><Attributes><Attribute z:Id="i353"><AttributeType>xyz</AttributeType><IsRequired>true</IsRequired><Value i:type="a:ArrayOfdouble" xmlns:a="http://schemas.microsoft.com/2003/10/Serialization/Arrays"><a:double>0</a:double><a:double>0</a:double><a:double>0</a:double></Value></Attribute><Attribute z:Id="i354"><AttributeType>rpy</AttributeType><IsRequired>true</IsRequired><Value i:type="a:ArrayOfdouble" xmlns:a="http://schemas.microsoft.com/2003/10/Serialization/Arrays"><a:double>0</a:double><a:double>0</a:double><a:double>0</a:double></Value></Attribute></Attributes><ChildElements/><ElementName>origin</ElementName><required>false</required><RPYAttribute z:Ref="i354"/><XYZAttribute z:Ref="i353"/><isCustomized>false</isCustomized></URDFElement><URDFElement z:Id="i355" i:type="Geometry"><Attributes/><ChildElements><URDFElement z:Id="i356" i:type="Mesh"><Attributes><Attribute z:Id="i357"><AttributeType>filename</AttributeType><IsRequired>true</IsRequired><Value i:nil="true"/></Attribute></Attributes><ChildElements/><ElementName>mesh</ElementName><required>false</required><FilenameAttribute z:Ref="i357"/></URDFElement></ChildElements><ElementName>geometry</ElementName><required>true</required><Mesh z:Ref="i356"/></URDFElement><URDFElement z:Id="i358" i:type="Material"><Attributes><Attribute z:Id="i359"><AttributeType>name</AttributeType><IsRequired>true</IsRequired><Value i:type="a:string" xmlns:a="http://www.w3.org/2001/XMLSchema"/></Attribute></Attributes><ChildElements><URDFElement z:Id="i360" i:type="Color"><Attributes><Attribute z:Id="i361"><AttributeType>rgba</AttributeType><IsRequired>true</IsRequired><Value i:type="a:ArrayOfdouble" xmlns:a="http://schemas.microsoft.com/2003/10/Serialization/Arrays"><a:double>0.89804</a:double><a:double>0.91765</a:double><a:double>0.92941</a:double><a:double>1</a:double></Value></Attribute></Attributes><ChildElements/><ElementName>color</ElementName><required>false</required><RGBAAttribute z:Ref="i361"/></URDFElement><URDFElement z:Id="i362" i:type="Texture"><Attributes><Attribute z:Id="i363"><AttributeType>filename</AttributeType><IsRequired>true</IsRequired><Value i:nil="true"/></Attribute></Attributes><ChildElements/><ElementName>texture</ElementName><required>false</required><FilenameAttribute z:Ref="i363"/><wFilename/></URDFElement></ChildElements><ElementName>material</ElementName><required>false</required><Color z:Ref="i360"/><NameAttribute z:Ref="i359"/><Texture z:Ref="i362"/></URDFElement></ChildElements><ElementName>visual</ElementName><required>false</required><Geometry z:Ref="i355"/><Material z:Ref="i358"/><Origin z:Ref="i352"/></URDFElement><URDFElement z:Id="i364" i:type="Collision"><Attributes/><ChildElements><URDFElement z:Id="i365" i:type="Origin"><Attributes><Attribute z:Id="i366"><AttributeType>xyz</AttributeType><IsRequired>true</IsRequired><Value i:type="a:ArrayOfdouble" xmlns:a="http://schemas.microsoft.com/2003/10/Serialization/Arrays"><a:double>0</a:double><a:double>0</a:double><a:double>0</a:double></Value></Attribute><Attribute z:Id="i367"><AttributeType>rpy</AttributeType><IsRequired>true</IsRequired><Value i:type="a:ArrayOfdouble" xmlns:a="http://schemas.microsoft.com/2003/10/Serialization/Arrays"><a:double>0</a:double><a:double>0</a:double><a:double>0</a:double></Value></Attribute></Attributes><ChildElements/><ElementName>origin</ElementName><required>false</required><RPYAttribute z:Ref="i367"/><XYZAttribute z:Ref="i366"/><isCustomized>false</isCustomized></URDFElement><URDFElement z:Id="i368" i:type="Geometry"><Attributes/><ChildElements><URDFElement z:Id="i369" i:type="Mesh"><Attributes><Attribute z:Id="i370"><AttributeType>filename</AttributeType><IsRequired>true</IsRequired><Value i:nil="true"/></Attribute></Attributes><ChildElements/><ElementName>mesh</ElementName><required>false</required><FilenameAttribute z:Ref="i370"/></URDFElement></ChildElements><ElementName>geometry</ElementName><required>true</required><Mesh z:Ref="i369"/></URDFElement></ChildElements><ElementName>collision</ElementName><required>false</required><Geometry z:Ref="i368"/><Origin z:Ref="i365"/></URDFElement><URDFElement z:Id="i371" i:type="Joint"><Attributes><Attribute z:Id="i372"><AttributeType>name</AttributeType><IsRequired>true</IsRequired><Value i:type="a:string" xmlns:a="http://www.w3.org/2001/XMLSchema">mouth_Joint</Value></Attribute><Attribute z:Id="i373"><AttributeType>type</AttributeType><IsRequired>true</IsRequired><Value i:type="a:string" xmlns:a="http://www.w3.org/2001/XMLSchema">continuous</Value></Attribute></Attributes><ChildElements><URDFElement z:Id="i374" i:type="Origin"><Attributes><Attribute z:Id="i375"><AttributeType>xyz</AttributeType><IsRequired>true</IsRequired><Value i:type="a:ArrayOfdouble" xmlns:a="http://schemas.microsoft.com/2003/10/Serialization/Arrays"><a:double>-0.041816</a:double><a:double>-0.1893</a:double><a:double>0.057533</a:double></Value></Attribute><Attribute z:Id="i376"><AttributeType>rpy</AttributeType><IsRequired>true</IsRequired><Value i:type="a:ArrayOfdouble" xmlns:a="http://schemas.microsoft.com/2003/10/Serialization/Arrays"><a:double>1.5708</a:double><a:double>-1.5708</a:double><a:double>0</a:double></Value></Attribute></Attributes><ChildElements/><ElementName>origin</ElementName><required>false</required><RPYAttribute z:Ref="i376"/><XYZAttribute z:Ref="i375"/><isCustomized>false</isCustomized></URDFElement><URDFElement z:Id="i377" i:type="ParentLink"><Attributes><Attribute z:Id="i378"><AttributeType>link</AttributeType><IsRequired>true</IsRequired><Value i:type="a:string" xmlns:a="http://www.w3.org/2001/XMLSchema">base_Link</Value></Attribute></Attributes><ChildElements/><ElementName>parent</ElementName><required>true</required><NameAttribute z:Ref="i378"/></URDFElement><URDFElement z:Id="i379" i:type="ChildLink"><Attributes><Attribute z:Id="i380"><AttributeType>link</AttributeType><IsRequired>true</IsRequired><Value i:type="a:string" xmlns:a="http://www.w3.org/2001/XMLSchema">mouth_Link</Value></Attribute></Attributes><ChildElements/><ElementName>child</ElementName><required>true</required><NameAttribute z:Ref="i380"/></URDFElement><URDFElement z:Id="i381" i:type="Axis"><Attributes><Attribute z:Id="i382"><AttributeType>xyz</AttributeType><IsRequired>true</IsRequired><Value i:type="a:ArrayOfdouble" xmlns:a="http://schemas.microsoft.com/2003/10/Serialization/Arrays"><a:double>0</a:double><a:double>1</a:double><a:double>0</a:double></Value></Attribute></Attributes><ChildElements/><ElementName>axis</ElementName><required>false</required><XYZAttribute z:Ref="i382"/></URDFElement><URDFElement z:Id="i383" i:type="Limit"><Attributes><Attribute z:Id="i384"><AttributeType>lower</AttributeType><IsRequired>false</IsRequired><Value i:nil="true"/></Attribute><Attribute z:Id="i385"><AttributeType>upper</AttributeType><IsRequired>false</IsRequired><Value i:nil="true"/></Attribute><Attribute z:Id="i386"><AttributeType>effort</AttributeType><IsRequired>true</IsRequired><Value i:nil="true"/></Attribute><Attribute z:Id="i387"><AttributeType>velocity</AttributeType><IsRequired>true</IsRequired><Value i:nil="true"/></Attribute></Attributes><ChildElements/><ElementName>limit</ElementName><required>false</required><EffortAttribute z:Ref="i386"/><LowerAttribute z:Ref="i384"/><UpperAttribute z:Ref="i385"/><VelocityAttribute z:Ref="i387"/></URDFElement><URDFElement z:Id="i388" i:type="Calibration"><Attributes><Attribute z:Id="i389"><AttributeType>rising</AttributeType><IsRequired>false</IsRequired><Value i:nil="true"/></Attribute><Attribute z:Id="i390"><AttributeType>falling</AttributeType><IsRequired>false</IsRequired><Value i:nil="true"/></Attribute></Attributes><ChildElements/><ElementName>calibration</ElementName><required>false</required><FallingAttribute z:Ref="i390"/><RisingAttribute z:Ref="i389"/></URDFElement><URDFElement z:Id="i391" i:type="Dynamics"><Attributes><Attribute z:Id="i392"><AttributeType>damping</AttributeType><IsRequired>false</IsRequired><Value i:nil="true"/></Attribute><Attribute z:Id="i393"><AttributeType>friction</AttributeType><IsRequired>false</IsRequired><Value i:nil="true"/></Attribute></Attributes><ChildElements/><ElementName>dynamics</ElementName><required>false</required><DampingAttribute z:Ref="i392"/><FrictionAttribute z:Ref="i393"/></URDFElement><URDFElement z:Id="i394" i:type="SafetyController"><Attributes><Attribute z:Id="i395"><AttributeType>soft_upper_limit</AttributeType><IsRequired>false</IsRequired><Value i:nil="true"/></Attribute><Attribute z:Id="i396"><AttributeType>soft_lower_limit</AttributeType><IsRequired>false</IsRequired><Value i:nil="true"/></Attribute><Attribute z:Id="i397"><AttributeType>k_position</AttributeType><IsRequired>false</IsRequired><Value i:nil="true"/></Attribute><Attribute z:Id="i398"><AttributeType>k_velocity</AttributeType><IsRequired>true</IsRequired><Value i:nil="true"/></Attribute></Attributes><ChildElements/><ElementName>safety_controller</ElementName><required>false</required><KPositionAttribute z:Ref="i397"/><KVelocityAttribute z:Ref="i398"/><SoftLowerAttribute z:Ref="i396"/><SoftUpperAttribute z:Ref="i395"/></URDFElement><URDFElement z:Id="i399" i:type="Mimic"><Attributes><Attribute z:Id="i400"><AttributeType>joint</AttributeType><IsRequired>true</IsRequired><Value i:nil="true"/></Attribute><Attribute z:Id="i401"><AttributeType>multiplier</AttributeType><IsRequired>false</IsRequired><Value i:nil="true"/></Attribute><Attribute z:Id="i402"><AttributeType>offset</AttributeType><IsRequired>false</IsRequired><Value i:nil="true"/></Attribute></Attributes><ChildElements/><ElementName>mimic</ElementName><required>false</required><JointNameAttribute z:Ref="i400"/><MultiplierAttribute z:Ref="i401"/><OffsetAttribute z:Ref="i402"/></URDFElement></ChildElements><ElementName>joint</ElementName><required>false</required><Axis z:Ref="i381"/><AxisName>?????????7</AxisName><Calibration z:Ref="i388"/><Child z:Ref="i379"/><CoordinateSystemName>?????????7</CoordinateSystemName><Dynamics z:Ref="i391"/><Limit z:Ref="i383"/><Mimic z:Ref="i399"/><NameAttribute z:Ref="i372"/><Origin z:Ref="i374"/><Parent z:Ref="i377"/><Safety z:Ref="i394"/><TypeAttribute z:Ref="i373"/></URDFElement></ChildElements><ElementName>link</ElementName><required>true</required><Children><Link z:Id="i403"><Attributes><Attribute z:Id="i404"><AttributeType>name</AttributeType><IsRequired>true</IsRequired><Value i:type="a:string" xmlns:a="http://www.w3.org/2001/XMLSchema">dribble_Link</Value></Attribute></Attributes><ChildElements><URDFElement z:Id="i405" i:type="Inertial"><Attributes/><ChildElements><URDFElement z:Id="i406" i:type="Origin"><Attributes><Attribute z:Id="i407"><AttributeType>xyz</AttributeType><IsRequired>true</IsRequired><Value i:type="a:ArrayOfdouble" xmlns:a="http://schemas.microsoft.com/2003/10/Serialization/Arrays"><a:double>2.2549068568092356E-05</a:double><a:double>0.0019167619108323305</a:double><a:double>0.00014443174428210859</a:double></Value></Attribute><Attribute z:Id="i408"><AttributeType>rpy</AttributeType><IsRequired>true</IsRequired><Value i:type="a:ArrayOfdouble" xmlns:a="http://schemas.microsoft.com/2003/10/Serialization/Arrays"><a:double>0</a:double><a:double>0</a:double><a:double>0</a:double></Value></Attribute></Attributes><ChildElements/><ElementName>origin</ElementName><required>false</required><RPYAttribute z:Ref="i408"/><XYZAttribute z:Ref="i407"/><isCustomized>false</isCustomized></URDFElement><URDFElement z:Id="i409" i:type="Mass"><Attributes><Attribute z:Id="i410"><AttributeType>value</AttributeType><IsRequired>true</IsRequired><Value i:type="a:double" xmlns:a="http://www.w3.org/2001/XMLSchema">0.017856717715436888</Value></Attribute></Attributes><ChildElements/><ElementName>mass</ElementName><required>false</required><ValueAttribute z:Ref="i410"/></URDFElement><URDFElement z:Id="i411" i:type="Inertia"><Attributes><Attribute z:Id="i412"><AttributeType>ixx</AttributeType><IsRequired>true</IsRequired><Value i:type="a:double" xmlns:a="http://www.w3.org/2001/XMLSchema">7.3783809500449276E-06</Value></Attribute><Attribute z:Id="i413"><AttributeType>ixy</AttributeType><IsRequired>true</IsRequired><Value i:type="a:double" xmlns:a="http://www.w3.org/2001/XMLSchema">-7.9042215883974576E-10</Value></Attribute><Attribute z:Id="i414"><AttributeType>ixz</AttributeType><IsRequired>true</IsRequired><Value i:type="a:double" xmlns:a="http://www.w3.org/2001/XMLSchema">1.8567150504362987E-10</Value></Attribute><Attribute z:Id="i415"><AttributeType>iyy</AttributeType><IsRequired>true</IsRequired><Value i:type="a:double" xmlns:a="http://www.w3.org/2001/XMLSchema">2.5482459922263304E-07</Value></Attribute><Attribute z:Id="i416"><AttributeType>iyz</AttributeType><IsRequired>true</IsRequired><Value i:type="a:double" xmlns:a="http://www.w3.org/2001/XMLSchema">-3.6985791141700121E-09</Value></Attribute><Attribute z:Id="i417"><AttributeType>izz</AttributeType><IsRequired>true</IsRequired><Value i:type="a:double" xmlns:a="http://www.w3.org/2001/XMLSchema">7.3794838058904949E-06</Value></Attribute></Attributes><ChildElements/><ElementName>inertia</ElementName><required>false</required><IxxAttribute z:Ref="i412"/><IxyAttribute z:Ref="i413"/><IxzAttribute z:Ref="i414"/><IyyAttribute z:Ref="i415"/><IyzAttribute z:Ref="i416"/><IzzAttribute z:Ref="i417"/></URDFElement></ChildElements><ElementName>inertial</ElementName><required>false</required><Inertia z:Ref="i411"/><Mass z:Ref="i409"/><Origin z:Ref="i406"/></URDFElement><URDFElement z:Id="i418" i:type="Visual"><Attributes/><ChildElements><URDFElement z:Id="i419" i:type="Origin"><Attributes><Attribute z:Id="i420"><AttributeType>xyz</AttributeType><IsRequired>true</IsRequired><Value i:type="a:ArrayOfdouble" xmlns:a="http://schemas.microsoft.com/2003/10/Serialization/Arrays"><a:double>0</a:double><a:double>0</a:double><a:double>0</a:double></Value></Attribute><Attribute z:Id="i421"><AttributeType>rpy</AttributeType><IsRequired>true</IsRequired><Value i:type="a:ArrayOfdouble" xmlns:a="http://schemas.microsoft.com/2003/10/Serialization/Arrays"><a:double>0</a:double><a:double>0</a:double><a:double>0</a:double></Value></Attribute></Attributes><ChildElements/><ElementName>origin</ElementName><required>false</required><RPYAttribute z:Ref="i421"/><XYZAttribute z:Ref="i420"/><isCustomized>false</isCustomized></URDFElement><URDFElement z:Id="i422" i:type="Geometry"><Attributes/><ChildElements><URDFElement z:Id="i423" i:type="Mesh"><Attributes><Attribute z:Id="i424"><AttributeType>filename</AttributeType><IsRequired>true</IsRequired><Value i:nil="true"/></Attribute></Attributes><ChildElements/><ElementName>mesh</ElementName><required>false</required><FilenameAttribute z:Ref="i424"/></URDFElement></ChildElements><ElementName>geometry</ElementName><required>true</required><Mesh z:Ref="i423"/></URDFElement><URDFElement z:Id="i425" i:type="Material"><Attributes><Attribute z:Id="i426"><AttributeType>name</AttributeType><IsRequired>true</IsRequired><Value i:type="a:string" xmlns:a="http://www.w3.org/2001/XMLSchema"/></Attribute></Attributes><ChildElements><URDFElement z:Id="i427" i:type="Color"><Attributes><Attribute z:Id="i428"><AttributeType>rgba</AttributeType><IsRequired>true</IsRequired><Value i:type="a:ArrayOfdouble" xmlns:a="http://schemas.microsoft.com/2003/10/Serialization/Arrays"><a:double>1</a:double><a:double>1</a:double><a:double>1</a:double><a:double>1</a:double></Value></Attribute></Attributes><ChildElements/><ElementName>color</ElementName><required>false</required><RGBAAttribute z:Ref="i428"/></URDFElement><URDFElement z:Id="i429" i:type="Texture"><Attributes><Attribute z:Id="i430"><AttributeType>filename</AttributeType><IsRequired>true</IsRequired><Value i:nil="true"/></Attribute></Attributes><ChildElements/><ElementName>texture</ElementName><required>false</required><FilenameAttribute z:Ref="i430"/><wFilename/></URDFElement></ChildElements><ElementName>material</ElementName><required>false</required><Color z:Ref="i427"/><NameAttribute z:Ref="i426"/><Texture z:Ref="i429"/></URDFElement></ChildElements><ElementName>visual</ElementName><required>false</required><Geometry z:Ref="i422"/><Material z:Ref="i425"/><Origin z:Ref="i419"/></URDFElement><URDFElement z:Id="i431" i:type="Collision"><Attributes/><ChildElements><URDFElement z:Id="i432" i:type="Origin"><Attributes><Attribute z:Id="i433"><AttributeType>xyz</AttributeType><IsRequired>true</IsRequired><Value i:type="a:ArrayOfdouble" xmlns:a="http://schemas.microsoft.com/2003/10/Serialization/Arrays"><a:double>0</a:double><a:double>0</a:double><a:double>0</a:double></Value></Attribute><Attribute z:Id="i434"><AttributeType>rpy</AttributeType><IsRequired>true</IsRequired><Value i:type="a:ArrayOfdouble" xmlns:a="http://schemas.microsoft.com/2003/10/Serialization/Arrays"><a:double>0</a:double><a:double>0</a:double><a:double>0</a:double></Value></Attribute></Attributes><ChildElements/><ElementName>origin</ElementName><required>false</required><RPYAttribute z:Ref="i434"/><XYZAttribute z:Ref="i433"/><isCustomized>false</isCustomized></URDFElement><URDFElement z:Id="i435" i:type="Geometry"><Attributes/><ChildElements><URDFElement z:Id="i436" i:type="Mesh"><Attributes><Attribute z:Id="i437"><AttributeType>filename</AttributeType><IsRequired>true</IsRequired><Value i:nil="true"/></Attribute></Attributes><ChildElements/><ElementName>mesh</ElementName><required>false</required><FilenameAttribute z:Ref="i437"/></URDFElement></ChildElements><ElementName>geometry</ElementName><required>true</required><Mesh z:Ref="i436"/></URDFElement></ChildElements><ElementName>collision</ElementName><required>false</required><Geometry z:Ref="i435"/><Origin z:Ref="i432"/></URDFElement><URDFElement z:Id="i438" i:type="Joint"><Attributes><Attribute z:Id="i439"><AttributeType>name</AttributeType><IsRequired>true</IsRequired><Value i:type="a:string" xmlns:a="http://www.w3.org/2001/XMLSchema">dribble_Joint</Value></Attribute><Attribute z:Id="i440"><AttributeType>type</AttributeType><IsRequired>true</IsRequired><Value i:type="a:string" xmlns:a="http://www.w3.org/2001/XMLSchema">continuous</Value></Attribute></Attributes><ChildElements><URDFElement z:Id="i441" i:type="Origin"><Attributes><Attribute z:Id="i442"><AttributeType>xyz</AttributeType><IsRequired>true</IsRequired><Value i:type="a:ArrayOfdouble" xmlns:a="http://schemas.microsoft.com/2003/10/Serialization/Arrays"><a:double>0.015669</a:double><a:double>-0.0459</a:double><a:double>0.027271</a:double></Value></Attribute><Attribute z:Id="i443"><AttributeType>rpy</AttributeType><IsRequired>true</IsRequired><Value i:type="a:ArrayOfdouble" xmlns:a="http://schemas.microsoft.com/2003/10/Serialization/Arrays"><a:double>0</a:double><a:double>-0.18761</a:double><a:double>0</a:double></Value></Attribute></Attributes><ChildElements/><ElementName>origin</ElementName><required>false</required><RPYAttribute z:Ref="i443"/><XYZAttribute z:Ref="i442"/><isCustomized>false</isCustomized></URDFElement><URDFElement z:Id="i444" i:type="ParentLink"><Attributes><Attribute z:Id="i445"><AttributeType>link</AttributeType><IsRequired>true</IsRequired><Value i:type="a:string" xmlns:a="http://www.w3.org/2001/XMLSchema">mouth_Link</Value></Attribute></Attributes><ChildElements/><ElementName>parent</ElementName><required>true</required><NameAttribute z:Ref="i445"/></URDFElement><URDFElement z:Id="i446" i:type="ChildLink"><Attributes><Attribute z:Id="i447"><AttributeType>link</AttributeType><IsRequired>true</IsRequired><Value i:type="a:string" xmlns:a="http://www.w3.org/2001/XMLSchema">dribble_Link</Value></Attribute></Attributes><ChildElements/><ElementName>child</ElementName><required>true</required><NameAttribute z:Ref="i447"/></URDFElement><URDFElement z:Id="i448" i:type="Axis"><Attributes><Attribute z:Id="i449"><AttributeType>xyz</AttributeType><IsRequired>true</IsRequired><Value i:type="a:ArrayOfdouble" xmlns:a="http://schemas.microsoft.com/2003/10/Serialization/Arrays"><a:double>0</a:double><a:double>-1</a:double><a:double>0</a:double></Value></Attribute></Attributes><ChildElements/><ElementName>axis</ElementName><required>false</required><XYZAttribute z:Ref="i449"/></URDFElement><URDFElement z:Id="i450" i:type="Limit"><Attributes><Attribute z:Id="i451"><AttributeType>lower</AttributeType><IsRequired>false</IsRequired><Value i:nil="true"/></Attribute><Attribute z:Id="i452"><AttributeType>upper</AttributeType><IsRequired>false</IsRequired><Value i:nil="true"/></Attribute><Attribute z:Id="i453"><AttributeType>effort</AttributeType><IsRequired>true</IsRequired><Value i:nil="true"/></Attribute><Attribute z:Id="i454"><AttributeType>velocity</AttributeType><IsRequired>true</IsRequired><Value i:nil="true"/></Attribute></Attributes><ChildElements/><ElementName>limit</ElementName><required>false</required><EffortAttribute z:Ref="i453"/><LowerAttribute z:Ref="i451"/><UpperAttribute z:Ref="i452"/><VelocityAttribute z:Ref="i454"/></URDFElement><URDFElement z:Id="i455" i:type="Calibration"><Attributes><Attribute z:Id="i456"><AttributeType>rising</AttributeType><IsRequired>false</IsRequired><Value i:nil="true"/></Attribute><Attribute z:Id="i457"><AttributeType>falling</AttributeType><IsRequired>false</IsRequired><Value i:nil="true"/></Attribute></Attributes><ChildElements/><ElementName>calibration</ElementName><required>false</required><FallingAttribute z:Ref="i457"/><RisingAttribute z:Ref="i456"/></URDFElement><URDFElement z:Id="i458" i:type="Dynamics"><Attributes><Attribute z:Id="i459"><AttributeType>damping</AttributeType><IsRequired>false</IsRequired><Value i:nil="true"/></Attribute><Attribute z:Id="i460"><AttributeType>friction</AttributeType><IsRequired>false</IsRequired><Value i:nil="true"/></Attribute></Attributes><ChildElements/><ElementName>dynamics</ElementName><required>false</required><DampingAttribute z:Ref="i459"/><FrictionAttribute z:Ref="i460"/></URDFElement><URDFElement z:Id="i461" i:type="SafetyController"><Attributes><Attribute z:Id="i462"><AttributeType>soft_upper_limit</AttributeType><IsRequired>false</IsRequired><Value i:nil="true"/></Attribute><Attribute z:Id="i463"><AttributeType>soft_lower_limit</AttributeType><IsRequired>false</IsRequired><Value i:nil="true"/></Attribute><Attribute z:Id="i464"><AttributeType>k_position</AttributeType><IsRequired>false</IsRequired><Value i:nil="true"/></Attribute><Attribute z:Id="i465"><AttributeType>k_velocity</AttributeType><IsRequired>true</IsRequired><Value i:nil="true"/></Attribute></Attributes><ChildElements/><ElementName>safety_controller</ElementName><required>false</required><KPositionAttribute z:Ref="i464"/><KVelocityAttribute z:Ref="i465"/><SoftLowerAttribute z:Ref="i463"/><SoftUpperAttribute z:Ref="i462"/></URDFElement><URDFElement z:Id="i466" i:type="Mimic"><Attributes><Attribute z:Id="i467"><AttributeType>joint</AttributeType><IsRequired>true</IsRequired><Value i:nil="true"/></Attribute><Attribute z:Id="i468"><AttributeType>multiplier</AttributeType><IsRequired>false</IsRequired><Value i:nil="true"/></Attribute><Attribute z:Id="i469"><AttributeType>offset</AttributeType><IsRequired>false</IsRequired><Value i:nil="true"/></Attribute></Attributes><ChildElements/><ElementName>mimic</ElementName><required>false</required><JointNameAttribute z:Ref="i467"/><MultiplierAttribute z:Ref="i468"/><OffsetAttribute z:Ref="i469"/></URDFElement></ChildElements><ElementName>joint</ElementName><required>false</required><Axis z:Ref="i448"/><AxisName>?????????6</AxisName><Calibration z:Ref="i455"/><Child z:Ref="i446"/><CoordinateSystemName>?????????6</CoordinateSystemName><Dynamics z:Ref="i458"/><Limit z:Ref="i450"/><Mimic z:Ref="i466"/><NameAttribute z:Ref="i439"/><Origin z:Ref="i441"/><Parent z:Ref="i444"/><Safety z:Ref="i461"/><TypeAttribute z:Ref="i440"/></URDFElement></ChildElements><ElementName>link</ElementName><required>true</required><Children/><Collision z:Ref="i431"/><Inertial z:Ref="i405"/><Joint z:Ref="i438"/><NameAttribute z:Ref="i404"/><Parent z:Ref="i336"/><STLQualityFine>false</STLQualityFine><SWComponentPIDs xmlns:a="http://schemas.microsoft.com/2003/10/Serialization/Arrays"><a:base64Binary>mDoAAAUAAAD//v8xbQBvAHUAdABoACAAYQBzAHMAZQBtAGIAbAB5AC0AMQBAAGEAcwBzAGUAbQBiAGwAeQAgAFYAMQAvADhUA3Shey0AMQBAAG0AbwB1AHQAaAAgAGEAcwBzAGUAbQBiAGwAeQAEAAAAEAAAAAEAAAACAAAABgIAAIoAAAA=</a:base64Binary><a:base64Binary>mDoAAAUAAAD//v85bQBvAHUAdABoACAAYQBzAHMAZQBtAGIAbAB5AC0AMQBAAGEAcwBzAGUAbQBiAGwAeQAgAFYAMQAvAGQAcgBpAGIAYgBsAGUAIAByAG8AZAAtADEAQABtAG8AdQB0AGgAIABhAHMAcwBlAG0AYgBsAHkABAAAABAAAAABAAAAAgAAAAYCAAAeAAAA</a:base64Binary><a:base64Binary>mDoAAAUAAAD//v81bQBvAHUAdABoACAAYQBzAHMAZQBtAGIAbAB5AC0AMQBAAGEAcwBzAGUAbQBiAGwAeQAgAFYAMQAvAE0AUgAxADAANQBaAFoALQAxAEAAbQBvAHUAdABoACAAYQBzAHMAZQBtAGIAbAB5AAQAAAAQAAAAAQAAAAIAAAAGAgAAYwAAAA==</a:base64Binary><a:base64Binary>mDoAAAUAAAD//v83bQBvAHUAdABoACAAYQBzAHMAZQBtAGIAbAB5AC0AMQBAAGEAcwBzAGUAbQBiAGwAeQAgAFYAMQAvAE0AMAAuADUAVAAyADMAXwAyAC0AMQBAAG0AbwB1AHQAaAAgAGEAcwBzAGUAbQBiAGwAeQAEAAAAEAAAAAEAAAACAAAABgIAAFwAAAA=</a:base64Binary><a:base64Binary>mDoAAAUAAAD//v81bQBvAHUAdABoACAAYQBzAHMAZQBtAGIAbAB5AC0AMQBAAGEAcwBzAGUAbQBiAGwAeQAgAFYAMQAvAE0AUgAxADAANQBaAFoALQAyAEAAbQBvAHUAdABoACAAYQBzAHMAZQBtAGIAbAB5AAQAAAAQAAAAAQAAAAIAAAAGAgAAZAAAAA==</a:base64Binary></SWComponentPIDs><SWMainComponentPID i:nil="true"/><Visual z:Ref="i418"/><isFixedFrame>false</isFixedFrame><isIncomplete>false</isIncomplete></Link></Children><Collision z:Ref="i364"/><Inertial z:Ref="i338"/><Joint z:Ref="i371"/><NameAttribute z:Ref="i337"/><Parent z:Ref="i1"/><STLQualityFine>false</STLQualityFine><SWComponentPIDs xmlns:a="http://schemas.microsoft.com/2003/10/Serialization/Arrays"><a:base64Binary>mDoAAAUAAAD//v89bQBvAHUAdABoACAAYQBzAHMAZQBtAGIAbAB5AC0AMQBAAGEAcwBzAGUAbQBiAGwAeQAgAFYAMQAvAGQAcgBpAGIAYgBsAGUAIABzAGgAZQBsAGYAXwAyAC0AMQBAAG0AbwB1AHQAaAAgAGEAcwBzAGUAbQBiAGwAeQAEAAAAEAAAAAEAAAACAAAABgIAACAAAAA=</a:base64Binary><a:base64Binary>mDoAAAUAAAD//v89bQBvAHUAdABoACAAYQBzAHMAZQBtAGIAbAB5AC0AMQBAAGEAcwBzAGUAbQBiAGwAeQAgAFYAMQAvAGQAcgBpAGIAYgBsAGUAIABzAGgAZQBsAGYAXwAxAC0AMQBAAG0AbwB1AHQAaAAgAGEAcwBzAGUAbQBiAGwAeQAEAAAAEAAAAAEAAAACAAAABgIAAB8AAAA=</a:base64Binary><a:base64Binary>mDoAAAUAAAD//v86bQBvAHUAdABoACAAYQBzAHMAZQBtAGIAbAB5AC0AMQBAAGEAcwBzAGUAbQBiAGwAeQAgAFYAMQAvAGMAYQByAGIAbwBuACAAcwBoAGUAbABmAC0AMQBAAG0AbwB1AHQAaAAgAGEAcwBzAGUAbQBiAGwAeQAEAAAAEAAAAAEAAAACAAAABgIAABoAAAA=</a:base64Binary><a:base64Binary>mDoAAAUAAAD//v87bQBvAHUAdABoACAAYQBzAHMAZQBtAGIAbAB5AC0AMQBAAGEAcwBzAGUAbQBiAGwAeQAgAFYAMQAvAGQAcgBpAGIAYgBsAGUAIABtAG8AdABvAHIALQAxAEAAbQBvAHUAdABoACAAYQBzAHMAZQBtAGIAbAB5AAQAAAAQAAAAAQAAAAIAAAAGAgAAHQAAAA==</a:base64Binary><a:base64Binary>mDoAAAUAAAD//v89bQBvAHUAdABoACAAYQBzAHMAZQBtAGIAbAB5AC0AMQBAAGEAcwBzAGUAbQBiAGwAeQAgAFYAMQAvAG0AbwB0AG8AcgAgAGMAbwBuAG4AZQBjAHQAbwByAC0AMQBAAG0AbwB1AHQAaAAgAGEAcwBzAGUAbQBiAGwAeQAEAAAAEAAAAAEAAAACAAAABgIAAFEAAAA=</a:base64Binary><a:base64Binary>mDoAAAUAAAD//v8xbQBvAHUAdABoACAAYQBzAHMAZQBtAGIAbAB5AC0AMQBAAGEAcwBzAGUAbQBiAGwAeQAgAFYAMQAvADhUA3Shey0AMQBAAG0AbwB1AHQAaAAgAGEAcwBzAGUAbQBiAGwAeQAEAAAAEAAAAAEAAAACAAAABgIAAIoAAAA=</a:base64Binary><a:base64Binary>mDoAAAUAAAD//v85bQBvAHUAdABoACAAYQBzAHMAZQBtAGIAbAB5AC0AMQBAAGEAcwBzAGUAbQBiAGwAeQAgAFYAMQAvAGQAcgBpAGIAYgBsAGUAIAByAG8AZAAtADEAQABtAG8AdQB0AGgAIABhAHMAcwBlAG0AYgBsAHkABAAAABAAAAABAAAAAgAAAAYCAAAeAAAA</a:base64Binary><a:base64Binary>mDoAAAUAAAD//v81bQBvAHUAdABoACAAYQBzAHMAZQBtAGIAbAB5AC0AMQBAAGEAcwBzAGUAbQBiAGwAeQAgAFYAMQAvAE0AUgAxADAANQBaAFoALQAxAEAAbQBvAHUAdABoACAAYQBzAHMAZQBtAGIAbAB5AAQAAAAQAAAAAQAAAAIAAAAGAgAAYwAAAA==</a:base64Binary><a:base64Binary>mDoAAAUAAAD//v83bQBvAHUAdABoACAAYQBzAHMAZQBtAGIAbAB5AC0AMQBAAGEAcwBzAGUAbQBiAGwAeQAgAFYAMQAvAE0AMAAuADUAVAAyADMAXwAyAC0AMQBAAG0AbwB1AHQAaAAgAGEAcwBzAGUAbQBiAGwAeQAEAAAAEAAAAAEAAAACAAAABgIAAFwAAAA=</a:base64Binary><a:base64Binary>mDoAAAUAAAD//v81bQBvAHUAdABoACAAYQBzAHMAZQBtAGIAbAB5AC0AMQBAAGEAcwBzAGUAbQBiAGwAeQAgAFYAMQAvAE0AMAAuADUAVAAyADcALQAxAEAAbQBvAHUAdABoACAAYQBzAHMAZQBtAGIAbAB5AAQAAAAQAAAAAQAAAAIAAAAGAgAAWwAAAA==</a:base64Binary><a:base64Binary>mDoAAAUAAAD//v83bQBvAHUAdABoACAAYQBzAHMAZQBtAGIAbAB5AC0AMQBAAGEAcwBzAGUAbQBiAGwAeQAgAFYAMQAvAE0AMAAuADUAVAAyADMAXwAxAC0AMQBAAG0AbwB1AHQAaAAgAGEAcwBzAGUAbQBiAGwAeQAEAAAAEAAAAAEAAAACAAAABgIAACQAAAA=</a:base64Binary><a:base64Binary>mDoAAAUAAAD//v81bQBvAHUAdABoACAAYQBzAHMAZQBtAGIAbAB5AC0AMQBAAGEAcwBzAGUAbQBiAGwAeQAgAFYAMQAvAE0AUgAxADAANQBaAFoALQAyAEAAbQBvAHUAdABoACAAYQBzAHMAZQBtAGIAbAB5AAQAAAAQAAAAAQAAAAIAAAAGAgAAZAAAAA==</a:base64Binary></SWComponentPIDs><SWMainComponentPID i:nil="true"/><Visual z:Ref="i351"/><isFixedFrame>false</isFixedFrame><isIncomplete>false</isIncomplete></Link></Children><Collision z:Ref="i29"/><Inertial z:Ref="i3"/><Joint z:Ref="i36"/><NameAttribute z:Ref="i2"/><Parent i:nil="true"/><STLQualityFine>false</STLQualityFine><SWComponentPIDs xmlns:a="http://schemas.microsoft.com/2003/10/Serialization/Arrays"><a:base64Binary>mDoAAAUAAAD//v8XYgBhAHMAZQBwAGwAYQB0AGUALQAxAEAAYQBzAHMAZQBtAGIAbAB5ACAAVgAxAAQAAAAQAAAAAQAAAAEAAAAZAAAA</a:base64Binary><a:base64Binary>mDoAAAUAAAD//v8iawBpAGMAawAgAHMAeQBzAHQAZQBtACAAYQBzAHMAZQBtAGIAbAB5AC0AMQBAAGEAcwBzAGUAbQBiAGwAeQAgAFYAMQAEAAAAEAAAAAEAAAABAAAACgIAAA==</a:base64Binary><a:base64Binary>mDoAAAUAAAD//v81bQBvAHQAbwByACAAYQBzAHMAZQBtAGIAbAB5AC0AMwBAAGEAcwBzAGUAbQBiAGwAeQAgAFYAMQAvAGcAZQBhAHIAYgBvAHgALQAxAEAAbQBvAHQAbwByACAAYQBzAHMAZQBtAGIAbAB5AAQAAAAQAAAAAQAAAAIAAAASAgAAGQAAAA==</a:base64Binary><a:base64Binary>mDoAAAUAAAD//v83bQBvAHQAbwByACAAYQBzAHMAZQBtAGIAbAB5AC0AMwBAAGEAcwBzAGUAbQBiAGwAeQAgAFYAMQAvAGcAYQBzAGsAZQB0ACAATQA0AC0AMQBAAG0AbwB0AG8AcgAgAGEAcwBzAGUAbQBiAGwAeQAEAAAAEAAAAAEAAAACAAAAEgIAAB0AAAA=</a:base64Binary><a:base64Binary>mDoAAAUAAAD//v8ybQBvAHQAbwByACAAYQBzAHMAZQBtAGIAbAB5AC0AMwBAAGEAcwBzAGUAbQBiAGwAeQAgAFYAMQAvAE0ANAAtADUALQAyAEAAbQBvAHQAbwByACAAYQBzAHMAZQBtAGIAbAB5AAQAAAAQAAAAAQAAAAIAAAASAgAAKwAAAA==</a:base64Binary><a:base64Binary>mDoAAAUAAAD//v80bQBvAHQAbwByACAAYQBzAHMAZQBtAGIAbAB5AC0AMwBAAGEAcwBzAGUAbQBiAGwAeQAgAFYAMQAvAEUATQA0ADMAMQA3AC0AMQBAAG0AbwB0AG8AcgAgAGEAcwBzAGUAbQBiAGwAeQAEAAAAEAAAAAEAAAACAAAAEgIAAC8AAAA=</a:base64Binary><a:base64Binary>mDoAAAUAAAD//v8+bQBvAHQAbwByACAAYQBzAHMAZQBtAGIAbAB5AC0AMwBAAGEAcwBzAGUAbQBiAGwAeQAgAFYAMQAvAHMAbQBhAGwAbAAgAGcAZQBhAHIAIABuAHkAbABvAG4ALQAxAEAAbQBvAHQAbwByACAAYQBzAHMAZQBtAGIAbAB5AAQAAAAQAAAAAQAAAAIAAAASAgAAMAAAAA==</a:base64Binary><a:base64Binary>mDoAAAUAAAD//v86bQBvAHQAbwByACAAYQBzAHMAZQBtAGIAbAB5AC0AMwBAAGEAcwBzAGUAbQBiAGwAeQAgAFYAMQAvAG0AbwB0AG8AcgAgAGQAcgBpAHYAZQByAC0AMQBAAG0AbwB0AG8AcgAgAGEAcwBzAGUAbQBiAGwAeQAEAAAAEAAAAAEAAAACAAAAEgIAADkAAAA=</a:base64Binary><a:base64Binary>mDoAAAUAAAD//v9FbQBvAHQAbwByACAAYQBzAHMAZQBtAGIAbAB5ACAAbQBpAHIAcgBvAHIALQAyAEAAYQBzAHMAZQBtAGIAbAB5ACAAVgAxAC8AZwBhAHMAawBlAHQAIABNADQALQAxAEAAbQBvAHQAbwByACAAYQBzAHMAZQBtAGIAbAB5ACAAbQBpAHIAcgBvAHIABAAAABAAAAABAAAAAgAAABgCAAAdAAAA</a:base64Binary><a:base64Binary>mDoAAAUAAAD//v9AbQBvAHQAbwByACAAYQBzAHMAZQBtAGIAbAB5ACAAbQBpAHIAcgBvAHIALQAyAEAAYQBzAHMAZQBtAGIAbAB5ACAAVgAxAC8ATQA0AC0ANQAtADIAQABtAG8AdABvAHIAIABhAHMAcwBlAG0AYgBsAHkAIABtAGkAcgByAG8AcgAEAAAAEAAAAAEAAAACAAAAGAIAACsAAAA=</a:base64Binary><a:base64Binary>mDoAAAUAAAD//v9CbQBvAHQAbwByACAAYQBzAHMAZQBtAGIAbAB5ACAAbQBpAHIAcgBvAHIALQAyAEAAYQBzAHMAZQBtAGIAbAB5ACAAVgAxAC8ARQBNADQAMwAxADcALQAxAEAAbQBvAHQAbwByACAAYQBzAHMAZQBtAGIAbAB5ACAAbQBpAHIAcgBvAHIABAAAABAAAAABAAAAAgAAABgCAAAvAAAA</a:base64Binary><a:base64Binary>mDoAAAUAAAD//v9MbQBvAHQAbwByACAAYQBzAHMAZQBtAGIAbAB5ACAAbQBpAHIAcgBvAHIALQAyAEAAYQBzAHMAZQBtAGIAbAB5ACAAVgAxAC8AcwBtAGEAbABsACAAZwBlAGEAcgAgAG4AeQBsAG8AbgAtADEAQABtAG8AdABvAHIAIABhAHMAcwBlAG0AYgBsAHkAIABtAGkAcgByAG8AcgAEAAAAEAAAAAEAAAACAAAAGAIAADAAAAA=</a:base64Binary><a:base64Binary>mDoAAAUAAAD//v9IbQBvAHQAbwByACAAYQBzAHMAZQBtAGIAbAB5ACAAbQBpAHIAcgBvAHIALQAyAEAAYQBzAHMAZQBtAGIAbAB5ACAAVgAxAC8AbQBvAHQAbwByACAAZAByAGkAdgBlAHIALQAxAEAAbQBvAHQAbwByACAAYQBzAHMAZQBtAGIAbAB5ACAAbQBpAHIAcgBvAHIABAAAABAAAAABAAAAAgAAABgCAAA5AAAA</a:base64Binary><a:base64Binary>mDoAAAUAAAD//v9KbQBvAHQAbwByACAAYQBzAHMAZQBtAGIAbAB5ACAAbQBpAHIAcgBvAHIALQAyAEAAYQBzAHMAZQBtAGIAbAB5ACAAVgAxAC8AZwBlAGEAcgBiAG8AeAAgAG0AaQByAHIAbwByAC0AMQBAAG0AbwB0AG8AcgAgAGEAcwBzAGUAbQBiAGwAeQAgAG0AaQByAHIAbwByAAQAAAAQAAAAAQAAAAIAAAAYAgAAPwAAAA==</a:base64Binary><a:base64Binary>mDoAAAUAAAD//v9FbQBvAHQAbwByACAAYQBzAHMAZQBtAGIAbAB5ACAAbQBpAHIAcgBvAHIALQAzAEAAYQBzAHMAZQBtAGIAbAB5ACAAVgAxAC8AZwBhAHMAawBlAHQAIABNADQALQAxAEAAbQBvAHQAbwByACAAYQBzAHMAZQBtAGIAbAB5ACAAbQBpAHIAcgBvAHIABAAAABAAAAABAAAAAgAAAB4CAAAdAAAA</a:base64Binary><a:base64Binary>mDoAAAUAAAD//v9AbQBvAHQAbwByACAAYQBzAHMAZQBtAGIAbAB5ACAAbQBpAHIAcgBvAHIALQAzAEAAYQBzAHMAZQBtAGIAbAB5ACAAVgAxAC8ATQA0AC0ANQAtADIAQABtAG8AdABvAHIAIABhAHMAcwBlAG0AYgBsAHkAIABtAGkAcgByAG8AcgAEAAAAEAAAAAEAAAACAAAAHgIAACsAAAA=</a:base64Binary><a:base64Binary>mDoAAAUAAAD//v9CbQBvAHQAbwByACAAYQBzAHMAZQBtAGIAbAB5ACAAbQBpAHIAcgBvAHIALQAzAEAAYQBzAHMAZQBtAGIAbAB5ACAAVgAxAC8ARQBNADQAMwAxADcALQAxAEAAbQBvAHQAbwByACAAYQBzAHMAZQBtAGIAbAB5ACAAbQBpAHIAcgBvAHIABAAAABAAAAABAAAAAgAAAB4CAAAvAAAA</a:base64Binary><a:base64Binary>mDoAAAUAAAD//v9MbQBvAHQAbwByACAAYQBzAHMAZQBtAGIAbAB5ACAAbQBpAHIAcgBvAHIALQAzAEAAYQBzAHMAZQBtAGIAbAB5ACAAVgAxAC8AcwBtAGEAbABsACAAZwBlAGEAcgAgAG4AeQBsAG8AbgAtADEAQABtAG8AdABvAHIAIABhAHMAcwBlAG0AYgBsAHkAIABtAGkAcgByAG8AcgAEAAAAEAAAAAEAAAACAAAAHgIAADAAAAA=</a:base64Binary><a:base64Binary>mDoAAAUAAAD//v9IbQBvAHQAbwByACAAYQBzAHMAZQBtAGIAbAB5ACAAbQBpAHIAcgBvAHIALQAzAEAAYQBzAHMAZQBtAGIAbAB5ACAAVgAxAC8AbQBvAHQAbwByACAAZAByAGkAdgBlAHIALQAxAEAAbQBvAHQAbwByACAAYQBzAHMAZQBtAGIAbAB5ACAAbQBpAHIAcgBvAHIABAAAABAAAAABAAAAAgAAAB4CAAA5AAAA</a:base64Binary><a:base64Binary>mDoAAAUAAAD//v9KbQBvAHQAbwByACAAYQBzAHMAZQBtAGIAbAB5ACAAbQBpAHIAcgBvAHIALQAzAEAAYQBzAHMAZQBtAGIAbAB5ACAAVgAxAC8AZwBlAGEAcgBiAG8AeAAgAG0AaQByAHIAbwByAC0AMQBAAG0AbwB0AG8AcgAgAGEAcwBzAGUAbQBiAGwAeQAgAG0AaQByAHIAbwByAAQAAAAQAAAAAQAAAAIAAAAeAgAAPwAAAA==</a:base64Binary><a:base64Binary>mDoAAAUAAAD//v81bQBvAHQAbwByACAAYQBzAHMAZQBtAGIAbAB5AC0ANABAAGEAcwBzAGUAbQBiAGwAeQAgAFYAMQAvAGcAZQBhAHIAYgBvAHgALQAxAEAAbQBvAHQAbwByACAAYQBzAHMAZQBtAGIAbAB5AAQAAAAQAAAAAQAAAAIAAAAdAgAAGQAAAA==</a:base64Binary><a:base64Binary>mDoAAAUAAAD//v83bQBvAHQAbwByACAAYQBzAHMAZQBtAGIAbAB5AC0ANABAAGEAcwBzAGUAbQBiAGwAeQAgAFYAMQAvAGcAYQBzAGsAZQB0ACAATQA0AC0AMQBAAG0AbwB0AG8AcgAgAGEAcwBzAGUAbQBiAGwAeQAEAAAAEAAAAAEAAAACAAAAHQIAAB0AAAA=</a:base64Binary><a:base64Binary>mDoAAAUAAAD//v8ybQBvAHQAbwByACAAYQBzAHMAZQBtAGIAbAB5AC0ANABAAGEAcwBzAGUAbQBiAGwAeQAgAFYAMQAvAE0ANAAtADUALQAyAEAAbQBvAHQAbwByACAAYQBzAHMAZQBtAGIAbAB5AAQAAAAQAAAAAQAAAAIAAAAdAgAAKwAAAA==</a:base64Binary><a:base64Binary>mDoAAAUAAAD//v80bQBvAHQAbwByACAAYQBzAHMAZQBtAGIAbAB5AC0ANABAAGEAcwBzAGUAbQBiAGwAeQAgAFYAMQAvAEUATQA0ADMAMQA3AC0AMQBAAG0AbwB0AG8AcgAgAGEAcwBzAGUAbQBiAGwAeQAEAAAAEAAAAAEAAAACAAAAHQIAAC8AAAA=</a:base64Binary><a:base64Binary>mDoAAAUAAAD//v8+bQBvAHQAbwByACAAYQBzAHMAZQBtAGIAbAB5AC0ANABAAGEAcwBzAGUAbQBiAGwAeQAgAFYAMQAvAHMAbQBhAGwAbAAgAGcAZQBhAHIAIABuAHkAbABvAG4ALQAxAEAAbQBvAHQAbwByACAAYQBzAHMAZQBtAGIAbAB5AAQAAAAQAAAAAQAAAAIAAAAdAgAAMAAAAA==</a:base64Binary><a:base64Binary>mDoAAAUAAAD//v86bQBvAHQAbwByACAAYQBzAHMAZQBtAGIAbAB5AC0ANABAAGEAcwBzAGUAbQBiAGwAeQAgAFYAMQAvAG0AbwB0AG8AcgAgAGQAcgBpAHYAZQByAC0AMQBAAG0AbwB0AG8AcgAgAGEAcwBzAGUAbQBiAGwAeQAEAAAAEAAAAAEAAAACAAAAHQIAADkAAAA=</a:base64Binary><a:base64Binary>mDoAAAUAAAD//v8hdQBwAHAAZQByAHAAbABhAHQAZQAgAC0AIABjAG8AcAB5AGUAZAAtADEAQABhAHMAcwBlAG0AYgBsAHkAIABWADEABAAAABAAAAABAAAAAQAAACwCAAA=</a:base64Binary><a:base64Binary>mDoAAAUAAAD//v8gYwBhAHAAYQBsAGkAYwBpAHQAeQAgAHMAdQBwAHAAbwByAHQALQAxAEAAYQBzAHMAZQBtAGIAbAB5ACAAVgAxAAQAAAAQAAAAAQAAAAEAAABpAgAA</a:base64Binary><a:base64Binary>mDoAAAUAAAD//v8XZABvAHcAbgBzAHQAcgB1AHQALQAzAEAAYQBzAHMAZQBtAGIAbAB5ACAAVgAxAAQAAAAQAAAAAQAAAAEAAABAAgAA</a:base64Binary><a:base64Binary>mDoAAAUAAAD//v8XZABvAHcAbgBzAHQAcgB1AHQALQA0AEAAYQBzAHMAZQBtAGIAbAB5ACAAVgAxAAQAAAAQAAAAAQAAAAEAAABCAgAA</a:base64Binary><a:base64Binary>mDoAAAUAAAD//v8XZABvAHcAbgBzAHQAcgB1AHQALQA2AEAAYQBzAHMAZQBtAGIAbAB5ACAAVgAxAAQAAAAQAAAAAQAAAAEAAABjAgAA</a:base64Binary><a:base64Binary>mDoAAAUAAAD//v8XZABvAHcAbgBzAHQAcgB1AHQALQA1AEAAYQBzAHMAZQBtAGIAbAB5ACAAVgAxAAQAAAAQAAAAAQAAAAEAAABhAgAA</a:base64Binary><a:base64Binary>mDoAAAUAAAD//v8gYwBhAHAAYQBsAGkAYwBpAHQAeQAgAHMAdQBwAHAAbwByAHQALQAyAEAAYQBzAHMAZQBtAGIAbAB5ACAAVgAxAAQAAAAQAAAAAQAAAAEAAABtAgAA</a:base64Binary><a:base64Binary>mDoAAAUAAAD//v8XZABvAHcAbgBzAHQAcgB1AHQALQAyAEAAYQBzAHMAZQBtAGIAbAB5ACAAVgAxAAQAAAAQAAAAAQAAAAEAAAA8AgAA</a:base64Binary><a:base64Binary>mDoAAAUAAAD//v8XZABvAHcAbgBzAHQAcgB1AHQALQAxAEAAYQBzAHMAZQBtAGIAbAB5ACAAVgAxAAQAAAAQAAAAAQAAAAEAAAA5AgAA</a:base64Binary><a:base64Binary>mDoAAAUAAAD//v8bYgBhAHQAdABlAHIAeQAgAGMAbwB2AGUAcgAtADEAQABhAHMAcwBlAG0AYgBsAHkAIABWADEABAAAABAAAAABAAAAAQAAADACAAA=</a:base64Binary><a:base64Binary>mDoAAAUAAAD//v8YdQBwAHAAZQByAHMAdAByAHUAdAAtADEAQABhAHMAcwBlAG0AYgBsAHkAIABWADEABAAAABAAAAABAAAAAQAAAHoCAAA=</a:base64Binary><a:base64Binary>mDoAAAUAAAD//v8YdQBwAHAAZQByAHMAdAByAHUAdAAtADIAQABhAHMAcwBlAG0AYgBsAHkAIABWADEABAAAABAAAAABAAAAAQAAAI0CAAA=</a:base64Binary><a:base64Binary>mDoAAAUAAAD//v8+bQBvAHUAdABoACAAYQBzAHMAZQBtAGIAbAB5AC0AMQBAAGEAcwBzAGUAbQBiAGwAeQAgAFYAMQAvAGYAbABhAHQAIABnAHUAaQBkAGUAIABiAGwAbwBjAGsALQAxAEAAbQBvAHUAdABoACAAYQBzAHMAZQBtAGIAbAB5AAQAAAAQAAAAAQAAAAIAAAAGAgAAIgAAAA==</a:base64Binary><a:base64Binary>mDoAAAUAAAD//v9FbQBvAHUAdABoACAAYQBzAHMAZQBtAGIAbAB5AC0AMQBAAGEAcwBzAGUAbQBiAGwAeQAgAFYAMQAvAGYAbABhAHQAIABnAHUAaQBkAGUAIABiAGwAbwBjAGsAIABtAGkAcgByAG8AcgAtADEAQABtAG8AdQB0AGgAIABhAHMAcwBlAG0AYgBsAHkABAAAABAAAAABAAAAAgAAAAYCAAAjAAAA</a:base64Binary><a:base64Binary>mDoAAAUAAAD//v86bQBvAHUAdABoACAAYQBzAHMAZQBtAGIAbAB5AC0AMQBAAGEAcwBzAGUAbQBiAGwAeQAgAFYAMQAvAGMAaABpAHAAIABzAHAAaQBuAGQAbABlAC0AMgBAAG0AbwB1AHQAaAAgAGEAcwBzAGUAbQBiAGwAeQAEAAAAEAAAAAEAAAACAAAABgIAACcAAAA=</a:base64Binary><a:base64Binary>mDoAAAUAAAD//v88bQBvAHUAdABoACAAYQBzAHMAZQBtAGIAbAB5AC0AMQBAAGEAcwBzAGUAbQBiAGwAeQAgAFYAMQAvAGMAaABpAHAAIABzAGgAbwBsAHYAZQBfADQANQAtADEAQABtAG8AdQB0AGgAIABhAHMAcwBlAG0AYgBsAHkABAAAABAAAAABAAAAAgAAAAYCAAAbAAAA</a:base64Binary><a:base64Binary>mDoAAAUAAAD//v89bQBvAHUAdABoACAAYQBzAHMAZQBtAGIAbAB5AC0AMQBAAGEAcwBzAGUAbQBiAGwAeQAgAFYAMQAvAGQAcgBpAGIAYgBsAGUAIABzAHAAaQBuAGQAbABlAC0AMgBAAG0AbwB1AHQAaAAgAGEAcwBzAGUAbQBiAGwAeQAEAAAAEAAAAAEAAAACAAAABgIAACgAAAA=</a:base64Binary><a:base64Binary>mDoAAAUAAAD//v89bQBvAHUAdABoACAAYQBzAHMAZQBtAGIAbAB5AC0AMQBAAGEAcwBzAGUAbQBiAGwAeQAgAFYAMQAvAGQAcgBpAGIAYgBsAGUAIABzAHAAaQBuAGQAbABlAC0AMQBAAG0AbwB1AHQAaAAgAGEAcwBzAGUAbQBiAGwAeQAEAAAAEAAAAAEAAAACAAAABgIAACEAAAA=</a:base64Binary><a:base64Binary>mDoAAAUAAAD//v86bQBvAHUAdABoACAAYQBzAHMAZQBtAGIAbAB5AC0AMQBAAGEAcwBzAGUAbQBiAGwAeQAgAFYAMQAvAGMAaABpAHAAIABzAHAAaQBuAGQAbABlAC0AMQBAAG0AbwB1AHQAaAAgAGEAcwBzAGUAbQBiAGwAeQAEAAAAEAAAAAEAAAACAAAABgIAABwAAAA=</a:base64Binary></SWComponentPIDs><SWMainComponentPID i:nil="true"/><Visual z:Ref="i16"/><isFixedFrame>false</isFixedFrame><isIncomplete>false</isIncomplete></Link>
2025-08-18 21:17:23,960 INFO  AssemblyExportForm.cs: 309 - Saving URDF package to C:\Users\FengPeiyin\Desktop\Test
2025-08-18 21:17:23,962 INFO  ExportHelper.cs: 147 - Beginning the export process
2025-08-18 21:17:23,963 INFO  ExportHelper.cs: 153 - Creating package directories with name Test and save path C:\Users\FengPeiyin\Desktop
2025-08-18 21:17:24,808 INFO  ExportHelper.cs: 162 - Creating CMakeLists.txt at C:\Users\FengPeiyin\Desktop\Test\CMakeLists.txt
2025-08-18 21:17:24,810 INFO  ExportHelper.cs: 166 - Creating joint names config at C:\Users\FengPeiyin\Desktop\Test\config\joint_names_Test.yaml
2025-08-18 21:17:24,812 INFO  ExportHelper.cs: 170 - Creating package.xml at C:\Users\FengPeiyin\Desktop\Test\package.xml
2025-08-18 21:17:24,812 INFO  PackageXMLWriter.cs: 21 - Creating package.xml at C:\Users\FengPeiyin\Desktop\Test\package.xml
2025-08-18 21:17:24,817 INFO  ExportHelper.cs: 177 - Creating RVIZ launch file in C:\Users\FengPeiyin\Desktop\Test\launch\
2025-08-18 21:17:24,820 INFO  ExportHelper.cs: 182 - Creating Gazebo launch file in C:\Users\FengPeiyin\Desktop\Test\launch\
2025-08-18 21:17:24,822 INFO  ExportHelper.cs: 187 - Saving existing STL preferences
2025-08-18 21:17:24,822 INFO  ExportHelper.cs: 450 - Saving users preferences
2025-08-18 21:17:24,824 INFO  ExportHelper.cs: 190 - Modifying STL preferences
2025-08-18 21:17:24,824 INFO  ExportHelper.cs: 464 - Setting STL preferences
2025-08-18 21:17:24,832 INFO  ExportHelper.cs: 196 - Found 1 hidden components mouth assembly-1/mouth block-1
2025-08-18 21:17:24,832 INFO  ExportHelper.cs: 197 - Hiding all components
2025-08-18 21:17:25,134 INFO  ExportHelper.cs: 204 - Beginning individual files export
2025-08-18 21:17:25,136 INFO  ExportHelper.cs: 270 - Exporting link: base_Link
2025-08-18 21:17:25,137 INFO  ExportHelper.cs: 272 - Link base_Link has 5 children
2025-08-18 21:17:25,137 INFO  ExportHelper.cs: 270 - Exporting link: wheel_0_Link
2025-08-18 21:17:25,137 INFO  ExportHelper.cs: 272 - Link wheel_0_Link has 0 children
2025-08-18 21:17:25,138 INFO  ExportHelper.cs: 317 - wheel_0_Link: Exporting STL with coordinate frame ×ø±êÏµ8
2025-08-18 21:17:25,139 INFO  ExportHelper.cs: 322 - wheel_0_Link: Reference geometry name 
2025-08-18 21:17:25,337 INFO  ExportHelper.cs: 330 - Saving STL to C:\Users\FengPeiyin\Desktop\Test\meshes\wheel_0_Link.STL
2025-08-18 21:17:25,875 INFO  ExportHelper.cs: 405 - Removing SW header in STL file
2025-08-18 21:17:25,877 INFO  ExportHelper.cs: 270 - Exporting link: wheel_1_Link
2025-08-18 21:17:25,877 INFO  ExportHelper.cs: 272 - Link wheel_1_Link has 0 children
2025-08-18 21:17:25,877 INFO  ExportHelper.cs: 317 - wheel_1_Link: Exporting STL with coordinate frame ×ø±êÏµ5
2025-08-18 21:17:25,877 INFO  ExportHelper.cs: 322 - wheel_1_Link: Reference geometry name 
2025-08-18 21:17:25,888 INFO  ExportHelper.cs: 330 - Saving STL to C:\Users\FengPeiyin\Desktop\Test\meshes\wheel_1_Link.STL
2025-08-18 21:17:26,311 INFO  ExportHelper.cs: 405 - Removing SW header in STL file
2025-08-18 21:17:26,313 INFO  ExportHelper.cs: 270 - Exporting link: wheel_2_Link
2025-08-18 21:17:26,313 INFO  ExportHelper.cs: 272 - Link wheel_2_Link has 0 children
2025-08-18 21:17:26,313 INFO  ExportHelper.cs: 317 - wheel_2_Link: Exporting STL with coordinate frame ×ø±êÏµ3
2025-08-18 21:17:26,313 INFO  ExportHelper.cs: 322 - wheel_2_Link: Reference geometry name 
2025-08-18 21:17:26,324 INFO  ExportHelper.cs: 330 - Saving STL to C:\Users\FengPeiyin\Desktop\Test\meshes\wheel_2_Link.STL
2025-08-18 21:17:26,750 INFO  ExportHelper.cs: 405 - Removing SW header in STL file
2025-08-18 21:17:26,751 INFO  ExportHelper.cs: 270 - Exporting link: wheel_3_Link
2025-08-18 21:17:26,751 INFO  ExportHelper.cs: 272 - Link wheel_3_Link has 0 children
2025-08-18 21:17:26,751 INFO  ExportHelper.cs: 317 - wheel_3_Link: Exporting STL with coordinate frame ×ø±êÏµ2
2025-08-18 21:17:26,752 INFO  ExportHelper.cs: 322 - wheel_3_Link: Reference geometry name 
2025-08-18 21:17:26,763 INFO  ExportHelper.cs: 330 - Saving STL to C:\Users\FengPeiyin\Desktop\Test\meshes\wheel_3_Link.STL
2025-08-18 21:17:27,189 INFO  ExportHelper.cs: 405 - Removing SW header in STL file
2025-08-18 21:17:27,190 INFO  ExportHelper.cs: 270 - Exporting link: mouth_Link
2025-08-18 21:17:27,190 INFO  ExportHelper.cs: 272 - Link mouth_Link has 1 children
2025-08-18 21:17:27,191 INFO  ExportHelper.cs: 270 - Exporting link: dribble_Link
2025-08-18 21:17:27,191 INFO  ExportHelper.cs: 272 - Link dribble_Link has 0 children
2025-08-18 21:17:27,191 INFO  ExportHelper.cs: 317 - dribble_Link: Exporting STL with coordinate frame ×ø±êÏµ6
2025-08-18 21:17:27,192 INFO  ExportHelper.cs: 322 - dribble_Link: Reference geometry name 
2025-08-18 21:17:27,339 INFO  ExportHelper.cs: 330 - Saving STL to C:\Users\FengPeiyin\Desktop\Test\meshes\dribble_Link.STL
2025-08-18 21:17:27,489 INFO  ExportHelper.cs: 405 - Removing SW header in STL file
2025-08-18 21:17:27,490 INFO  ExportHelper.cs: 317 - mouth_Link: Exporting STL with coordinate frame ×ø±êÏµ7
2025-08-18 21:17:27,490 INFO  ExportHelper.cs: 322 - mouth_Link: Reference geometry name 
2025-08-18 21:17:27,560 INFO  ExportHelper.cs: 330 - Saving STL to C:\Users\FengPeiyin\Desktop\Test\meshes\mouth_Link.STL
2025-08-18 21:17:27,886 INFO  ExportHelper.cs: 405 - Removing SW header in STL file
2025-08-18 21:17:27,887 INFO  ExportHelper.cs: 317 - base_Link: Exporting STL with coordinate frame ×ø±êÏµ1
2025-08-18 21:17:27,887 INFO  ExportHelper.cs: 322 - base_Link: Reference geometry name 
2025-08-18 21:17:28,427 INFO  ExportHelper.cs: 330 - Saving STL to C:\Users\FengPeiyin\Desktop\Test\meshes\base_Link.STL
2025-08-18 21:17:29,962 INFO  ExportHelper.cs: 405 - Removing SW header in STL file
2025-08-18 21:17:29,963 INFO  ExportHelper.cs: 145 - Showing all components except previously hidden components
2025-08-18 21:17:31,640 INFO  ExportHelper.cs: 145 - Resetting STL preferences
2025-08-18 21:17:31,641 INFO  ExportHelper.cs: 478 - Returning STL preferences to user preferences
2025-08-18 21:17:31,641 INFO  ExportHelper.cs: 228 - Writing URDF file to C:\Users\FengPeiyin\Desktop\Test\urdf\Test.urdf
2025-08-18 21:17:31,708 INFO  CSVImportExport.cs: 32 - Writing CSV file C:\Users\FengPeiyin\Desktop\Test\urdf\Test.csv
2025-08-18 21:17:31,722 ERROR CSVImportExport.cs: 130 - The following columns were not written to the CSV: Link.Joint.ChildLink.link,
2025-08-18 21:17:31,723 ERROR CSVImportExport.cs: 130 - The following columns were not written to the CSV: Link.Joint.ChildLink.link,
2025-08-18 21:17:31,723 ERROR CSVImportExport.cs: 130 - The following columns were not written to the CSV: Link.Joint.ChildLink.link,
2025-08-18 21:17:31,723 ERROR CSVImportExport.cs: 130 - The following columns were not written to the CSV: Link.Joint.ChildLink.link,
2025-08-18 21:17:31,724 ERROR CSVImportExport.cs: 130 - The following columns were not written to the CSV: Link.Joint.ChildLink.link,
2025-08-18 21:17:31,724 ERROR CSVImportExport.cs: 130 - The following columns were not written to the CSV: Link.Joint.ChildLink.link,
2025-08-18 21:17:31,725 ERROR CSVImportExport.cs: 130 - The following columns were not written to the CSV: Link.Joint.ChildLink.link,
2025-08-18 21:17:31,725 INFO  ExportHelper.cs: 234 - Copying log file
2025-08-18 21:17:31,727 INFO  ExportHelper.cs: 439 - Copying C:\Users\FengPeiyin\sw2urdf_logs\sw2urdf.log to C:\Users\FengPeiyin\Desktop\Test\export.log
